movie,release_date,genre,averagerating,numvotes,production_budget,worldwide_gross,profit
Foodfight!,"Dec 31, 2012",Action,1.9,8248,45000000.0,73706.0,-44926294.0
Foodfight!,"Dec 31, 2012",Animation,1.9,8248,45000000.0,73706.0,-44926294.0
Foodfight!,"Dec 31, 2012",Comedy,1.9,8248,45000000.0,73706.0,-44926294.0
On the Road,"Mar 22, 2013",Adventure,6.1,37886,25000000.0,9313302.0,-15686698.0
On the Road,"Mar 22, 2013",Drama,6.1,37886,25000000.0,9313302.0,-15686698.0
On the Road,"Mar 22, 2013",Romance,6.1,37886,25000000.0,9313302.0,-15686698.0
The Secret Life of Walter Mitty,"Dec 25, 2013",Adventure,7.3,275300,91000000.0,187861183.0,96861183.0
The Secret Life of Walter Mitty,"Dec 25, 2013",Comedy,7.3,275300,91000000.0,187861183.0,96861183.0
The Secret Life of Walter Mitty,"Dec 25, 2013",Drama,7.3,275300,91000000.0,187861183.0,96861183.0
A Walk Among the Tombstones,"Sep 19, 2014",Action,6.5,105116,28000000.0,62108587.0,34108587.0
A Walk Among the Tombstones,"Sep 19, 2014",Crime,6.5,105116,28000000.0,62108587.0,34108587.0
A Walk Among the Tombstones,"Sep 19, 2014",Drama,6.5,105116,28000000.0,62108587.0,34108587.0
Jurassic World,"Jun 12, 2015",Action,7.0,539338,215000000.0,1648854864.0,1433854864.0
Jurassic World,"Jun 12, 2015",Adventure,7.0,539338,215000000.0,1648854864.0,1433854864.0
Jurassic World,"Jun 12, 2015",Sci-Fi,7.0,539338,215000000.0,1648854864.0,1433854864.0
The Rum Diary,"Oct 28, 2011",Comedy,6.2,94787,45000000.0,21544732.0,-23455268.0
The Rum Diary,"Oct 28, 2011",Drama,6.2,94787,45000000.0,21544732.0,-23455268.0
The Three Stooges,"Apr 13, 2012",Comedy,5.1,28570,30000000.0,54052249.0,24052249.0
The Three Stooges,"Apr 13, 2012",Family,5.1,28570,30000000.0,54052249.0,24052249.0
Anderson's Cross,"Dec 31, 2010",Comedy,5.5,106,300000.0,0.0,-300000.0
Anderson's Cross,"Dec 31, 2010",Drama,5.5,106,300000.0,0.0,-300000.0
Anderson's Cross,"Dec 31, 2010",Romance,5.5,106,300000.0,0.0,-300000.0
Tangled,"Nov 24, 2010",Adventure,7.8,366366,260000000.0,586477240.0,326477240.0
Tangled,"Nov 24, 2010",Animation,7.8,366366,260000000.0,586477240.0,326477240.0
Tangled,"Nov 24, 2010",Comedy,7.8,366366,260000000.0,586477240.0,326477240.0
John Carter,"Mar 9, 2012",Action,6.6,241792,275000000.0,282778100.0,7778100.0
John Carter,"Mar 9, 2012",Adventure,6.6,241792,275000000.0,282778100.0,7778100.0
John Carter,"Mar 9, 2012",Sci-Fi,6.6,241792,275000000.0,282778100.0,7778100.0
Action Jackson,"Feb 12, 1988",Action,3.3,2862,7000000.0,20257000.0,13257000.0
Action Jackson,"Feb 12, 1988",Thriller,3.3,2862,7000000.0,20257000.0,13257000.0
Dinner for Schmucks,"Jul 30, 2010",Comedy,5.9,91546,69000000.0,86796502.0,17796502.0
The A-Team,"Jun 11, 2010",Action,6.8,235256,110000000.0,177241171.0,67241171.0
The A-Team,"Jun 11, 2010",Adventure,6.8,235256,110000000.0,177241171.0,67241171.0
The A-Team,"Jun 11, 2010",Thriller,6.8,235256,110000000.0,177241171.0,67241171.0
The Possession,"Aug 31, 2012",Horror,5.9,53649,14000000.0,82925064.0,68925064.0
The Possession,"Aug 31, 2012",Mystery,5.9,53649,14000000.0,82925064.0,68925064.0
The Possession,"Aug 31, 2012",Thriller,5.9,53649,14000000.0,82925064.0,68925064.0
Real Steel,"Oct 7, 2011",Action,7.1,283534,110000000.0,263880341.0,153880341.0
Real Steel,"Oct 7, 2011",Drama,7.1,283534,110000000.0,263880341.0,153880341.0
Real Steel,"Oct 7, 2011",Family,7.1,283534,110000000.0,263880341.0,153880341.0
The Giver,"Aug 15, 2014",Drama,6.5,104999,25000000.0,66540205.0,41540205.0
The Giver,"Aug 15, 2014",Romance,6.5,104999,25000000.0,66540205.0,41540205.0
The Giver,"Aug 15, 2014",Sci-Fi,6.5,104999,25000000.0,66540205.0,41540205.0
Toy Story 3,"Jun 18, 2010",Adventure,8.3,682218,200000000.0,1068879522.0,868879522.0
Toy Story 3,"Jun 18, 2010",Animation,8.3,682218,200000000.0,1068879522.0,868879522.0
Toy Story 3,"Jun 18, 2010",Comedy,8.3,682218,200000000.0,1068879522.0,868879522.0
Alita: Battle Angel,"Feb 14, 2019",Action,7.5,88207,170000000.0,402976036.0,232976036.0
Alita: Battle Angel,"Feb 14, 2019",Adventure,7.5,88207,170000000.0,402976036.0,232976036.0
Alita: Battle Angel,"Feb 14, 2019",Sci-Fi,7.5,88207,170000000.0,402976036.0,232976036.0
Lincoln,"Nov 9, 2012",Biography,7.4,228701,65000000.0,273346281.0,208346281.0
Lincoln,"Nov 9, 2012",Drama,7.4,228701,65000000.0,273346281.0,208346281.0
Lincoln,"Nov 9, 2012",History,7.4,228701,65000000.0,273346281.0,208346281.0
Before We Go,"Sep 4, 2015",Comedy,6.8,45181,3000000.0,483938.0,-2516062.0
Before We Go,"Sep 4, 2015",Drama,6.8,45181,3000000.0,483938.0,-2516062.0
Before We Go,"Sep 4, 2015",Romance,6.8,45181,3000000.0,483938.0,-2516062.0
The History of Love,"Nov 18, 2016",Drama,6.3,1024,20000000.0,476624.0,-19523376.0
The History of Love,"Nov 18, 2016",Romance,6.3,1024,20000000.0,476624.0,-19523376.0
The History of Love,"Nov 18, 2016",War,6.3,1024,20000000.0,476624.0,-19523376.0
Shazam!,"Apr 5, 2019",Action,7.4,109051,85000000.0,362899733.0,277899733.0
Shazam!,"Apr 5, 2019",Adventure,7.4,109051,85000000.0,362899733.0,277899733.0
Shazam!,"Apr 5, 2019",Comedy,7.4,109051,85000000.0,362899733.0,277899733.0
Puss in Boots,"Oct 28, 2011",Action,6.6,133355,130000000.0,554987477.0,424987477.0
Puss in Boots,"Oct 28, 2011",Adventure,6.6,133355,130000000.0,554987477.0,424987477.0
Puss in Boots,"Oct 28, 2011",Animation,6.6,133355,130000000.0,554987477.0,424987477.0
Wonder Woman,"Jun 2, 2017",Action,7.5,487527,150000000.0,821133378.0,671133378.0
Wonder Woman,"Jun 2, 2017",Adventure,7.5,487527,150000000.0,821133378.0,671133378.0
Wonder Woman,"Jun 2, 2017",Fantasy,7.5,487527,150000000.0,821133378.0,671133378.0
42,"Apr 12, 2013",Biography,7.5,77703,31000000.0,97470701.0,66470701.0
42,"Apr 12, 2013",Drama,7.5,77703,31000000.0,97470701.0,66470701.0
42,"Apr 12, 2013",Sport,7.5,77703,31000000.0,97470701.0,66470701.0
Life of Pi,"Nov 21, 2012",Adventure,7.9,535836,120000000.0,620912003.0,500912003.0
Life of Pi,"Nov 21, 2012",Drama,7.9,535836,120000000.0,620912003.0,500912003.0
Life of Pi,"Nov 21, 2012",Fantasy,7.9,535836,120000000.0,620912003.0,500912003.0
The Crazies,"Feb 26, 2010",Horror,6.5,104465,19000000.0,56445534.0,37445534.0
The Crazies,"Feb 26, 2010",Thriller,6.5,104465,19000000.0,56445534.0,37445534.0
The Equalizer,"Sep 26, 2014",Action,7.2,302302,55000000.0,192903624.0,137903624.0
The Equalizer,"Sep 26, 2014",Crime,7.2,302302,55000000.0,192903624.0,137903624.0
The Equalizer,"Sep 26, 2014",Thriller,7.2,302302,55000000.0,192903624.0,137903624.0
Captain America: The First Avenger,"Jul 22, 2011",Action,6.9,668137,140000000.0,370569776.0,230569776.0
Captain America: The First Avenger,"Jul 22, 2011",Adventure,6.9,668137,140000000.0,370569776.0,230569776.0
Captain America: The First Avenger,"Jul 22, 2011",Sci-Fi,6.9,668137,140000000.0,370569776.0,230569776.0
Sin City: A Dame to Kill For,"Aug 22, 2014",Crime,6.5,140666,65000000.0,40650842.0,-24349158.0
Sin City: A Dame to Kill For,"Aug 22, 2014",Thriller,6.5,140666,65000000.0,40650842.0,-24349158.0
House at the End of the Drive,"Dec 31, 2014",Horror,6.5,331,1400000.0,0.0,-1400000.0
House at the End of the Drive,"Dec 31, 2014",Thriller,6.5,331,1400000.0,0.0,-1400000.0
Piranha 3D,"Aug 20, 2010",Comedy,5.4,81327,24000000.0,83660160.0,59660160.0
Piranha 3D,"Aug 20, 2010",Horror,5.4,81327,24000000.0,83660160.0,59660160.0
Margaret,"Sep 30, 2011",Drama,6.5,14708,14000000.0,623292.0,-13376708.0
Ex Machina,"Apr 10, 2015",Drama,7.7,424542,13000000.0,38358392.0,25358392.0
Ex Machina,"Apr 10, 2015",Mystery,7.7,424542,13000000.0,38358392.0,25358392.0
Ex Machina,"Apr 10, 2015",Sci-Fi,7.7,424542,13000000.0,38358392.0,25358392.0
Tower Heist,"Nov 4, 2011",Action,6.2,125102,85000000.0,150422946.0,65422946.0
Tower Heist,"Nov 4, 2011",Comedy,6.2,125102,85000000.0,150422946.0,65422946.0
Tower Heist,"Nov 4, 2011",Crime,6.2,125102,85000000.0,150422946.0,65422946.0
The Smurfs,"Jul 29, 2011",Adventure,5.5,77577,110000000.0,563749323.0,453749323.0
The Smurfs,"Jul 29, 2011",Animation,5.5,77577,110000000.0,563749323.0,453749323.0
The Smurfs,"Jul 29, 2011",Comedy,5.5,77577,110000000.0,563749323.0,453749323.0
The Mechanic,"Jan 28, 2011",Action,6.6,141254,42500000.0,76347393.0,33847393.0
The Mechanic,"Jan 28, 2011",Crime,6.6,141254,42500000.0,76347393.0,33847393.0
The Mechanic,"Jan 28, 2011",Thriller,6.6,141254,42500000.0,76347393.0,33847393.0
"Hail, Caesar!","Feb 5, 2016",Comedy,6.3,111422,22000000.0,64160680.0,42160680.0
"Hail, Caesar!","Feb 5, 2016",Drama,6.3,111422,22000000.0,64160680.0,42160680.0
"Hail, Caesar!","Feb 5, 2016",Music,6.3,111422,22000000.0,64160680.0,42160680.0
Unstoppable,"Nov 12, 2010",Action,6.8,173019,95000000.0,165720921.0,70720921.0
Unstoppable,"Nov 12, 2010",Thriller,6.8,173019,95000000.0,165720921.0,70720921.0
The Tree of Life,"May 27, 2011",Drama,6.8,156266,35000000.0,61721826.0,26721826.0
The Tree of Life,"May 27, 2011",Fantasy,6.8,156266,35000000.0,61721826.0,26721826.0
Ant-Man,"Jul 17, 2015",Action,7.3,501213,130000000.0,518858449.0,388858449.0
Ant-Man,"Jul 17, 2015",Adventure,7.3,501213,130000000.0,518858449.0,388858449.0
Ant-Man,"Jul 17, 2015",Comedy,7.3,501213,130000000.0,518858449.0,388858449.0
Season of the Witch,"Jan 7, 2011",Action,5.4,85777,40000000.0,91126600.0,51126600.0
Season of the Witch,"Jan 7, 2011",Adventure,5.4,85777,40000000.0,91126600.0,51126600.0
Season of the Witch,"Jan 7, 2011",Fantasy,5.4,85777,40000000.0,91126600.0,51126600.0
The Losers,"Apr 23, 2010",Action,6.4,83876,25000000.0,29863840.0,4863840.0
The Losers,"Apr 23, 2010",Adventure,6.4,83876,25000000.0,29863840.0,4863840.0
The Losers,"Apr 23, 2010",Crime,6.4,83876,25000000.0,29863840.0,4863840.0
Hall Pass,"Feb 25, 2011",Comedy,5.9,113775,68000000.0,87173475.0,19173475.0
Hall Pass,"Feb 25, 2011",Romance,5.9,113775,68000000.0,87173475.0,19173475.0
The Croods,"Mar 22, 2013",Action,7.2,176699,135000000.0,573068425.0,438068425.0
The Croods,"Mar 22, 2013",Adventure,7.2,176699,135000000.0,573068425.0,438068425.0
The Croods,"Mar 22, 2013",Animation,7.2,176699,135000000.0,573068425.0,438068425.0
Barry Munday,"Oct 1, 2010",Comedy,5.9,3846,3000000.0,0.0,-3000000.0
Barry Munday,"Oct 1, 2010",Drama,5.9,3846,3000000.0,0.0,-3000000.0
Barry Munday,"Oct 1, 2010",Romance,5.9,3846,3000000.0,0.0,-3000000.0
Red Tails,"Jan 20, 2012",Action,5.9,31815,58000000.0,50365498.0,-7634502.0
Red Tails,"Jan 20, 2012",Adventure,5.9,31815,58000000.0,50365498.0,-7634502.0
Red Tails,"Jan 20, 2012",Drama,5.9,31815,58000000.0,50365498.0,-7634502.0
Silence,"Dec 23, 2016",Adventure,7.2,85242,46500000.0,23726626.0,-22773374.0
Silence,"Dec 23, 2016",Drama,7.2,85242,46500000.0,23726626.0,-22773374.0
Silence,"Dec 23, 2016",History,7.2,85242,46500000.0,23726626.0,-22773374.0
Something Borrowed,"May 6, 2011",Comedy,5.9,54314,35000000.0,65084116.0,30084116.0
Something Borrowed,"May 6, 2011",Drama,5.9,54314,35000000.0,65084116.0,30084116.0
Something Borrowed,"May 6, 2011",Romance,5.9,54314,35000000.0,65084116.0,30084116.0
Tulip Fever,"Sep 1, 2017",Drama,6.2,15037,25000000.0,6792768.0,-18207232.0
Tulip Fever,"Sep 1, 2017",History,6.2,15037,25000000.0,6792768.0,-18207232.0
Tulip Fever,"Sep 1, 2017",Romance,6.2,15037,25000000.0,6792768.0,-18207232.0
Furry Vengeance,"Apr 30, 2010",Comedy,3.8,14700,35000000.0,39340177.0,4340177.0
Furry Vengeance,"Apr 30, 2010",Family,3.8,14700,35000000.0,39340177.0,4340177.0
Ramona and Beezus,"Jul 23, 2010",Adventure,6.6,16086,15000000.0,27469621.0,12469621.0
Ramona and Beezus,"Jul 23, 2010",Comedy,6.6,16086,15000000.0,27469621.0,12469621.0
Ramona and Beezus,"Jul 23, 2010",Family,6.6,16086,15000000.0,27469621.0,12469621.0
Rings,"Feb 3, 2017",Drama,4.5,34151,25000000.0,82917283.0,57917283.0
Rings,"Feb 3, 2017",Horror,4.5,34151,25000000.0,82917283.0,57917283.0
Rings,"Feb 3, 2017",Mystery,4.5,34151,25000000.0,82917283.0,57917283.0
A Thousand Words,"Mar 9, 2012",Comedy,5.9,36387,40000000.0,20790486.0,-19209514.0
A Thousand Words,"Mar 9, 2012",Drama,5.9,36387,40000000.0,20790486.0,-19209514.0
What's Your Number?,"Sep 30, 2011",Comedy,6.1,67922,20000000.0,30163785.0,10163785.0
What's Your Number?,"Sep 30, 2011",Romance,6.1,67922,20000000.0,30163785.0,10163785.0
Samsara,"Aug 24, 2012",Documentary,8.5,29725,4000000.0,5966671.0,1966671.0
Samsara,"Aug 24, 2012",Music,8.5,29725,4000000.0,5966671.0,1966671.0
Man of Steel,"Jun 14, 2013",Action,7.1,647288,225000000.0,667999518.0,442999518.0
Man of Steel,"Jun 14, 2013",Adventure,7.1,647288,225000000.0,667999518.0,442999518.0
Man of Steel,"Jun 14, 2013",Sci-Fi,7.1,647288,225000000.0,667999518.0,442999518.0
The Illusionist,"Aug 18, 2006",Animation,7.5,31734,16500000.0,83792062.0,67292062.0
The Illusionist,"Aug 18, 2006",Drama,7.5,31734,16500000.0,83792062.0,67292062.0
Drive,"Sep 16, 2011",Crime,7.8,521495,15000000.0,81357930.0,66357930.0
Drive,"Sep 16, 2011",Drama,7.8,521495,15000000.0,81357930.0,66357930.0
The Wolfman,"Feb 12, 2010",Drama,5.8,97873,150000000.0,142634358.0,-7365642.0
The Wolfman,"Feb 12, 2010",Fantasy,5.8,97873,150000000.0,142634358.0,-7365642.0
The Wolfman,"Feb 12, 2010",Horror,5.8,97873,150000000.0,142634358.0,-7365642.0
The Boxtrolls,"Sep 26, 2014",Adventure,6.8,50763,60000000.0,111946251.0,51946251.0
The Boxtrolls,"Sep 26, 2014",Animation,6.8,50763,60000000.0,111946251.0,51946251.0
The Boxtrolls,"Sep 26, 2014",Comedy,6.8,50763,60000000.0,111946251.0,51946251.0
The Man Who Knew Infinity,"Apr 29, 2016",Biography,7.2,43575,10000000.0,12382122.0,2382122.0
The Man Who Knew Infinity,"Apr 29, 2016",Drama,7.2,43575,10000000.0,12382122.0,2382122.0
The Incredible Burt Wonderstone,"Mar 15, 2013",Adventure,5.9,67549,32000000.0,27392609.0,-4607391.0
The Incredible Burt Wonderstone,"Mar 15, 2013",Comedy,5.9,67549,32000000.0,27392609.0,-4607391.0
The Incredible Burt Wonderstone,"Mar 15, 2013",Fantasy,5.9,67549,32000000.0,27392609.0,-4607391.0
Dallas Buyers Club,"Nov 1, 2013",Biography,8.0,402462,5000000.0,60611845.0,55611845.0
Dallas Buyers Club,"Nov 1, 2013",Drama,8.0,402462,5000000.0,60611845.0,55611845.0
Jack Reacher,"Dec 21, 2012",Action,7.0,284547,60000000.0,217370736.0,157370736.0
Jack Reacher,"Dec 21, 2012",Crime,7.0,284547,60000000.0,217370736.0,157370736.0
Jack Reacher,"Dec 21, 2012",Thriller,7.0,284547,60000000.0,217370736.0,157370736.0
R.I.P.D.,"Jul 19, 2013",Action,5.6,109078,130000000.0,79076678.0,-50923322.0
R.I.P.D.,"Jul 19, 2013",Adventure,5.6,109078,130000000.0,79076678.0,-50923322.0
R.I.P.D.,"Jul 19, 2013",Comedy,5.6,109078,130000000.0,79076678.0,-50923322.0
Clash of the Titans,"Apr 1, 2010",Action,5.8,256176,125000000.0,493214888.0,368214888.0
Clash of the Titans,"Jun 12, 1981",Action,5.8,256176,15000000.0,44400000.0,29400000.0
Clash of the Titans,"Apr 1, 2010",Adventure,5.8,256176,125000000.0,493214888.0,368214888.0
Clash of the Titans,"Jun 12, 1981",Adventure,5.8,256176,15000000.0,44400000.0,29400000.0
Clash of the Titans,"Apr 1, 2010",Fantasy,5.8,256176,125000000.0,493214888.0,368214888.0
Clash of the Titans,"Jun 12, 1981",Fantasy,5.8,256176,15000000.0,44400000.0,29400000.0
Thor,"May 6, 2011",Action,7.0,683264,150000000.0,449326618.0,299326618.0
Thor,"May 6, 2011",Adventure,7.0,683264,150000000.0,449326618.0,299326618.0
Thor,"May 6, 2011",Fantasy,7.0,683264,150000000.0,449326618.0,299326618.0
Red Dog,"Dec 31, 2011",Biography,7.4,15357,9100000.0,20927794.0,11827794.0
Red Dog,"Dec 31, 2011",Comedy,7.4,15357,9100000.0,20927794.0,11827794.0
Red Dog,"Dec 31, 2011",Drama,7.4,15357,9100000.0,20927794.0,11827794.0
Warcraft,"Jun 10, 2016",Action,6.9,225557,160000000.0,425522281.0,265522281.0
Warcraft,"Jun 10, 2016",Adventure,6.9,225557,160000000.0,425522281.0,265522281.0
Warcraft,"Jun 10, 2016",Fantasy,6.9,225557,160000000.0,425522281.0,265522281.0
It's Kind of a Funny Story,"Oct 8, 2010",Comedy,7.1,125583,8000000.0,6632950.0,-1367050.0
It's Kind of a Funny Story,"Oct 8, 2010",Drama,7.1,125583,8000000.0,6632950.0,-1367050.0
It's Kind of a Funny Story,"Oct 8, 2010",Romance,7.1,125583,8000000.0,6632950.0,-1367050.0
The Mule,"Dec 14, 2018",Comedy,6.2,653,50000000.0,170857676.0,120857676.0
The Mule,"Dec 14, 2018",Drama,6.2,653,50000000.0,170857676.0,120857676.0
Tooth Fairy,"Jan 22, 2010",Comedy,5.0,37939,48000000.0,112610386.0,64610386.0
Tooth Fairy,"Jan 22, 2010",Family,5.0,37939,48000000.0,112610386.0,64610386.0
Tooth Fairy,"Jan 22, 2010",Fantasy,5.0,37939,48000000.0,112610386.0,64610386.0
Jack and Jill,"Nov 11, 2011",Comedy,3.3,71361,79000000.0,150519217.0,71519217.0
Take Me Home Tonight,"Mar 4, 2011",Comedy,6.3,48393,19000000.0,7576604.0,-11423396.0
Take Me Home Tonight,"Mar 4, 2011",Drama,6.3,48393,19000000.0,7576604.0,-11423396.0
Take Me Home Tonight,"Mar 4, 2011",Romance,6.3,48393,19000000.0,7576604.0,-11423396.0
Percy Jackson & the Olympians: The Lightning Thief,"Feb 12, 2010",Adventure,5.9,165108,95000000.0,223050874.0,128050874.0
Percy Jackson & the Olympians: The Lightning Thief,"Feb 12, 2010",Family,5.9,165108,95000000.0,223050874.0,128050874.0
Percy Jackson & the Olympians: The Lightning Thief,"Feb 12, 2010",Fantasy,5.9,165108,95000000.0,223050874.0,128050874.0
She's Out of My League,"Mar 12, 2010",Comedy,6.4,117245,20000000.0,48680977.0,28680977.0
She's Out of My League,"Mar 12, 2010",Romance,6.4,117245,20000000.0,48680977.0,28680977.0
The Book Thief,"Nov 8, 2013",Drama,7.6,119023,19000000.0,76086711.0,57086711.0
The Book Thief,"Nov 8, 2013",War,7.6,119023,19000000.0,76086711.0,57086711.0
Conan the Barbarian,"Aug 19, 2011",Action,5.2,90834,90000000.0,63356133.0,-26643867.0
Conan the Barbarian,"May 14, 1982",Action,5.2,90834,20000000.0,79114085.0,59114085.0
Conan the Barbarian,"Aug 19, 2011",Adventure,5.2,90834,90000000.0,63356133.0,-26643867.0
Conan the Barbarian,"May 14, 1982",Adventure,5.2,90834,20000000.0,79114085.0,59114085.0
Conan the Barbarian,"Aug 19, 2011",Fantasy,5.2,90834,90000000.0,63356133.0,-26643867.0
Conan the Barbarian,"May 14, 1982",Fantasy,5.2,90834,20000000.0,79114085.0,59114085.0
Interstellar,"Nov 5, 2014",Adventure,8.6,1299334,165000000.0,666379375.0,501379375.0
Interstellar,"Nov 5, 2014",Drama,8.6,1299334,165000000.0,666379375.0,501379375.0
Interstellar,"Nov 5, 2014",Sci-Fi,8.6,1299334,165000000.0,666379375.0,501379375.0
World War Z,"Jun 21, 2013",Action,7.0,553751,190000000.0,531514650.0,341514650.0
World War Z,"Jun 21, 2013",Adventure,7.0,553751,190000000.0,531514650.0,341514650.0
World War Z,"Jun 21, 2013",Horror,7.0,553751,190000000.0,531514650.0,341514650.0
Flipped,"Aug 6, 2010",Comedy,7.7,74937,14000000.0,4289993.0,-9710007.0
Flipped,"Aug 6, 2010",Drama,7.7,74937,14000000.0,4289993.0,-9710007.0
Flipped,"Aug 6, 2010",Romance,7.7,74937,14000000.0,4289993.0,-9710007.0
Valentine's Day,"Feb 12, 2010",Comedy,5.7,107171,52000000.0,217569328.0,165569328.0
Valentine's Day,"Feb 12, 2010",Romance,5.7,107171,52000000.0,217569328.0,165569328.0
Priest,"May 13, 2011",Action,5.7,108320,60000000.0,84154026.0,24154026.0
Priest,"May 13, 2011",Adventure,5.7,108320,60000000.0,84154026.0,24154026.0
Priest,"May 13, 2011",Fantasy,5.7,108320,60000000.0,84154026.0,24154026.0
Dracula Untold,"Oct 10, 2014",Action,6.3,164829,70000000.0,220241723.0,150241723.0
Dracula Untold,"Oct 10, 2014",Drama,6.3,164829,70000000.0,220241723.0,150241723.0
Dracula Untold,"Oct 10, 2014",Fantasy,6.3,164829,70000000.0,220241723.0,150241723.0
Godzilla,"May 16, 2014",Action,6.4,350687,160000000.0,529076069.0,369076069.0
Godzilla,"May 19, 1998",Action,6.4,350687,125000000.0,376000000.0,251000000.0
Godzilla,"May 16, 2014",Adventure,6.4,350687,160000000.0,529076069.0,369076069.0
Godzilla,"May 19, 1998",Adventure,6.4,350687,125000000.0,376000000.0,251000000.0
Godzilla,"May 16, 2014",Sci-Fi,6.4,350687,160000000.0,529076069.0,369076069.0
Godzilla,"May 19, 1998",Sci-Fi,6.4,350687,125000000.0,376000000.0,251000000.0
Hotel Transylvania,"Sep 28, 2012",Animation,7.1,204571,85000000.0,378505812.0,293505812.0
Hotel Transylvania,"Sep 28, 2012",Comedy,7.1,204571,85000000.0,378505812.0,293505812.0
Hotel Transylvania,"Sep 28, 2012",Family,7.1,204571,85000000.0,378505812.0,293505812.0
Pet Sematary,"Apr 5, 2019",Horror,6.0,34472,21000000.0,109501146.0,88501146.0
Pet Sematary,"Apr 21, 1989",Horror,6.0,34472,11500000.0,57469179.0,45969179.0
Pet Sematary,"Apr 5, 2019",Mystery,6.0,34472,21000000.0,109501146.0,88501146.0
Pet Sematary,"Apr 21, 1989",Mystery,6.0,34472,11500000.0,57469179.0,45969179.0
Pet Sematary,"Apr 5, 2019",Thriller,6.0,34472,21000000.0,109501146.0,88501146.0
Pet Sematary,"Apr 21, 1989",Thriller,6.0,34472,11500000.0,57469179.0,45969179.0
The Town,"Sep 17, 2010",Crime,7.6,322524,37000000.0,152566881.0,115566881.0
The Town,"Sep 17, 2010",Drama,7.6,322524,37000000.0,152566881.0,115566881.0
The Town,"Sep 17, 2010",Thriller,7.6,322524,37000000.0,152566881.0,115566881.0
The Kids Are All Right,"Jul 9, 2010",Comedy,7.0,120656,4000000.0,36275469.0,32275469.0
The Kids Are All Right,"Jul 9, 2010",Drama,7.0,120656,4000000.0,36275469.0,32275469.0
The Kids Are All Right,"Jul 9, 2010",Romance,7.0,120656,4000000.0,36275469.0,32275469.0
The Avengers,"May 4, 2012",Action,8.1,1183655,225000000.0,1517935897.0,1292935897.0
The Avengers,"Aug 14, 1998",Action,8.1,1183655,60000000.0,48585416.0,-11414584.0
The Avengers,"May 4, 2012",Adventure,8.1,1183655,225000000.0,1517935897.0,1292935897.0
The Avengers,"Aug 14, 1998",Adventure,8.1,1183655,60000000.0,48585416.0,-11414584.0
The Avengers,"May 4, 2012",Sci-Fi,8.1,1183655,225000000.0,1517935897.0,1292935897.0
The Avengers,"Aug 14, 1998",Sci-Fi,8.1,1183655,60000000.0,48585416.0,-11414584.0
Epic,"May 24, 2013",Adventure,6.7,95318,100000000.0,262794441.0,162794441.0
Epic,"May 24, 2013",Animation,6.7,95318,100000000.0,262794441.0,162794441.0
Epic,"May 24, 2013",Family,6.7,95318,100000000.0,262794441.0,162794441.0
Risen,"Feb 19, 2016",Biography,5.3,182,20000000.0,46255763.0,26255763.0
Risen,"Feb 19, 2016",Drama,5.3,182,20000000.0,46255763.0,26255763.0
The Sweeney,"Mar 1, 2013",Action,6.1,18095,4500000.0,8000366.0,3500366.0
The Sweeney,"Mar 1, 2013",Crime,6.1,18095,4500000.0,8000366.0,3500366.0
The Sweeney,"Mar 1, 2013",Drama,6.1,18095,4500000.0,8000366.0,3500366.0
Mr. Peabody & Sherman,"Mar 7, 2014",Adventure,6.8,57277,145000000.0,269806430.0,124806430.0
Mr. Peabody & Sherman,"Mar 7, 2014",Animation,6.8,57277,145000000.0,269806430.0,124806430.0
Mr. Peabody & Sherman,"Mar 7, 2014",Comedy,6.8,57277,145000000.0,269806430.0,124806430.0
My Soul to Take,"Oct 8, 2010",Horror,4.8,18381,25000000.0,16727470.0,-8272530.0
My Soul to Take,"Oct 8, 2010",Mystery,4.8,18381,25000000.0,16727470.0,-8272530.0
My Soul to Take,"Oct 8, 2010",Thriller,4.8,18381,25000000.0,16727470.0,-8272530.0
Red State,"Sep 23, 2011",Action,6.2,59266,4000000.0,1983596.0,-2016404.0
Red State,"Sep 23, 2011",Crime,6.2,59266,4000000.0,1983596.0,-2016404.0
Red State,"Sep 23, 2011",Horror,6.2,59266,4000000.0,1983596.0,-2016404.0
Please Give,"Apr 30, 2010",Comedy,6.6,10652,3000000.0,4570178.0,1570178.0
Please Give,"Apr 30, 2010",Drama,6.6,10652,3000000.0,4570178.0,1570178.0
Eat Pray Love,"Aug 13, 2010",Drama,5.8,77709,60000000.0,206598789.0,146598789.0
Eat Pray Love,"Aug 13, 2010",Romance,5.8,77709,60000000.0,206598789.0,146598789.0
Sanctum,"Feb 4, 2011",Adventure,5.9,51318,30000000.0,108957098.0,78957098.0
Sanctum,"Feb 4, 2011",Drama,5.9,51318,30000000.0,108957098.0,78957098.0
Sanctum,"Feb 4, 2011",Thriller,5.9,51318,30000000.0,108957098.0,78957098.0
Snitch,"Feb 22, 2013",Action,6.5,78142,15000000.0,57907734.0,42907734.0
Snitch,"Dec 31, 2012",Action,6.5,78142,850000.0,0.0,-850000.0
Snitch,"Feb 22, 2013",Drama,6.5,78142,15000000.0,57907734.0,42907734.0
Snitch,"Dec 31, 2012",Drama,6.5,78142,850000.0,0.0,-850000.0
Snitch,"Feb 22, 2013",Thriller,6.5,78142,15000000.0,57907734.0,42907734.0
Snitch,"Dec 31, 2012",Thriller,6.5,78142,850000.0,0.0,-850000.0
The Wedding Ringer,"Jan 16, 2015",Comedy,6.7,66893,23000000.0,80171596.0,57171596.0
The Switch,"Aug 20, 2010",Comedy,6.1,90661,19000000.0,49858465.0,30858465.0
The Switch,"Aug 20, 2010",Drama,6.1,90661,19000000.0,49858465.0,30858465.0
The Switch,"Aug 20, 2010",Romance,6.1,90661,19000000.0,49858465.0,30858465.0
Letters to Juliet,"May 14, 2010",Adventure,6.6,86137,30000000.0,82148538.0,52148538.0
Letters to Juliet,"May 14, 2010",Comedy,6.6,86137,30000000.0,82148538.0,52148538.0
Letters to Juliet,"May 14, 2010",Drama,6.6,86137,30000000.0,82148538.0,52148538.0
How to Train Your Dragon,"Mar 26, 2010",Action,8.1,611299,165000000.0,494870992.0,329870992.0
How to Train Your Dragon,"Mar 26, 2010",Adventure,8.1,611299,165000000.0,494870992.0,329870992.0
How to Train Your Dragon,"Mar 26, 2010",Animation,8.1,611299,165000000.0,494870992.0,329870992.0
Shrek Forever After,"May 21, 2010",Adventure,6.3,167532,165000000.0,756244673.0,591244673.0
Shrek Forever After,"May 21, 2010",Animation,6.3,167532,165000000.0,756244673.0,591244673.0
Shrek Forever After,"May 21, 2010",Comedy,6.3,167532,165000000.0,756244673.0,591244673.0
The Hobbit: An Unexpected Journey,"Dec 14, 2012",Adventure,7.9,719629,250000000.0,1017003568.0,767003568.0
The Hobbit: An Unexpected Journey,"Dec 14, 2012",Family,7.9,719629,250000000.0,1017003568.0,767003568.0
The Hobbit: An Unexpected Journey,"Dec 14, 2012",Fantasy,7.9,719629,250000000.0,1017003568.0,767003568.0
The Thing,"Oct 14, 2011",Horror,6.2,111900,38000000.0,27573078.0,-10426922.0
The Thing,"Oct 14, 2011",Mystery,6.2,111900,38000000.0,27573078.0,-10426922.0
The Thing,"Oct 14, 2011",Sci-Fi,6.2,111900,38000000.0,27573078.0,-10426922.0
The Legend of Tarzan,"Jul 1, 2016",Action,6.3,150154,180000000.0,348902025.0,168902025.0
The Legend of Tarzan,"Jul 1, 2016",Adventure,6.3,150154,180000000.0,348902025.0,168902025.0
The Legend of Tarzan,"Jul 1, 2016",Drama,6.3,150154,180000000.0,348902025.0,168902025.0
The Dead Undead,"Dec 31, 2010",Action,3.0,791,1100000.0,0.0,-1100000.0
The Dead Undead,"Dec 31, 2010",Horror,3.0,791,1100000.0,0.0,-1100000.0
The Dead Undead,"Dec 31, 2010",Sci-Fi,3.0,791,1100000.0,0.0,-1100000.0
Rabbit Hole,"Dec 17, 2010",Drama,7.0,45357,5000000.0,6205034.0,1205034.0
The Last Airbender,"Jul 1, 2010",Action,4.1,137734,150000000.0,319713881.0,169713881.0
The Last Airbender,"Jul 1, 2010",Adventure,4.1,137734,150000000.0,319713881.0,169713881.0
The Last Airbender,"Jul 1, 2010",Family,4.1,137734,150000000.0,319713881.0,169713881.0
Freaky Deaky,"Dec 31, 2011",Comedy,6.1,6088,6000000.0,0.0,-6000000.0
Freaky Deaky,"Dec 31, 2011",Crime,6.1,6088,6000000.0,0.0,-6000000.0
Freaky Deaky,"Dec 31, 2011",Thriller,6.1,6088,6000000.0,0.0,-6000000.0
Salt,"Jul 23, 2010",Action,6.4,277204,130000000.0,290650494.0,160650494.0
Salt,"Jul 23, 2010",Mystery,6.4,277204,130000000.0,290650494.0,160650494.0
Salt,"Jul 23, 2010",Thriller,6.4,277204,130000000.0,290650494.0,160650494.0
Source Code,"Apr 1, 2011",Action,7.5,452036,32000000.0,140428499.0,108428499.0
Source Code,"Apr 1, 2011",Drama,7.5,452036,32000000.0,140428499.0,108428499.0
Source Code,"Apr 1, 2011",Sci-Fi,7.5,452036,32000000.0,140428499.0,108428499.0
Black Swan,"Dec 3, 2010",Drama,8.0,648854,13000000.0,331266710.0,318266710.0
Black Swan,"Dec 3, 2010",Thriller,8.0,648854,13000000.0,331266710.0,318266710.0
Green Zone,"Mar 12, 2010",Action,6.8,122132,100000000.0,97523020.0,-2476980.0
Green Zone,"Mar 12, 2010",Drama,6.8,122132,100000000.0,97523020.0,-2476980.0
Green Zone,"Mar 12, 2010",Thriller,6.8,122132,100000000.0,97523020.0,-2476980.0
The Amazing Spider-Man,"Jul 3, 2012",Action,7.0,525632,220000000.0,757890267.0,537890267.0
The Amazing Spider-Man,"Jul 3, 2012",Adventure,7.0,525632,220000000.0,757890267.0,537890267.0
The Amazing Spider-Man,"Jul 3, 2012",Sci-Fi,7.0,525632,220000000.0,757890267.0,537890267.0
The Killer Inside Me,"Jun 18, 2010",Crime,6.1,31727,13000000.0,3617277.0,-9382723.0
The Killer Inside Me,"Jun 18, 2010",Drama,6.1,31727,13000000.0,3617277.0,-9382723.0
The Killer Inside Me,"Jun 18, 2010",Horror,6.1,31727,13000000.0,3617277.0,-9382723.0
Robin Hood,"May 14, 2010",Action,6.6,239480,210000000.0,322459006.0,112459006.0
Robin Hood,"Nov 21, 2018",Action,6.6,239480,99000000.0,84747441.0,-14252559.0
Robin Hood,"May 14, 2010",Adventure,6.6,239480,210000000.0,322459006.0,112459006.0
Robin Hood,"Nov 21, 2018",Adventure,6.6,239480,99000000.0,84747441.0,-14252559.0
Robin Hood,"May 14, 2010",Drama,6.6,239480,210000000.0,322459006.0,112459006.0
Robin Hood,"Nov 21, 2018",Drama,6.6,239480,99000000.0,84747441.0,-14252559.0
Reach Me,"Nov 21, 2014",Comedy,4.9,2304,5000000.0,0.0,-5000000.0
Reach Me,"Nov 21, 2014",Crime,4.9,2304,5000000.0,0.0,-5000000.0
Reach Me,"Nov 21, 2014",Drama,4.9,2304,5000000.0,0.0,-5000000.0
Nine Dead,"Dec 31, 2009",Crime,5.5,11358,2000000.0,0.0,-2000000.0
Nine Dead,"Dec 31, 2009",Drama,5.5,11358,2000000.0,0.0,-2000000.0
Nine Dead,"Dec 31, 2009",Horror,5.5,11358,2000000.0,0.0,-2000000.0
The Sorcerer's Apprentice,"Jul 14, 2010",Action,6.1,143862,160000000.0,217986320.0,57986320.0
The Sorcerer's Apprentice,"Jul 14, 2010",Adventure,6.1,143862,160000000.0,217986320.0,57986320.0
The Sorcerer's Apprentice,"Jul 14, 2010",Family,6.1,143862,160000000.0,217986320.0,57986320.0
The Fighter,"Dec 10, 2010",Biography,7.8,316539,11000000.0,129262388.0,118262388.0
The Fighter,"Dec 10, 2010",Drama,7.8,316539,11000000.0,129262388.0,118262388.0
The Fighter,"Dec 10, 2010",Sport,7.8,316539,11000000.0,129262388.0,118262388.0
The Conspirator,"Apr 15, 2011",Crime,6.9,26416,25000000.0,15907411.0,-9092589.0
The Conspirator,"Apr 15, 2011",Drama,6.9,26416,25000000.0,15907411.0,-9092589.0
The Conspirator,"Apr 15, 2011",History,6.9,26416,25000000.0,15907411.0,-9092589.0
Hugo,"Nov 23, 2011",Adventure,7.5,284869,180000000.0,180047784.0,47784.0
Hugo,"Nov 23, 2011",Drama,7.5,284869,180000000.0,180047784.0,47784.0
Hugo,"Nov 23, 2011",Family,7.5,284869,180000000.0,180047784.0,47784.0
Little Fockers,"Dec 22, 2010",Comedy,5.5,99222,100000000.0,310650574.0,210650574.0
Little Fockers,"Dec 22, 2010",Romance,5.5,99222,100000000.0,310650574.0,210650574.0
Justice League,"Nov 17, 2017",Action,6.5,329135,300000000.0,655945209.0,355945209.0
Justice League,"Nov 17, 2017",Adventure,6.5,329135,300000000.0,655945209.0,355945209.0
Justice League,"Nov 17, 2017",Fantasy,6.5,329135,300000000.0,655945209.0,355945209.0
Fair Game,"Nov 3, 1995",Biography,6.8,43862,50000000.0,26097497.0,-23902503.0
Fair Game,"Nov 3, 1995",Drama,6.8,43862,50000000.0,26097497.0,-23902503.0
Fair Game,"Nov 3, 1995",Thriller,6.8,43862,50000000.0,26097497.0,-23902503.0
Sucker Punch,"Mar 25, 2011",Action,6.1,218371,75000000.0,89758389.0,14758389.0
Sucker Punch,"Mar 25, 2011",Adventure,6.1,218371,75000000.0,89758389.0,14758389.0
Sucker Punch,"Mar 25, 2011",Fantasy,6.1,218371,75000000.0,89758389.0,14758389.0
Lottery Ticket,"Aug 20, 2010",Comedy,5.0,10042,17000000.0,24719879.0,7719879.0
The Chronicles of Narnia: The Voyage of the Dawn Treader,"Dec 10, 2010",Adventure,6.3,129663,155000000.0,418186950.0,263186950.0
The Chronicles of Narnia: The Voyage of the Dawn Treader,"Dec 10, 2010",Family,6.3,129663,155000000.0,418186950.0,263186950.0
The Chronicles of Narnia: The Voyage of the Dawn Treader,"Dec 10, 2010",Fantasy,6.3,129663,155000000.0,418186950.0,263186950.0
The Adventures of Tintin,"Dec 21, 2011",Action,7.3,202430,130000000.0,373993951.0,243993951.0
The Adventures of Tintin,"Dec 21, 2011",Adventure,7.3,202430,130000000.0,373993951.0,243993951.0
The Adventures of Tintin,"Dec 21, 2011",Animation,7.3,202430,130000000.0,373993951.0,243993951.0
Machete,"Sep 3, 2010",Action,6.6,182320,12500000.0,46370970.0,33870970.0
Machete,"Sep 3, 2010",Crime,6.6,182320,12500000.0,46370970.0,33870970.0
Machete,"Sep 3, 2010",Thriller,6.6,182320,12500000.0,46370970.0,33870970.0
Dear John,"Feb 5, 2010",Drama,6.3,128657,25000000.0,142033509.0,117033509.0
Dear John,"Feb 5, 2010",Romance,6.3,128657,25000000.0,142033509.0,117033509.0
Dear John,"Feb 5, 2010",War,6.3,128657,25000000.0,142033509.0,117033509.0
Detention,"Apr 13, 2012",Horror,3.0,889,10000000.0,0.0,-10000000.0
Detention,"Apr 13, 2012",Thriller,3.0,889,10000000.0,0.0,-10000000.0
The Green Hornet,"Jan 14, 2011",Action,5.8,148622,110000000.0,229155503.0,119155503.0
The Green Hornet,"Jan 14, 2011",Comedy,5.8,148622,110000000.0,229155503.0,119155503.0
The Green Hornet,"Jan 14, 2011",Crime,5.8,148622,110000000.0,229155503.0,119155503.0
Hanna,"Apr 8, 2011",Action,6.8,179178,30000000.0,65343694.0,35343694.0
Hanna,"Apr 8, 2011",Drama,6.8,179178,30000000.0,65343694.0,35343694.0
Hanna,"Apr 8, 2011",Thriller,6.8,179178,30000000.0,65343694.0,35343694.0
The Wolf of Wall Street,"Dec 25, 2013",Biography,8.2,1035358,100000000.0,389870414.0,289870414.0
The Wolf of Wall Street,"Dec 25, 2013",Crime,8.2,1035358,100000000.0,389870414.0,289870414.0
The Wolf of Wall Street,"Dec 25, 2013",Drama,8.2,1035358,100000000.0,389870414.0,289870414.0
Straw Dogs,"Sep 16, 2011",Action,5.8,30924,25000000.0,11253821.0,-13746179.0
Straw Dogs,"Sep 16, 2011",Drama,5.8,30924,25000000.0,11253821.0,-13746179.0
Straw Dogs,"Sep 16, 2011",Thriller,5.8,30924,25000000.0,11253821.0,-13746179.0
Megamind,"Nov 5, 2010",Action,7.3,207488,130000000.0,321887208.0,191887208.0
Megamind,"Nov 5, 2010",Animation,7.3,207488,130000000.0,321887208.0,191887208.0
Megamind,"Nov 5, 2010",Comedy,7.3,207488,130000000.0,321887208.0,191887208.0
The Young Messiah,"Mar 11, 2016",Drama,5.6,2882,16800000.0,7313697.0,-9486303.0
The Young Messiah,"Mar 11, 2016",Fantasy,5.6,2882,16800000.0,7313697.0,-9486303.0
The Iron Lady,"Jan 13, 2012",Biography,6.4,96066,14000000.0,115592104.0,101592104.0
The Iron Lady,"Jan 13, 2012",Drama,6.4,96066,14000000.0,115592104.0,101592104.0
Knight and Day,"Jun 23, 2010",Action,6.3,169840,117000000.0,258751370.0,141751370.0
Knight and Day,"Jun 23, 2010",Adventure,6.3,169840,117000000.0,258751370.0,141751370.0
Knight and Day,"Jun 23, 2010",Comedy,6.3,169840,117000000.0,258751370.0,141751370.0
Dylan Dog: Dead of Night,"Apr 29, 2011",Action,5.1,14120,20000000.0,6093725.0,-13906275.0
Dylan Dog: Dead of Night,"Apr 29, 2011",Comedy,5.1,14120,20000000.0,6093725.0,-13906275.0
Dylan Dog: Dead of Night,"Apr 29, 2011",Crime,5.1,14120,20000000.0,6093725.0,-13906275.0
Alice in Wonderland,"Mar 5, 2010",Adventure,6.5,358813,200000000.0,1025491110.0,825491110.0
Alice in Wonderland,"Jul 28, 1951",Adventure,6.5,358813,3000000.0,0.0,-3000000.0
Alice in Wonderland,"Mar 5, 2010",Family,6.5,358813,200000000.0,1025491110.0,825491110.0
Alice in Wonderland,"Jul 28, 1951",Family,6.5,358813,3000000.0,0.0,-3000000.0
Alice in Wonderland,"Mar 5, 2010",Fantasy,6.5,358813,200000000.0,1025491110.0,825491110.0
Alice in Wonderland,"Jul 28, 1951",Fantasy,6.5,358813,3000000.0,0.0,-3000000.0
Child 44,"Apr 17, 2015",Crime,6.5,59477,50000000.0,8004221.0,-41995779.0
Child 44,"Apr 17, 2015",Drama,6.5,59477,50000000.0,8004221.0,-41995779.0
Child 44,"Apr 17, 2015",History,6.5,59477,50000000.0,8004221.0,-41995779.0
The Sisterhood of Night,"Apr 10, 2015",Drama,6.2,1888,1000000.0,6870.0,-993130.0
The Sisterhood of Night,"Apr 10, 2015",Mystery,6.2,1888,1000000.0,6870.0,-993130.0
The Sisterhood of Night,"Apr 10, 2015",Thriller,6.2,1888,1000000.0,6870.0,-993130.0
The Runaways,"Mar 19, 2010",Biography,6.6,43792,9500000.0,5278632.0,-4221368.0
The Runaways,"Mar 19, 2010",Drama,6.6,43792,9500000.0,5278632.0,-4221368.0
The Runaways,"Mar 19, 2010",Music,6.6,43792,9500000.0,5278632.0,-4221368.0
Selma,"Jan 9, 2015",Biography,7.5,77633,20000000.0,66776576.0,46776576.0
Selma,"Jan 9, 2015",Drama,7.5,77633,20000000.0,66776576.0,46776576.0
Selma,"Jan 9, 2015",History,7.5,77633,20000000.0,66776576.0,46776576.0
Centurion,"Aug 27, 2010",Action,6.4,74085,15000000.0,7885048.0,-7114952.0
Centurion,"Aug 27, 2010",Adventure,6.4,74085,15000000.0,7885048.0,-7114952.0
Centurion,"Aug 27, 2010",Drama,6.4,74085,15000000.0,7885048.0,-7114952.0
Argo,"Oct 12, 2012",Biography,7.7,534683,44500000.0,227140757.0,182640757.0
Argo,"Oct 12, 2012",Drama,7.7,534683,44500000.0,227140757.0,182640757.0
Argo,"Oct 12, 2012",Thriller,7.7,534683,44500000.0,227140757.0,182640757.0
Secretariat,"Oct 8, 2010",Biography,7.2,24536,35000000.0,60376247.0,25376247.0
Secretariat,"Oct 8, 2010",Drama,7.2,24536,35000000.0,60376247.0,25376247.0
Secretariat,"Oct 8, 2010",Family,7.2,24536,35000000.0,60376247.0,25376247.0
Poltergeist,"May 22, 2015",Horror,4.9,51538,35000000.0,95713069.0,60713069.0
Poltergeist,"Jun 4, 1982",Horror,4.9,51538,10700000.0,121706019.0,111006019.0
Poltergeist,"May 22, 2015",Thriller,4.9,51538,35000000.0,95713069.0,60713069.0
Poltergeist,"Jun 4, 1982",Thriller,4.9,51538,10700000.0,121706019.0,111006019.0
The Warrior's Way,"Dec 3, 2010",Action,6.3,24271,42000000.0,8514325.0,-33485675.0
The Warrior's Way,"Dec 3, 2010",Fantasy,6.3,24271,42000000.0,8514325.0,-33485675.0
The Warrior's Way,"Dec 3, 2010",Western,6.3,24271,42000000.0,8514325.0,-33485675.0
The Descendants,"Nov 16, 2011",Comedy,7.3,223464,20000000.0,175507800.0,155507800.0
The Descendants,"Nov 16, 2011",Drama,7.3,223464,20000000.0,175507800.0,155507800.0
The Eagle,"Feb 11, 2011",Action,6.2,61475,25000000.0,38993548.0,13993548.0
The Eagle,"Feb 11, 2011",Adventure,6.2,61475,25000000.0,38993548.0,13993548.0
The Eagle,"Feb 11, 2011",Drama,6.2,61475,25000000.0,38993548.0,13993548.0
Suspiria,"Oct 26, 2018",Fantasy,6.8,37360,20000000.0,7034615.0,-12965385.0
Suspiria,"Oct 26, 2018",Horror,6.8,37360,20000000.0,7034615.0,-12965385.0
Suspiria,"Oct 26, 2018",Mystery,6.8,37360,20000000.0,7034615.0,-12965385.0
The Book of Eli,"Jan 15, 2010",Action,6.9,271307,80000000.0,158750817.0,78750817.0
The Book of Eli,"Jan 15, 2010",Adventure,6.9,271307,80000000.0,158750817.0,78750817.0
The Book of Eli,"Jan 15, 2010",Drama,6.9,271307,80000000.0,158750817.0,78750817.0
Legion,"Jan 22, 2010",Action,5.2,92709,26000000.0,67647574.0,41647574.0
Legion,"Jan 22, 2010",Fantasy,5.2,92709,26000000.0,67647574.0,41647574.0
Legion,"Jan 22, 2010",Horror,5.2,92709,26000000.0,67647574.0,41647574.0
The Bounty Hunter,"Mar 19, 2010",Action,5.6,112444,45000000.0,135808837.0,90808837.0
The Bounty Hunter,"Mar 19, 2010",Comedy,5.6,112444,45000000.0,135808837.0,90808837.0
The Bounty Hunter,"Mar 19, 2010",Romance,5.6,112444,45000000.0,135808837.0,90808837.0
The Nutcracker in 3D,"Nov 24, 2010",Action,4.3,3119,90000000.0,20466016.0,-69533984.0
The Nutcracker in 3D,"Nov 24, 2010",Family,4.3,3119,90000000.0,20466016.0,-69533984.0
The Nutcracker in 3D,"Nov 24, 2010",Fantasy,4.3,3119,90000000.0,20466016.0,-69533984.0
The Legend of Hercules,"Jan 10, 2014",Action,4.2,50352,70000000.0,58953319.0,-11046681.0
The Legend of Hercules,"Jan 10, 2014",Adventure,4.2,50352,70000000.0,58953319.0,-11046681.0
The Legend of Hercules,"Jan 10, 2014",Fantasy,4.2,50352,70000000.0,58953319.0,-11046681.0
Silver Linings Playbook,"Nov 16, 2012",Comedy,7.7,621018,21000000.0,236412453.0,215412453.0
Silver Linings Playbook,"Nov 16, 2012",Drama,7.7,621018,21000000.0,236412453.0,215412453.0
Silver Linings Playbook,"Nov 16, 2012",Romance,7.7,621018,21000000.0,236412453.0,215412453.0
Parental Guidance,"Dec 25, 2012",Comedy,6.1,23711,25000000.0,120832383.0,95832383.0
Parental Guidance,"Dec 25, 2012",Family,6.1,23711,25000000.0,120832383.0,95832383.0
Goosebumps,"Oct 16, 2015",Adventure,6.3,72858,58000000.0,158905324.0,100905324.0
Goosebumps,"Oct 16, 2015",Comedy,6.3,72858,58000000.0,158905324.0,100905324.0
Goosebumps,"Oct 16, 2015",Family,6.3,72858,58000000.0,158905324.0,100905324.0
Repo Men,"Mar 19, 2010",Action,6.3,96144,32000000.0,18195238.0,-13804762.0
Repo Men,"Mar 19, 2010",Crime,6.3,96144,32000000.0,18195238.0,-13804762.0
Repo Men,"Mar 19, 2010",Sci-Fi,6.3,96144,32000000.0,18195238.0,-13804762.0
The Big Year,"Oct 14, 2011",Comedy,6.2,39522,41000000.0,7684524.0,-33315476.0
Life as We Know It,"Oct 8, 2010",Comedy,6.6,113077,38000000.0,105887837.0,67887837.0
Life as We Know It,"Oct 8, 2010",Drama,6.6,113077,38000000.0,105887837.0,67887837.0
Life as We Know It,"Oct 8, 2010",Romance,6.6,113077,38000000.0,105887837.0,67887837.0
Boyhood,"Jul 11, 2014",Drama,7.9,315584,4000000.0,57273049.0,53273049.0
Water for Elephants,"Apr 22, 2011",Drama,6.9,105812,38000000.0,116809717.0,78809717.0
Water for Elephants,"Apr 22, 2011",Romance,6.9,105812,38000000.0,116809717.0,78809717.0
Monte Carlo,"Jul 1, 2011",Adventure,5.8,38731,20000000.0,39686769.0,19686769.0
Monte Carlo,"Jul 1, 2011",Comedy,5.8,38731,20000000.0,39686769.0,19686769.0
Monte Carlo,"Jul 1, 2011",Family,5.8,38731,20000000.0,39686769.0,19686769.0
Footloose,"Oct 14, 2011",Comedy,5.9,43251,24000000.0,62989834.0,38989834.0
Footloose,"Feb 17, 1984",Comedy,5.9,43251,8200000.0,80000000.0,71800000.0
Footloose,"Oct 14, 2011",Drama,5.9,43251,24000000.0,62989834.0,38989834.0
Footloose,"Feb 17, 1984",Drama,5.9,43251,8200000.0,80000000.0,71800000.0
Footloose,"Oct 14, 2011",Music,5.9,43251,24000000.0,62989834.0,38989834.0
Footloose,"Feb 17, 1984",Music,5.9,43251,8200000.0,80000000.0,71800000.0
Good Intentions,"Dec 31, 2009",Comedy,5.2,605,10000000.0,0.0,-10000000.0
Ghost Rider: Spirit of Vengeance,"Feb 17, 2012",Action,4.3,103608,57000000.0,149217355.0,92217355.0
Ghost Rider: Spirit of Vengeance,"Feb 17, 2012",Fantasy,4.3,103608,57000000.0,149217355.0,92217355.0
Ghost Rider: Spirit of Vengeance,"Feb 17, 2012",Thriller,4.3,103608,57000000.0,149217355.0,92217355.0
Winchester,"Feb 2, 2018",Biography,5.4,24351,3500000.0,44378040.0,40878040.0
Winchester,"Feb 2, 2018",Drama,5.4,24351,3500000.0,44378040.0,40878040.0
Winchester,"Feb 2, 2018",Fantasy,5.4,24351,3500000.0,44378040.0,40878040.0
Skyfall,"Nov 8, 2012",Action,7.8,592221,200000000.0,1110526981.0,910526981.0
Skyfall,"Nov 8, 2012",Adventure,7.8,592221,200000000.0,1110526981.0,910526981.0
Skyfall,"Nov 8, 2012",Thriller,7.8,592221,200000000.0,1110526981.0,910526981.0
Jonah Hex,"Jun 18, 2010",Action,4.7,51860,47000000.0,11022696.0,-35977304.0
Jonah Hex,"Jun 18, 2010",Drama,4.7,51860,47000000.0,11022696.0,-35977304.0
Jonah Hex,"Jun 18, 2010",Fantasy,4.7,51860,47000000.0,11022696.0,-35977304.0
Dark Shadows,"May 11, 2012",Comedy,6.2,229818,150000000.0,238202668.0,88202668.0
Dark Shadows,"May 11, 2012",Fantasy,6.2,229818,150000000.0,238202668.0,88202668.0
Dark Shadows,"May 11, 2012",Horror,6.2,229818,150000000.0,238202668.0,88202668.0
The Belko Experiment,"Mar 17, 2017",Horror,6.1,38378,5000000.0,11792942.0,6792942.0
The Belko Experiment,"Mar 17, 2017",Thriller,6.1,38378,5000000.0,11792942.0,6792942.0
Eddie the Eagle,"Feb 26, 2016",Biography,7.4,75331,23000000.0,45060480.0,22060480.0
Eddie the Eagle,"Feb 26, 2016",Comedy,7.4,75331,23000000.0,45060480.0,22060480.0
Eddie the Eagle,"Feb 26, 2016",Drama,7.4,75331,23000000.0,45060480.0,22060480.0
The Prince,"Aug 22, 2014",Action,4.6,16048,18000000.0,0.0,-18000000.0
The Prince,"Aug 22, 2014",Thriller,4.6,16048,18000000.0,0.0,-18000000.0
Blended,"May 23, 2014",Comedy,6.5,106491,45000000.0,127990741.0,82990741.0
Blended,"May 23, 2014",Romance,6.5,106491,45000000.0,127990741.0,82990741.0
Lone Survivor,"Dec 25, 2013",Action,7.5,246641,40000000.0,149804632.0,109804632.0
Lone Survivor,"Dec 25, 2013",Biography,7.5,246641,40000000.0,149804632.0,109804632.0
Lone Survivor,"Dec 25, 2013",Drama,7.5,246641,40000000.0,149804632.0,109804632.0
Noah,"Mar 28, 2014",Animation,5.6,223,130000000.0,352831065.0,222831065.0
Paul,"Mar 18, 2011",Adventure,7.0,220567,40000000.0,101162106.0,61162106.0
Paul,"Mar 18, 2011",Comedy,7.0,220567,40000000.0,101162106.0,61162106.0
Paul,"Mar 18, 2011",Sci-Fi,7.0,220567,40000000.0,101162106.0,61162106.0
Shanghai,"Oct 2, 2015",Crime,6.4,8662,50000000.0,15505922.0,-34494078.0
Shanghai,"Oct 2, 2015",Drama,6.4,8662,50000000.0,15505922.0,-34494078.0
Shanghai,"Oct 2, 2015",Mystery,6.4,8662,50000000.0,15505922.0,-34494078.0
The Darkest Hour,"Dec 25, 2011",Action,4.9,55071,34800000.0,62831715.0,28031715.0
The Darkest Hour,"Dec 25, 2011",Adventure,4.9,55071,34800000.0,62831715.0,28031715.0
The Darkest Hour,"Dec 25, 2011",Horror,4.9,55071,34800000.0,62831715.0,28031715.0
The Hammer,"Mar 21, 2008",Biography,7.0,1613,850000.0,442638.0,-407362.0
The Hammer,"Mar 21, 2008",Drama,7.0,1613,850000.0,442638.0,-407362.0
The Hammer,"Mar 21, 2008",Sport,7.0,1613,850000.0,442638.0,-407362.0
Killers,"Jun 4, 2010",Action,5.4,82237,75000000.0,95572749.0,20572749.0
Killers,"Jun 4, 2010",Comedy,5.4,82237,75000000.0,95572749.0,20572749.0
Killers,"Jun 4, 2010",Romance,5.4,82237,75000000.0,95572749.0,20572749.0
Ca$h,"Dec 31, 2008",Crime,6.0,8605,13700000.0,11738256.0,-1961744.0
Ca$h,"Mar 26, 2010",Crime,6.0,8605,7000000.0,46488.0,-6953512.0
Ca$h,"Dec 31, 2008",Thriller,6.0,8605,13700000.0,11738256.0,-1961744.0
Ca$h,"Mar 26, 2010",Thriller,6.0,8605,7000000.0,46488.0,-6953512.0
Paddington,"Jan 16, 2015",Adventure,7.2,84679,55000000.0,258789097.0,203789097.0
Paddington,"Jan 16, 2015",Comedy,7.2,84679,55000000.0,258789097.0,203789097.0
Paddington,"Jan 16, 2015",Family,7.2,84679,55000000.0,258789097.0,203789097.0
Jackass 3D,"Oct 15, 2010",Action,7.0,53289,20000000.0,171685793.0,151685793.0
Jackass 3D,"Oct 15, 2010",Comedy,7.0,53289,20000000.0,171685793.0,151685793.0
Jackass 3D,"Oct 15, 2010",Documentary,7.0,53289,20000000.0,171685793.0,151685793.0
Blue Valentine,"Dec 29, 2010",Drama,7.4,170089,1000000.0,16566240.0,15566240.0
Blue Valentine,"Dec 29, 2010",Romance,7.4,170089,1000000.0,16566240.0,15566240.0
Seventh Son,"Feb 6, 2015",Action,5.5,66565,95000000.0,108874967.0,13874967.0
Seventh Son,"Feb 6, 2015",Adventure,5.5,66565,95000000.0,108874967.0,13874967.0
Seventh Son,"Feb 6, 2015",Fantasy,5.5,66565,95000000.0,108874967.0,13874967.0
The Ides of March,"Oct 7, 2011",Drama,7.1,207417,23000000.0,77735925.0,54735925.0
The Ides of March,"Oct 7, 2011",Thriller,7.1,207417,23000000.0,77735925.0,54735925.0
Free State of Jones,"Jun 24, 2016",Action,6.9,45135,50000000.0,23237252.0,-26762748.0
Free State of Jones,"Jun 24, 2016",Biography,6.9,45135,50000000.0,23237252.0,-26762748.0
Free State of Jones,"Jun 24, 2016",Drama,6.9,45135,50000000.0,23237252.0,-26762748.0
Love Ranch,"Jun 30, 2010",Biography,5.6,2742,25000000.0,146149.0,-24853851.0
Love Ranch,"Jun 30, 2010",Comedy,5.6,2742,25000000.0,146149.0,-24853851.0
Love Ranch,"Jun 30, 2010",Drama,5.6,2742,25000000.0,146149.0,-24853851.0
Big Eyes,"Dec 25, 2014",Biography,7.0,77447,10000000.0,27317872.0,17317872.0
Big Eyes,"Dec 25, 2014",Crime,7.0,77447,10000000.0,27317872.0,17317872.0
Big Eyes,"Dec 25, 2014",Drama,7.0,77447,10000000.0,27317872.0,17317872.0
Burlesque,"Nov 24, 2010",Drama,6.4,71021,55000000.0,90552675.0,35552675.0
Burlesque,"Nov 24, 2010",Music,6.4,71021,55000000.0,90552675.0,35552675.0
Burlesque,"Nov 24, 2010",Musical,6.4,71021,55000000.0,90552675.0,35552675.0
Morning Glory,"Nov 10, 2010",Comedy,6.5,67367,40000000.0,59795070.0,19795070.0
Morning Glory,"Nov 10, 2010",Drama,6.5,67367,40000000.0,59795070.0,19795070.0
Morning Glory,"Nov 10, 2010",Romance,6.5,67367,40000000.0,59795070.0,19795070.0
Circle,"Aug 27, 2010",Horror,3.4,610,2000000.0,10024.0,-1989976.0
Circle,"Aug 27, 2010",Thriller,3.4,610,2000000.0,10024.0,-1989976.0
Shutter Island,"Feb 19, 2010",Mystery,8.1,1005960,80000000.0,299461782.0,219461782.0
Shutter Island,"Feb 19, 2010",Thriller,8.1,1005960,80000000.0,299461782.0,219461782.0
The 5th Quarter,"Mar 25, 2011",Biography,5.7,1379,6000000.0,408159.0,-5591841.0
The 5th Quarter,"Mar 25, 2011",Drama,5.7,1379,6000000.0,408159.0,-5591841.0
The 5th Quarter,"Mar 25, 2011",Sport,5.7,1379,6000000.0,408159.0,-5591841.0
Green Lantern,"Jun 17, 2011",Action,5.5,252281,200000000.0,219535492.0,19535492.0
Green Lantern,"Jun 17, 2011",Adventure,5.5,252281,200000000.0,219535492.0,19535492.0
Green Lantern,"Jun 17, 2011",Sci-Fi,5.5,252281,200000000.0,219535492.0,19535492.0
Takers,"Aug 27, 2010",Action,6.2,53377,32000000.0,70587268.0,38587268.0
Takers,"Aug 27, 2010",Crime,6.2,53377,32000000.0,70587268.0,38587268.0
Takers,"Aug 27, 2010",Thriller,6.2,53377,32000000.0,70587268.0,38587268.0
Death Wish,"Mar 2, 2018",Action,6.4,50279,30000000.0,48575965.0,18575965.0
Death Wish,"Mar 2, 2018",Crime,6.4,50279,30000000.0,48575965.0,18575965.0
Death Wish,"Mar 2, 2018",Drama,6.4,50279,30000000.0,48575965.0,18575965.0
Accidental Love,"Mar 17, 2015",Comedy,4.1,7048,26000000.0,135436.0,-25864564.0
Accidental Love,"Mar 17, 2015",Romance,4.1,7048,26000000.0,135436.0,-25864564.0
The Ghost Writer,"Feb 19, 2010",Drama,7.2,148274,45000000.0,65532491.0,20532491.0
The Ghost Writer,"Feb 19, 2010",Mystery,7.2,148274,45000000.0,65532491.0,20532491.0
The Ghost Writer,"Feb 19, 2010",Thriller,7.2,148274,45000000.0,65532491.0,20532491.0
Frankenweenie,"Oct 5, 2012",Animation,7.0,89489,39000000.0,81150788.0,42150788.0
Frankenweenie,"Oct 5, 2012",Comedy,7.0,89489,39000000.0,81150788.0,42150788.0
Frankenweenie,"Oct 5, 2012",Family,7.0,89489,39000000.0,81150788.0,42150788.0
After,"Dec 31, 2012",Drama,4.7,129,650000.0,0.0,-650000.0
After,"Dec 31, 2012",Mystery,4.7,129,650000.0,0.0,-650000.0
Beastly,"Mar 4, 2011",Drama,5.6,72599,17000000.0,38028230.0,21028230.0
Beastly,"Mar 4, 2011",Fantasy,5.6,72599,17000000.0,38028230.0,21028230.0
Beastly,"Mar 4, 2011",Romance,5.6,72599,17000000.0,38028230.0,21028230.0
Freakonomics,"Oct 1, 2010",Documentary,6.4,6466,2900000.0,172867.0,-2727133.0
The Karate Kid,"Jun 11, 2010",Action,6.2,146401,40000000.0,351774938.0,311774938.0
The Karate Kid,"Jun 22, 1984",Action,6.2,146401,8000000.0,90815558.0,82815558.0
The Karate Kid,"Jun 11, 2010",Drama,6.2,146401,40000000.0,351774938.0,311774938.0
The Karate Kid,"Jun 22, 1984",Drama,6.2,146401,8000000.0,90815558.0,82815558.0
The Karate Kid,"Jun 11, 2010",Family,6.2,146401,40000000.0,351774938.0,311774938.0
The Karate Kid,"Jun 22, 1984",Family,6.2,146401,8000000.0,90815558.0,82815558.0
The Rite,"Jan 28, 2011",Drama,6.0,85604,37000000.0,97143987.0,60143987.0
The Rite,"Jan 28, 2011",Horror,6.0,85604,37000000.0,97143987.0,60143987.0
The Rite,"Jan 28, 2011",Mystery,6.0,85604,37000000.0,97143987.0,60143987.0
Biutiful,"Jan 28, 2011",Drama,7.5,80382,35000000.0,24687524.0,-10312476.0
Biutiful,"Jan 28, 2011",Romance,7.5,80382,35000000.0,24687524.0,-10312476.0
The Hobbit: The Desolation of Smaug,"Dec 13, 2013",Adventure,7.8,565563,250000000.0,960366855.0,710366855.0
The Hobbit: The Desolation of Smaug,"Dec 13, 2013",Fantasy,7.8,565563,250000000.0,960366855.0,710366855.0
Baggage Claim,"Sep 27, 2013",Comedy,5.1,8296,8500000.0,22885836.0,14385836.0
All Good Things,"Dec 3, 2010",Crime,6.3,49684,20000000.0,873617.0,-19126383.0
All Good Things,"Dec 3, 2010",Drama,6.3,49684,20000000.0,873617.0,-19126383.0
All Good Things,"Dec 3, 2010",Mystery,6.3,49684,20000000.0,873617.0,-19126383.0
A Walk in the Woods,"Sep 2, 2015",Adventure,6.3,22033,8000000.0,37119358.0,29119358.0
A Walk in the Woods,"Sep 2, 2015",Biography,6.3,22033,8000000.0,37119358.0,29119358.0
A Walk in the Woods,"Sep 2, 2015",Comedy,6.3,22033,8000000.0,37119358.0,29119358.0
A Nightmare on Elm Street,"Apr 30, 2010",Crime,5.2,85497,35000000.0,117729621.0,82729621.0
A Nightmare on Elm Street,"Nov 9, 1984",Crime,5.2,85497,1800000.0,25504513.0,23704513.0
A Nightmare on Elm Street,"Apr 30, 2010",Drama,5.2,85497,35000000.0,117729621.0,82729621.0
A Nightmare on Elm Street,"Nov 9, 1984",Drama,5.2,85497,1800000.0,25504513.0,23704513.0
A Nightmare on Elm Street,"Apr 30, 2010",Horror,5.2,85497,35000000.0,117729621.0,82729621.0
A Nightmare on Elm Street,"Nov 9, 1984",Horror,5.2,85497,1800000.0,25504513.0,23704513.0
10 Cloverfield Lane,"Mar 11, 2016",Drama,7.2,260383,5000000.0,108286422.0,103286422.0
10 Cloverfield Lane,"Mar 11, 2016",Horror,7.2,260383,5000000.0,108286422.0,103286422.0
10 Cloverfield Lane,"Mar 11, 2016",Mystery,7.2,260383,5000000.0,108286422.0,103286422.0
Wuthering Heights,"Oct 5, 2012",Drama,6.1,8549,8000000.0,2721534.0,-5278466.0
Wuthering Heights,"Oct 5, 2012",Romance,6.1,8549,8000000.0,2721534.0,-5278466.0
You Will Meet a Tall Dark Stranger,"Sep 22, 2010",Comedy,6.3,41608,15000000.0,34247816.0,19247816.0
You Will Meet a Tall Dark Stranger,"Sep 22, 2010",Drama,6.3,41608,15000000.0,34247816.0,19247816.0
You Will Meet a Tall Dark Stranger,"Sep 22, 2010",Romance,6.3,41608,15000000.0,34247816.0,19247816.0
Welcome to the Rileys,"Oct 29, 2010",Drama,7.0,22210,10000000.0,355919.0,-9644081.0
The Lincoln Lawyer,"Mar 18, 2011",Crime,7.3,196109,40000000.0,87145086.0,47145086.0
The Lincoln Lawyer,"Mar 18, 2011",Drama,7.3,196109,40000000.0,87145086.0,47145086.0
The Lincoln Lawyer,"Mar 18, 2011",Thriller,7.3,196109,40000000.0,87145086.0,47145086.0
Rango,"Mar 4, 2011",Adventure,7.2,215761,135000000.0,245724600.0,110724600.0
Rango,"Mar 4, 2011",Animation,7.2,215761,135000000.0,245724600.0,110724600.0
Rango,"Mar 4, 2011",Comedy,7.2,215761,135000000.0,245724600.0,110724600.0
Step Up 3D,"Aug 6, 2010",Drama,6.2,53081,30000000.0,165889117.0,135889117.0
Step Up 3D,"Aug 6, 2010",Music,6.2,53081,30000000.0,165889117.0,135889117.0
Step Up 3D,"Aug 6, 2010",Romance,6.2,53081,30000000.0,165889117.0,135889117.0
The Bourne Legacy,"Aug 10, 2012",Action,6.7,268678,125000000.0,280355920.0,155355920.0
The Bourne Legacy,"Aug 10, 2012",Adventure,6.7,268678,125000000.0,280355920.0,155355920.0
The Bourne Legacy,"Aug 10, 2012",Thriller,6.7,268678,125000000.0,280355920.0,155355920.0
Casino Jack,"Dec 17, 2010",Biography,6.2,16191,12500000.0,2272186.0,-10227814.0
Casino Jack,"Dec 17, 2010",Comedy,6.2,16191,12500000.0,2272186.0,-10227814.0
Casino Jack,"Dec 17, 2010",Crime,6.2,16191,12500000.0,2272186.0,-10227814.0
The Five-Year Engagement,"Apr 27, 2012",Comedy,6.2,88469,30000000.0,61623819.0,31623819.0
The Five-Year Engagement,"Apr 27, 2012",Romance,6.2,88469,30000000.0,61623819.0,31623819.0
Diary of a Wimpy Kid,"Mar 19, 2010",Comedy,6.2,38640,15000000.0,76954311.0,61954311.0
Diary of a Wimpy Kid,"Mar 19, 2010",Drama,6.2,38640,15000000.0,76954311.0,61954311.0
Diary of a Wimpy Kid,"Mar 19, 2010",Family,6.2,38640,15000000.0,76954311.0,61954311.0
Pound of Flesh,"May 15, 2015",Crime,3.2,267,7500000.0,0.0,-7500000.0
Pound of Flesh,"May 15, 2015",Drama,3.2,267,7500000.0,0.0,-7500000.0
Pound of Flesh,"May 15, 2015",Thriller,3.2,267,7500000.0,0.0,-7500000.0
Kites,"May 21, 2010",Action,6.1,11353,9200000.0,17155193.0,7955193.0
Kites,"May 21, 2010",Drama,6.1,11353,9200000.0,17155193.0,7955193.0
Kites,"May 21, 2010",Romance,6.1,11353,9200000.0,17155193.0,7955193.0
The Muppets,"Nov 23, 2011",Adventure,7.1,82752,45000000.0,160971922.0,115971922.0
The Muppets,"Nov 23, 2011",Comedy,7.1,82752,45000000.0,160971922.0,115971922.0
The Muppets,"Nov 23, 2011",Family,7.1,82752,45000000.0,160971922.0,115971922.0
Last Vegas,"Jan 28, 2013",Comedy,6.6,121409,28000000.0,112914167.0,84914167.0
Last Vegas,"Jan 28, 2013",Drama,6.6,121409,28000000.0,112914167.0,84914167.0
Ouija,"Oct 24, 2014",Horror,4.5,44054,5000000.0,103300632.0,98300632.0
Ouija,"Oct 24, 2014",Mystery,4.5,44054,5000000.0,103300632.0,98300632.0
Ouija,"Oct 24, 2014",Thriller,4.5,44054,5000000.0,103300632.0,98300632.0
Jack Ryan: Shadow Recruit,"Jan 17, 2014",Action,6.2,114913,60000000.0,131377412.0,71377412.0
Jack Ryan: Shadow Recruit,"Jan 17, 2014",Drama,6.2,114913,60000000.0,131377412.0,71377412.0
Jack Ryan: Shadow Recruit,"Jan 17, 2014",Thriller,6.2,114913,60000000.0,131377412.0,71377412.0
Out of the Furnace,"Dec 4, 2013",Crime,6.8,99037,22000000.0,15434375.0,-6565625.0
Out of the Furnace,"Dec 4, 2013",Drama,6.8,99037,22000000.0,15434375.0,-6565625.0
Out of the Furnace,"Dec 4, 2013",Thriller,6.8,99037,22000000.0,15434375.0,-6565625.0
Blood Done Sign My Name,"Feb 19, 2010",Drama,6.6,494,10000000.0,109383.0,-9890617.0
Moneyball,"Sep 23, 2011",Biography,7.6,326657,50000000.0,111300835.0,61300835.0
Moneyball,"Sep 23, 2011",Drama,7.6,326657,50000000.0,111300835.0,61300835.0
Moneyball,"Sep 23, 2011",Sport,7.6,326657,50000000.0,111300835.0,61300835.0
The Lone Ranger,"Jul 2, 2013",Action,6.4,208827,275000000.0,260002115.0,-14997885.0
The Lone Ranger,"Jul 2, 2013",Adventure,6.4,208827,275000000.0,260002115.0,-14997885.0
The Lone Ranger,"Jul 2, 2013",Western,6.4,208827,275000000.0,260002115.0,-14997885.0
Doctor Strange,"Nov 4, 2016",Action,7.5,514510,165000000.0,676404566.0,511404566.0
Doctor Strange,"Nov 4, 2016",Adventure,7.5,514510,165000000.0,676404566.0,511404566.0
Doctor Strange,"Nov 4, 2016",Fantasy,7.5,514510,165000000.0,676404566.0,511404566.0
Middle of Nowhere,"Oct 12, 2012",Drama,6.4,1406,200000.0,236806.0,36806.0
Escape Plan,"Oct 18, 2013",Action,6.7,211587,70000000.0,103735965.0,33735965.0
Escape Plan,"Oct 18, 2013",Crime,6.7,211587,70000000.0,103735965.0,33735965.0
Escape Plan,"Oct 18, 2013",Mystery,6.7,211587,70000000.0,103735965.0,33735965.0
The Lion of Judah,"Jun 3, 2011",Animation,3.8,511,1500000.0,0.0,-1500000.0
Hereafter,"Oct 15, 2010",Drama,6.5,87288,50000000.0,108660270.0,58660270.0
Hereafter,"Oct 15, 2010",Fantasy,6.5,87288,50000000.0,108660270.0,58660270.0
Hereafter,"Oct 15, 2010",Romance,6.5,87288,50000000.0,108660270.0,58660270.0
The Lost City of Z,"Apr 14, 2017",Adventure,6.6,66475,30000000.0,17121823.0,-12878177.0
The Lost City of Z,"Apr 14, 2017",Biography,6.6,66475,30000000.0,17121823.0,-12878177.0
The Lost City of Z,"Apr 14, 2017",Drama,6.6,66475,30000000.0,17121823.0,-12878177.0
The Back-up Plan,"Apr 23, 2010",Comedy,5.4,46128,35000000.0,75281179.0,40281179.0
The Back-up Plan,"Apr 23, 2010",Romance,5.4,46128,35000000.0,75281179.0,40281179.0
Lawless,"Aug 29, 2012",Crime,7.3,214055,26000000.0,54393687.0,28393687.0
Lawless,"Aug 29, 2012",Drama,7.3,214055,26000000.0,54393687.0,28393687.0
First Man,"Oct 12, 2018",Biography,7.4,120009,60000000.0,105203825.0,45203825.0
First Man,"Oct 12, 2018",Drama,7.4,120009,60000000.0,105203825.0,45203825.0
First Man,"Oct 12, 2018",History,7.4,120009,60000000.0,105203825.0,45203825.0
The World's End,"Aug 23, 2013",Action,7.0,235308,20000000.0,47508505.0,27508505.0
The World's End,"Aug 23, 2013",Comedy,7.0,235308,20000000.0,47508505.0,27508505.0
The World's End,"Aug 23, 2013",Sci-Fi,7.0,235308,20000000.0,47508505.0,27508505.0
Cars 2,"Jun 24, 2011",Adventure,6.2,138914,200000000.0,560155383.0,360155383.0
Cars 2,"Jun 24, 2011",Animation,6.2,138914,200000000.0,560155383.0,360155383.0
Cars 2,"Jun 24, 2011",Comedy,6.2,138914,200000000.0,560155383.0,360155383.0
Kill the Messenger,"Oct 10, 2014",Biography,7.0,41231,5000000.0,6656705.0,1656705.0
Kill the Messenger,"Oct 10, 2014",Crime,7.0,41231,5000000.0,6656705.0,1656705.0
Kill the Messenger,"Oct 10, 2014",Drama,7.0,41231,5000000.0,6656705.0,1656705.0
Leap Year,"Jan 8, 2010",Comedy,6.5,86125,19000000.0,32618920.0,13618920.0
Leap Year,"Jan 8, 2010",Romance,6.5,86125,19000000.0,32618920.0,13618920.0
Womb,"Mar 30, 2012",Drama,6.4,12489,13000000.0,0.0,-13000000.0
Womb,"Mar 30, 2012",Romance,6.4,12489,13000000.0,0.0,-13000000.0
Womb,"Mar 30, 2012",Sci-Fi,6.4,12489,13000000.0,0.0,-13000000.0
Brave,"Jun 22, 2012",Adventure,7.1,338728,185000000.0,554606532.0,369606532.0
Brave,"Jun 22, 2012",Animation,7.1,338728,185000000.0,554606532.0,369606532.0
Brave,"Jun 22, 2012",Comedy,7.1,338728,185000000.0,554606532.0,369606532.0
Limitless,"Mar 18, 2011",Mystery,7.4,492490,27000000.0,155564919.0,128564919.0
Limitless,"Mar 18, 2011",Sci-Fi,7.4,492490,27000000.0,155564919.0,128564919.0
Limitless,"Mar 18, 2011",Thriller,7.4,492490,27000000.0,155564919.0,128564919.0
Legend of the Guardians: The Owls of Ga'Hoole,"Sep 24, 2010",Action,7.0,73790,100000000.0,139716717.0,39716717.0
Legend of the Guardians: The Owls of Ga'Hoole,"Sep 24, 2010",Adventure,7.0,73790,100000000.0,139716717.0,39716717.0
Legend of the Guardians: The Owls of Ga'Hoole,"Sep 24, 2010",Animation,7.0,73790,100000000.0,139716717.0,39716717.0
Ghost in the Shell,"Mar 31, 2017",Action,6.4,176499,110000000.0,167910690.0,57910690.0
Ghost in the Shell,"Mar 31, 2017",Drama,6.4,176499,110000000.0,167910690.0,57910690.0
Ghost in the Shell,"Mar 31, 2017",Sci-Fi,6.4,176499,110000000.0,167910690.0,57910690.0
Resident Evil: Afterlife,"Sep 10, 2010",Action,5.9,153270,57500000.0,295874190.0,238374190.0
Resident Evil: Afterlife,"Sep 10, 2010",Adventure,5.9,153270,57500000.0,295874190.0,238374190.0
Resident Evil: Afterlife,"Sep 10, 2010",Horror,5.9,153270,57500000.0,295874190.0,238374190.0
Zookeeper,"Jul 8, 2011",Comedy,5.2,52396,80000000.0,170805525.0,90805525.0
Zookeeper,"Jul 8, 2011",Family,5.2,52396,80000000.0,170805525.0,90805525.0
Zookeeper,"Jul 8, 2011",Romance,5.2,52396,80000000.0,170805525.0,90805525.0
Viy,"Jun 30, 2015",Adventure,5.3,4365,26000000.0,34246770.0,8246770.0
Viy,"Jun 30, 2015",Fantasy,5.3,4365,26000000.0,34246770.0,8246770.0
Viy,"Jun 30, 2015",Mystery,5.3,4365,26000000.0,34246770.0,8246770.0
Get Him to the Greek,"Jun 4, 2010",Adventure,6.4,161653,40000000.0,91455875.0,51455875.0
Get Him to the Greek,"Jun 4, 2010",Comedy,6.4,161653,40000000.0,91455875.0,51455875.0
Get Him to the Greek,"Jun 4, 2010",Music,6.4,161653,40000000.0,91455875.0,51455875.0
Edge of Darkness,"Jan 29, 2010",Crime,6.6,84753,60000000.0,82812456.0,22812456.0
Edge of Darkness,"Jan 29, 2010",Drama,6.6,84753,60000000.0,82812456.0,22812456.0
Edge of Darkness,"Jan 29, 2010",Mystery,6.6,84753,60000000.0,82812456.0,22812456.0
The Debt,"Aug 31, 2011",Drama,6.9,61046,20000000.0,46604054.0,26604054.0
The Debt,"Aug 31, 2011",Thriller,6.9,61046,20000000.0,46604054.0,26604054.0
Beautiful Boy,"Oct 12, 2018",Biography,7.3,30368,25000000.0,13031424.0,-11968576.0
Beautiful Boy,"Oct 12, 2018",Drama,7.3,30368,25000000.0,13031424.0,-11968576.0
"Fat, Sick & Nearly Dead","Apr 1, 2011",Documentary,7.6,8164,2600000.0,0.0,-2600000.0
Iron Man 2,"May 7, 2010",Action,7.0,657690,170000000.0,621156389.0,451156389.0
Iron Man 2,"May 7, 2010",Adventure,7.0,657690,170000000.0,621156389.0,451156389.0
Iron Man 2,"May 7, 2010",Sci-Fi,7.0,657690,170000000.0,621156389.0,451156389.0
Let Me In,"Oct 1, 2010",Drama,7.1,107012,20000000.0,28270399.0,8270399.0
Let Me In,"Oct 1, 2010",Fantasy,7.1,107012,20000000.0,28270399.0,8270399.0
Let Me In,"Oct 1, 2010",Horror,7.1,107012,20000000.0,28270399.0,8270399.0
Anchorman 2: The Legend Continues,"Dec 18, 2013",Comedy,6.3,156116,50000000.0,172185754.0,122185754.0
Same Kind of Different as Me,"Oct 20, 2017",Biography,6.5,4319,6500000.0,6423605.0,-76395.0
Same Kind of Different as Me,"Oct 20, 2017",Drama,6.5,4319,6500000.0,6423605.0,-76395.0
Due Date,"Nov 5, 2010",Adventure,6.5,303523,65000000.0,211739043.0,146739043.0
Due Date,"Nov 5, 2010",Comedy,6.5,303523,65000000.0,211739043.0,146739043.0
Hot Tub Time Machine,"Mar 26, 2010",Comedy,6.4,153962,36000000.0,65967750.0,29967750.0
Hot Tub Time Machine,"Mar 26, 2010",Sci-Fi,6.4,153962,36000000.0,65967750.0,29967750.0
That's My Boy,"Jun 15, 2012",Comedy,5.6,83009,57500000.0,58085235.0,585235.0
Drones,"Dec 31, 2010",Comedy,6.4,483,500000.0,0.0,-500000.0
21 Jump Street,"Mar 16, 2012",Action,7.2,477771,42000000.0,202812429.0,160812429.0
21 Jump Street,"Mar 16, 2012",Comedy,7.2,477771,42000000.0,202812429.0,160812429.0
21 Jump Street,"Mar 16, 2012",Crime,7.2,477771,42000000.0,202812429.0,160812429.0
Brighton Rock,"Aug 26, 2011",Crime,5.7,5784,11000000.0,229653.0,-10770347.0
Brighton Rock,"Aug 26, 2011",Drama,5.7,5784,11000000.0,229653.0,-10770347.0
Brighton Rock,"Aug 26, 2011",Thriller,5.7,5784,11000000.0,229653.0,-10770347.0
Ironclad,"Jul 8, 2011",Action,6.2,38477,25000000.0,5297411.0,-19702589.0
Ironclad,"Jul 8, 2011",Adventure,6.2,38477,25000000.0,5297411.0,-19702589.0
Ironclad,"Jul 8, 2011",Drama,6.2,38477,25000000.0,5297411.0,-19702589.0
Red Dawn,"Nov 21, 2012",Action,5.4,69599,65000000.0,48164150.0,-16835850.0
Red Dawn,"Nov 21, 2012",Sci-Fi,5.4,69599,65000000.0,48164150.0,-16835850.0
Red Dawn,"Nov 21, 2012",Thriller,5.4,69599,65000000.0,48164150.0,-16835850.0
RoboCop,"Feb 12, 2014",Action,6.2,205798,120000000.0,242981799.0,122981799.0
RoboCop,"Jul 17, 1987",Action,6.2,205798,13000000.0,53424681.0,40424681.0
RoboCop,"Feb 12, 2014",Crime,6.2,205798,120000000.0,242981799.0,122981799.0
RoboCop,"Jul 17, 1987",Crime,6.2,205798,13000000.0,53424681.0,40424681.0
RoboCop,"Feb 12, 2014",Sci-Fi,6.2,205798,120000000.0,242981799.0,122981799.0
RoboCop,"Jul 17, 1987",Sci-Fi,6.2,205798,13000000.0,53424681.0,40424681.0
The Future,"Jul 29, 2011",Drama,6.2,7648,1000000.0,1239174.0,239174.0
The Future,"Jul 29, 2011",Fantasy,6.2,7648,1000000.0,1239174.0,239174.0
The Future,"Jul 29, 2011",Romance,6.2,7648,1000000.0,1239174.0,239174.0
Wild Target,"Oct 29, 2010",Action,6.8,33915,8000000.0,5314194.0,-2685806.0
Wild Target,"Oct 29, 2010",Comedy,6.8,33915,8000000.0,5314194.0,-2685806.0
Wild Target,"Oct 29, 2010",Crime,6.8,33915,8000000.0,5314194.0,-2685806.0
Broken City,"Jan 18, 2013",Crime,6.2,71704,35000000.0,34480045.0,-519955.0
Broken City,"Jan 18, 2013",Drama,6.2,71704,35000000.0,34480045.0,-519955.0
Broken City,"Jan 18, 2013",Thriller,6.2,71704,35000000.0,34480045.0,-519955.0
Wind Walkers,"Dec 31, 2015",Action,3.8,234,2000000.0,0.0,-2000000.0
Wind Walkers,"Dec 31, 2015",Horror,3.8,234,2000000.0,0.0,-2000000.0
Wind Walkers,"Dec 31, 2015",Thriller,3.8,234,2000000.0,0.0,-2000000.0
Your Highness,"Apr 8, 2011",Adventure,5.5,92940,50000000.0,26121638.0,-23878362.0
Your Highness,"Apr 8, 2011",Comedy,5.5,92940,50000000.0,26121638.0,-23878362.0
Your Highness,"Apr 8, 2011",Fantasy,5.5,92940,50000000.0,26121638.0,-23878362.0
Locker 13,"Mar 28, 2014",Thriller,4.7,290,300000.0,3496.0,-296504.0
I Spit on Your Grave,"Oct 8, 2010",Horror,6.3,68592,1750000.0,1278471.0,-471529.0
I Spit on Your Grave,"Oct 8, 2010",Thriller,6.3,68592,1750000.0,1278471.0,-471529.0
We Need to Talk About Kevin,"Jan 13, 2012",Drama,7.5,123619,7000000.0,10765283.0,3765283.0
We Need to Talk About Kevin,"Jan 13, 2012",Mystery,7.5,123619,7000000.0,10765283.0,3765283.0
We Need to Talk About Kevin,"Jan 13, 2012",Thriller,7.5,123619,7000000.0,10765283.0,3765283.0
The Tourist,"Dec 10, 2010",Action,6.0,206714,100000000.0,278731369.0,178731369.0
The Tourist,"Dec 10, 2010",Adventure,6.0,206714,100000000.0,278731369.0,178731369.0
The Tourist,"Dec 10, 2010",Thriller,6.0,206714,100000000.0,278731369.0,178731369.0
Aloha,"May 29, 2015",Comedy,5.4,54646,37000000.0,25387091.0,-11612909.0
Aloha,"May 29, 2015",Drama,5.4,54646,37000000.0,25387091.0,-11612909.0
Aloha,"May 29, 2015",Romance,5.4,54646,37000000.0,25387091.0,-11612909.0
Extraordinary Measures,"Jan 22, 2010",Drama,6.5,15673,31000000.0,15826984.0,-15173016.0
Conviction,"Oct 15, 2010",Biography,7.2,39771,12500000.0,11826980.0,-673020.0
Conviction,"Oct 15, 2010",Crime,7.2,39771,12500000.0,11826980.0,-673020.0
Conviction,"Oct 15, 2010",Drama,7.2,39771,12500000.0,11826980.0,-673020.0
High School,"Jun 1, 2012",Comedy,5.8,7060,10000000.0,248133.0,-9751867.0
Kick-Ass,"Apr 16, 2010",Action,7.6,497363,28000000.0,97531134.0,69531134.0
Kick-Ass,"Apr 16, 2010",Comedy,7.6,497363,28000000.0,97531134.0,69531134.0
Salvation Boulevard,"Jul 15, 2011",Action,5.3,4220,5500000.0,28468.0,-5471532.0
Salvation Boulevard,"Jul 15, 2011",Comedy,5.3,4220,5500000.0,28468.0,-5471532.0
Salvation Boulevard,"Jul 15, 2011",Drama,5.3,4220,5500000.0,28468.0,-5471532.0
300: Rise of an Empire,"Mar 7, 2014",Action,6.2,262978,110000000.0,330780051.0,220780051.0
300: Rise of an Empire,"Mar 7, 2014",Fantasy,6.2,262978,110000000.0,330780051.0,220780051.0
300: Rise of an Empire,"Mar 7, 2014",War,6.2,262978,110000000.0,330780051.0,220780051.0
Immortals,"Nov 11, 2011",Action,6.0,152992,75000000.0,211562435.0,136562435.0
Immortals,"Nov 11, 2011",Drama,6.0,152992,75000000.0,211562435.0,136562435.0
Immortals,"Nov 11, 2011",Fantasy,6.0,152992,75000000.0,211562435.0,136562435.0
Daylight,"Dec 6, 1996",Crime,5.1,201,80000000.0,158908290.0,78908290.0
Daylight,"Dec 6, 1996",Horror,5.1,201,80000000.0,158908290.0,78908290.0
Daylight,"Dec 6, 1996",Thriller,5.1,201,80000000.0,158908290.0,78908290.0
Holmes & Watson,"Dec 25, 2018",Adventure,3.8,17661,42000000.0,41926605.0,-73395.0
Holmes & Watson,"Dec 25, 2018",Comedy,3.8,17661,42000000.0,41926605.0,-73395.0
Holmes & Watson,"Dec 25, 2018",Crime,3.8,17661,42000000.0,41926605.0,-73395.0
Incendies,"Sep 17, 2010",Drama,8.3,124156,6800000.0,16038343.0,9238343.0
Incendies,"Sep 17, 2010",Mystery,8.3,124156,6800000.0,16038343.0,9238343.0
Incendies,"Sep 17, 2010",War,8.3,124156,6800000.0,16038343.0,9238343.0
The Man with the Iron Fists,"Nov 2, 2012",Action,5.4,58185,15000000.0,22018988.0,7018988.0
The Cabin in the Woods,"Apr 13, 2012",Horror,7.0,338445,30000000.0,70689968.0,40689968.0
Den of Thieves,"Jan 19, 2018",Action,7.0,69648,30000000.0,80131391.0,50131391.0
Den of Thieves,"Jan 19, 2018",Crime,7.0,69648,30000000.0,80131391.0,50131391.0
Den of Thieves,"Jan 19, 2018",Drama,7.0,69648,30000000.0,80131391.0,50131391.0
Sex and the City 2,"May 27, 2010",Comedy,4.4,69199,95000000.0,294680778.0,199680778.0
Sex and the City 2,"May 27, 2010",Drama,4.4,69199,95000000.0,294680778.0,199680778.0
Sex and the City 2,"May 27, 2010",Romance,4.4,69199,95000000.0,294680778.0,199680778.0
Scream 4,"Apr 15, 2011",Horror,6.2,118779,40000000.0,95989590.0,55989590.0
Scream 4,"Apr 15, 2011",Mystery,6.2,118779,40000000.0,95989590.0,55989590.0
The Roommate,"Feb 4, 2011",Drama,4.9,33062,16000000.0,52545707.0,36545707.0
The Roommate,"Feb 4, 2011",Thriller,4.9,33062,16000000.0,52545707.0,36545707.0
Hercules,"Jul 25, 2014",Action,6.0,137287,100000000.0,243388614.0,143388614.0
Hercules,"Jun 13, 1997",Action,6.0,137287,70000000.0,250700000.0,180700000.0
Hercules,"Jul 25, 2014",Adventure,6.0,137287,100000000.0,243388614.0,143388614.0
Hercules,"Jun 13, 1997",Adventure,6.0,137287,70000000.0,250700000.0,180700000.0
Hercules,"Jul 25, 2014",Fantasy,6.0,137287,100000000.0,243388614.0,143388614.0
Hercules,"Jun 13, 1997",Fantasy,6.0,137287,70000000.0,250700000.0,180700000.0
A Very Harold & Kumar 3D Christmas,"Nov 4, 2011",Adventure,6.3,62151,20000000.0,36265745.0,16265745.0
A Very Harold & Kumar 3D Christmas,"Nov 4, 2011",Comedy,6.3,62151,20000000.0,36265745.0,16265745.0
The Devil's Double,"Jul 29, 2011",Biography,7.1,58342,19100000.0,5965646.0,-13134354.0
The Devil's Double,"Jul 29, 2011",Drama,7.1,58342,19100000.0,5965646.0,-13134354.0
The Devil's Double,"Jul 29, 2011",Thriller,7.1,58342,19100000.0,5965646.0,-13134354.0
Don't Be Afraid of the Dark,"Aug 26, 2011",Fantasy,5.6,44490,25000000.0,39126427.0,14126427.0
Don't Be Afraid of the Dark,"Aug 26, 2011",Horror,5.6,44490,25000000.0,39126427.0,14126427.0
Don't Be Afraid of the Dark,"Aug 26, 2011",Thriller,5.6,44490,25000000.0,39126427.0,14126427.0
Venom,"Oct 5, 2018",Action,6.7,275406,116000000.0,853628605.0,737628605.0
Venom,"Sep 16, 2005",Action,6.7,275406,25000000.0,881745.0,-24118255.0
Venom,"Oct 5, 2018",Sci-Fi,6.7,275406,116000000.0,853628605.0,737628605.0
Venom,"Sep 16, 2005",Sci-Fi,6.7,275406,25000000.0,881745.0,-24118255.0
Venom,"Oct 5, 2018",Thriller,6.7,275406,116000000.0,853628605.0,737628605.0
Venom,"Sep 16, 2005",Thriller,6.7,275406,25000000.0,881745.0,-24118255.0
X-Men: First Class,"Jun 3, 2011",Action,7.7,608930,160000000.0,355408305.0,195408305.0
X-Men: First Class,"Jun 3, 2011",Adventure,7.7,608930,160000000.0,355408305.0,195408305.0
X-Men: First Class,"Jun 3, 2011",Sci-Fi,7.7,608930,160000000.0,355408305.0,195408305.0
2 Guns,"Aug 2, 2013",Action,6.7,182025,61000000.0,132493015.0,71493015.0
2 Guns,"Aug 2, 2013",Comedy,6.7,182025,61000000.0,132493015.0,71493015.0
2 Guns,"Aug 2, 2013",Crime,6.7,182025,61000000.0,132493015.0,71493015.0
Small Apartments,"Feb 8, 2013",Comedy,6.1,6688,2000000.0,0.0,-2000000.0
Small Apartments,"Feb 8, 2013",Crime,6.1,6688,2000000.0,0.0,-2000000.0
Small Apartments,"Feb 8, 2013",Drama,6.1,6688,2000000.0,0.0,-2000000.0
London Fields,"Oct 26, 2018",Crime,4.3,2871,8000000.0,433732.0,-7566268.0
London Fields,"Oct 26, 2018",Mystery,4.3,2871,8000000.0,433732.0,-7566268.0
London Fields,"Oct 26, 2018",Thriller,4.3,2871,8000000.0,433732.0,-7566268.0
The Spy Next Door,"Jan 15, 2010",Action,5.5,36767,28000000.0,46752858.0,18752858.0
The Spy Next Door,"Jan 15, 2010",Comedy,5.5,36767,28000000.0,46752858.0,18752858.0
The Spy Next Door,"Jan 15, 2010",Family,5.5,36767,28000000.0,46752858.0,18752858.0
The Tempest,"Dec 10, 2010",Comedy,5.4,7073,20000000.0,277943.0,-19722057.0
The Tempest,"Dec 10, 2010",Drama,5.4,7073,20000000.0,277943.0,-19722057.0
The Tempest,"Dec 10, 2010",Fantasy,5.4,7073,20000000.0,277943.0,-19722057.0
Dying of the Light,"Dec 5, 2014",Drama,4.4,8888,5000000.0,74639.0,-4925361.0
Dying of the Light,"Dec 5, 2014",Thriller,4.4,8888,5000000.0,74639.0,-4925361.0
Looper,"Sep 28, 2012",Action,7.4,500595,30000000.0,170466405.0,140466405.0
Looper,"Sep 28, 2012",Crime,7.4,500595,30000000.0,170466405.0,140466405.0
Looper,"Sep 28, 2012",Drama,7.4,500595,30000000.0,170466405.0,140466405.0
Madagascar 3: Europe's Most Wanted,"Jun 8, 2012",Adventure,6.8,146858,145000000.0,746921271.0,601921271.0
Madagascar 3: Europe's Most Wanted,"Jun 8, 2012",Animation,6.8,146858,145000000.0,746921271.0,601921271.0
Madagascar 3: Europe's Most Wanted,"Jun 8, 2012",Comedy,6.8,146858,145000000.0,746921271.0,601921271.0
Date Night,"Apr 9, 2010",Comedy,6.3,144683,55000000.0,152269033.0,97269033.0
Date Night,"Apr 9, 2010",Crime,6.3,144683,55000000.0,152269033.0,97269033.0
Date Night,"Apr 9, 2010",Romance,6.3,144683,55000000.0,152269033.0,97269033.0
Fort McCoy,"Aug 15, 2014",Drama,5.9,319,3000000.0,78948.0,-2921052.0
Fort McCoy,"Aug 15, 2014",History,5.9,319,3000000.0,78948.0,-2921052.0
Fort McCoy,"Aug 15, 2014",War,5.9,319,3000000.0,78948.0,-2921052.0
Easy A,"Sep 17, 2010",Comedy,7.1,330125,8000000.0,76200721.0,68200721.0
Easy A,"Sep 17, 2010",Drama,7.1,330125,8000000.0,76200721.0,68200721.0
Easy A,"Sep 17, 2010",Romance,7.1,330125,8000000.0,76200721.0,68200721.0
Bad Teacher,"Jun 24, 2011",Comedy,5.7,181189,19000000.0,215448997.0,196448997.0
Bad Teacher,"Jun 24, 2011",Romance,5.7,181189,19000000.0,215448997.0,196448997.0
The Strangers: Prey at Night,"Mar 9, 2018",Horror,5.2,21614,5000000.0,29960051.0,24960051.0
The Social Network,"Oct 1, 2010",Biography,7.7,568578,40000000.0,224922135.0,184922135.0
The Social Network,"Oct 1, 2010",Drama,7.7,568578,40000000.0,224922135.0,184922135.0
Cats & Dogs: The Revenge of Kitty Galore,"Jul 30, 2010",Action,4.3,12642,85000000.0,113026383.0,28026383.0
Cats & Dogs: The Revenge of Kitty Galore,"Jul 30, 2010",Comedy,4.3,12642,85000000.0,113026383.0,28026383.0
Cats & Dogs: The Revenge of Kitty Galore,"Jul 30, 2010",Family,4.3,12642,85000000.0,113026383.0,28026383.0
Evil Dead,"Apr 5, 2013",Fantasy,6.5,146399,17000000.0,97778356.0,80778356.0
Evil Dead,"Apr 5, 2013",Horror,6.5,146399,17000000.0,97778356.0,80778356.0
Evil Dead,"Apr 5, 2013",Thriller,6.5,146399,17000000.0,97778356.0,80778356.0
Ghostbusters,"Jul 15, 2016",Action,5.2,186788,144000000.0,229008658.0,85008658.0
Ghostbusters,"Jun 8, 1984",Action,5.2,186788,30000000.0,295212467.0,265212467.0
Ghostbusters,"Jul 15, 2016",Comedy,5.2,186788,144000000.0,229008658.0,85008658.0
Ghostbusters,"Jun 8, 1984",Comedy,5.2,186788,30000000.0,295212467.0,265212467.0
Ghostbusters,"Jul 15, 2016",Fantasy,5.2,186788,144000000.0,229008658.0,85008658.0
Ghostbusters,"Jun 8, 1984",Fantasy,5.2,186788,30000000.0,295212467.0,265212467.0
N-Secure,"Oct 15, 2010",Crime,3.6,587,1600000.0,2595644.0,995644.0
N-Secure,"Oct 15, 2010",Drama,3.6,587,1600000.0,2595644.0,995644.0
N-Secure,"Oct 15, 2010",Thriller,3.6,587,1600000.0,2595644.0,995644.0
Teenage Mutant Ninja Turtles,"Aug 8, 2014",Action,5.8,192220,125000000.0,485004754.0,360004754.0
Teenage Mutant Ninja Turtles,"Mar 30, 1990",Action,5.8,192220,13500000.0,202000000.0,188500000.0
Teenage Mutant Ninja Turtles,"Aug 8, 2014",Adventure,5.8,192220,125000000.0,485004754.0,360004754.0
Teenage Mutant Ninja Turtles,"Mar 30, 1990",Adventure,5.8,192220,13500000.0,202000000.0,188500000.0
Teenage Mutant Ninja Turtles,"Aug 8, 2014",Comedy,5.8,192220,125000000.0,485004754.0,360004754.0
Teenage Mutant Ninja Turtles,"Mar 30, 1990",Comedy,5.8,192220,13500000.0,202000000.0,188500000.0
Warrior,"Sep 9, 2011",Drama,8.2,403755,25000000.0,24215385.0,-784615.0
Warrior,"Sep 9, 2011",Sport,8.2,403755,25000000.0,24215385.0,-784615.0
xXx: Return of Xander Cage,"Jan 20, 2017",Action,5.2,77976,85000000.0,345033359.0,260033359.0
xXx: Return of Xander Cage,"Jan 20, 2017",Adventure,5.2,77976,85000000.0,345033359.0,260033359.0
xXx: Return of Xander Cage,"Jan 20, 2017",Thriller,5.2,77976,85000000.0,345033359.0,260033359.0
The Last Song,"Mar 31, 2010",Drama,6.0,74914,20000000.0,92678948.0,72678948.0
The Last Song,"Mar 31, 2010",Music,6.0,74914,20000000.0,92678948.0,72678948.0
The Last Song,"Mar 31, 2010",Romance,6.0,74914,20000000.0,92678948.0,72678948.0
The FP,"Mar 16, 2012",Comedy,5.6,1541,60000.0,0.0,-60000.0
Animals,"Dec 31, 2008",Drama,6.2,758,5500000.0,0.0,-5500000.0
Animals,"Dec 31, 2008",Fantasy,6.2,758,5500000.0,0.0,-5500000.0
The Watch,"Jul 27, 2012",Action,5.7,115757,55000000.0,67130045.0,12130045.0
The Watch,"Jul 27, 2012",Comedy,5.7,115757,55000000.0,67130045.0,12130045.0
The Watch,"Jul 27, 2012",Horror,5.7,115757,55000000.0,67130045.0,12130045.0
Pirates of the Caribbean: On Stranger Tides,"May 20, 2011",Action,6.6,447624,410600000.0,1045663875.0,635063875.0
Pirates of the Caribbean: On Stranger Tides,"May 20, 2011",Adventure,6.6,447624,410600000.0,1045663875.0,635063875.0
Pirates of the Caribbean: On Stranger Tides,"May 20, 2011",Fantasy,6.6,447624,410600000.0,1045663875.0,635063875.0
Iron Man 3,"May 3, 2013",Action,7.2,692794,200000000.0,1215392272.0,1015392272.0
Iron Man 3,"May 3, 2013",Adventure,7.2,692794,200000000.0,1215392272.0,1015392272.0
Iron Man 3,"May 3, 2013",Sci-Fi,7.2,692794,200000000.0,1215392272.0,1015392272.0
Kung Fu Panda 2,"May 26, 2011",Action,7.2,228465,150000000.0,664837547.0,514837547.0
Kung Fu Panda 2,"May 26, 2011",Adventure,7.2,228465,150000000.0,664837547.0,514837547.0
Kung Fu Panda 2,"May 26, 2011",Animation,7.2,228465,150000000.0,664837547.0,514837547.0
Yogi Bear,"Dec 17, 2010",Adventure,4.6,18934,80000000.0,204774690.0,124774690.0
Yogi Bear,"Dec 17, 2010",Animation,4.6,18934,80000000.0,204774690.0,124774690.0
Yogi Bear,"Dec 17, 2010",Comedy,4.6,18934,80000000.0,204774690.0,124774690.0
Standing Ovation,"Jul 16, 2010",Musical,3.3,658,5600000.0,531806.0,-5068194.0
Our Family Wedding,"Mar 12, 2010",Comedy,4.9,6417,14000000.0,21410546.0,7410546.0
Our Family Wedding,"Mar 12, 2010",Romance,4.9,6417,14000000.0,21410546.0,7410546.0
Mars Needs Moms,"Mar 11, 2011",Adventure,5.4,19823,150000000.0,39549758.0,-110450242.0
Mars Needs Moms,"Mar 11, 2011",Animation,5.4,19823,150000000.0,39549758.0,-110450242.0
Mars Needs Moms,"Mar 11, 2011",Family,5.4,19823,150000000.0,39549758.0,-110450242.0
50/50,"Sep 30, 2011",Comedy,7.7,300475,8000000.0,41334735.0,33334735.0
50/50,"Sep 30, 2011",Drama,7.7,300475,8000000.0,41334735.0,33334735.0
50/50,"Sep 30, 2011",Romance,7.7,300475,8000000.0,41334735.0,33334735.0
Seeking a Friend for the End of the World,"Jun 22, 2012",Adventure,6.7,102047,10000000.0,11766959.0,1766959.0
Seeking a Friend for the End of the World,"Jun 22, 2012",Comedy,6.7,102047,10000000.0,11766959.0,1766959.0
Seeking a Friend for the End of the World,"Jun 22, 2012",Drama,6.7,102047,10000000.0,11766959.0,1766959.0
Bullet to the Head,"Feb 1, 2013",Action,5.7,44816,55000000.0,22597969.0,-32402031.0
Bullet to the Head,"Feb 1, 2013",Crime,5.7,44816,55000000.0,22597969.0,-32402031.0
Bullet to the Head,"Feb 1, 2013",Thriller,5.7,44816,55000000.0,22597969.0,-32402031.0
Animal Kingdom,"Aug 13, 2010",Crime,7.3,51576,4200000.0,8078683.0,3878683.0
Animal Kingdom,"Aug 13, 2010",Drama,7.3,51576,4200000.0,8078683.0,3878683.0
3 Backyards,"Mar 11, 2011",Drama,5.0,611,300000.0,39475.0,-260525.0
Devil,"Sep 17, 2010",Horror,6.2,122080,10000000.0,63354114.0,53354114.0
Devil,"Sep 17, 2010",Mystery,6.2,122080,10000000.0,63354114.0,53354114.0
Devil,"Sep 17, 2010",Thriller,6.2,122080,10000000.0,63354114.0,53354114.0
There Be Dragons,"May 6, 2011",Biography,5.8,4326,36000000.0,4020990.0,-31979010.0
There Be Dragons,"May 6, 2011",Drama,5.8,4326,36000000.0,4020990.0,-31979010.0
There Be Dragons,"May 6, 2011",War,5.8,4326,36000000.0,4020990.0,-31979010.0
Rise of the Planet of the Apes,"Aug 5, 2011",Action,7.6,473020,93000000.0,470986200.0,377986200.0
Rise of the Planet of the Apes,"Aug 5, 2011",Drama,7.6,473020,93000000.0,470986200.0,377986200.0
Rise of the Planet of the Apes,"Aug 5, 2011",Sci-Fi,7.6,473020,93000000.0,470986200.0,377986200.0
It's a Wonderful Afterlife,"Oct 8, 2010",Comedy,5.4,1361,10000000.0,1642939.0,-8357061.0
It's a Wonderful Afterlife,"Oct 8, 2010",Drama,5.4,1361,10000000.0,1642939.0,-8357061.0
It's a Wonderful Afterlife,"Oct 8, 2010",Fantasy,5.4,1361,10000000.0,1642939.0,-8357061.0
The Last Exorcism,"Aug 27, 2010",Drama,5.6,45815,1800000.0,70165900.0,68365900.0
The Last Exorcism,"Aug 27, 2010",Horror,5.6,45815,1800000.0,70165900.0,68365900.0
The Last Exorcism,"Aug 27, 2010",Thriller,5.6,45815,1800000.0,70165900.0,68365900.0
The Expendables,"Aug 13, 2010",Action,6.5,307897,82000000.0,268268174.0,186268174.0
The Expendables,"Aug 13, 2010",Adventure,6.5,307897,82000000.0,268268174.0,186268174.0
The Expendables,"Aug 13, 2010",Thriller,6.5,307897,82000000.0,268268174.0,186268174.0
Gulliver's Travels,"Dec 25, 2010",Adventure,4.9,61178,112000000.0,232017848.0,120017848.0
Gulliver's Travels,"Dec 25, 2010",Comedy,4.9,61178,112000000.0,232017848.0,120017848.0
Gulliver's Travels,"Dec 25, 2010",Family,4.9,61178,112000000.0,232017848.0,120017848.0
The Reef,"Dec 31, 2010",Adventure,5.8,15194,10000000.0,15037867.0,5037867.0
The Reef,"Dec 31, 2010",Drama,5.8,15194,10000000.0,15037867.0,5037867.0
The Reef,"Dec 31, 2010",Horror,5.8,15194,10000000.0,15037867.0,5037867.0
Death at a Funeral,"Apr 16, 2010",Comedy,5.7,42042,21000000.0,48977233.0,27977233.0
Death at a Funeral,"Aug 17, 2007",Comedy,5.7,42042,20000000.0,46790428.0,26790428.0
Oldboy,"Mar 25, 2005",Action,5.8,63231,3000000.0,6239723.0,3239723.0
Oldboy,"Mar 25, 2005",Drama,5.8,63231,3000000.0,6239723.0,3239723.0
Oldboy,"Mar 25, 2005",Mystery,5.8,63231,3000000.0,6239723.0,3239723.0
The Beaver,"May 6, 2011",Drama,6.7,45173,21000000.0,5046038.0,-15953962.0
The Lovers,"Mar 13, 2015",Action,4.6,2867,35000000.0,53899.0,-34946101.0
The Lovers,"Mar 13, 2015",Adventure,4.6,2867,35000000.0,53899.0,-34946101.0
The Lovers,"Mar 13, 2015",Romance,4.6,2867,35000000.0,53899.0,-34946101.0
Gangster Squad,"Jan 11, 2013",Action,6.7,195560,60000000.0,104100903.0,44100903.0
Gangster Squad,"Jan 11, 2013",Crime,6.7,195560,60000000.0,104100903.0,44100903.0
Gangster Squad,"Jan 11, 2013",Drama,6.7,195560,60000000.0,104100903.0,44100903.0
August: Osage County,"Dec 25, 2013",Comedy,7.2,79383,25000000.0,50738810.0,25738810.0
August: Osage County,"Dec 25, 2013",Drama,7.2,79383,25000000.0,50738810.0,25738810.0
Going the Distance,"Sep 3, 2010",Comedy,6.3,54421,32000000.0,43603990.0,11603990.0
Going the Distance,"Sep 3, 2010",Romance,6.3,54421,32000000.0,43603990.0,11603990.0
Frozen,"Nov 22, 2013",Adventure,6.2,62311,150000000.0,1272469910.0,1122469910.0
Frozen,"Nov 22, 2013",Drama,6.2,62311,150000000.0,1272469910.0,1122469910.0
Frozen,"Nov 22, 2013",Sport,6.2,62311,150000000.0,1272469910.0,1122469910.0
Despicable Me,"Jul 9, 2010",Animation,7.7,464511,69000000.0,543464573.0,474464573.0
Despicable Me,"Jul 9, 2010",Comedy,7.7,464511,69000000.0,543464573.0,474464573.0
Despicable Me,"Jul 9, 2010",Family,7.7,464511,69000000.0,543464573.0,474464573.0
The Twilight Saga: Eclipse,"Jun 30, 2010",Adventure,5.0,211733,68000000.0,706102828.0,638102828.0
The Twilight Saga: Eclipse,"Jun 30, 2010",Drama,5.0,211733,68000000.0,706102828.0,638102828.0
The Twilight Saga: Eclipse,"Jun 30, 2010",Fantasy,5.0,211733,68000000.0,706102828.0,638102828.0
The Lucky One,"Apr 20, 2012",Drama,6.5,94359,25000000.0,96633833.0,71633833.0
The Lucky One,"Apr 20, 2012",Romance,6.5,94359,25000000.0,96633833.0,71633833.0
Something Wicked,"Mar 17, 2015",Drama,4.8,1243,3000000.0,0.0,-3000000.0
Something Wicked,"Mar 17, 2015",Horror,4.8,1243,3000000.0,0.0,-3000000.0
Something Wicked,"Mar 17, 2015",Mystery,4.8,1243,3000000.0,0.0,-3000000.0
Cyrus,"Jun 18, 2010",Crime,4.7,944,7000000.0,10062896.0,3062896.0
Cyrus,"Jun 18, 2010",Horror,4.7,944,7000000.0,10062896.0,3062896.0
Cyrus,"Jun 18, 2010",Mystery,4.7,944,7000000.0,10062896.0,3062896.0
Lee Daniels' The Butler,"Aug 16, 2013",Biography,7.2,102468,30000000.0,177025498.0,147025498.0
Lee Daniels' The Butler,"Aug 16, 2013",Drama,7.2,102468,30000000.0,177025498.0,147025498.0
The Apostle,"Dec 17, 1997",Animation,7.0,514,5000000.0,21277770.0,16277770.0
The Apostle,"Dec 17, 1997",Horror,7.0,514,5000000.0,21277770.0,16277770.0
Movie 43,"Jan 25, 2013",Comedy,4.3,92980,10000000.0,31164747.0,21164747.0
Never Let Me Go,"Sep 15, 2010",Drama,7.1,130084,15000000.0,11173718.0,-3826282.0
Never Let Me Go,"Sep 15, 2010",Romance,7.1,130084,15000000.0,11173718.0,-3826282.0
Never Let Me Go,"Sep 15, 2010",Sci-Fi,7.1,130084,15000000.0,11173718.0,-3826282.0
Arthur,"Apr 8, 2011",Comedy,5.7,49013,40000000.0,47787943.0,7787943.0
Arthur,"Apr 8, 2011",Romance,5.7,49013,40000000.0,47787943.0,7787943.0
The Perfect Host,"Jul 1, 2011",Comedy,6.8,23378,1000000.0,51587.0,-948413.0
The Perfect Host,"Jul 1, 2011",Crime,6.8,23378,1000000.0,51587.0,-948413.0
The Perfect Host,"Jul 1, 2011",Thriller,6.8,23378,1000000.0,51587.0,-948413.0
47 Ronin,"Dec 25, 2013",Action,6.3,135754,175000000.0,151716815.0,-23283185.0
47 Ronin,"Dec 25, 2013",Adventure,6.3,135754,175000000.0,151716815.0,-23283185.0
47 Ronin,"Dec 25, 2013",Drama,6.3,135754,175000000.0,151716815.0,-23283185.0
Rock of Ages,"Jun 15, 2012",Comedy,5.9,69910,70000000.0,61031932.0,-8968068.0
Rock of Ages,"Jun 15, 2012",Drama,5.9,69910,70000000.0,61031932.0,-8968068.0
Rock of Ages,"Jun 15, 2012",Musical,5.9,69910,70000000.0,61031932.0,-8968068.0
Cyrus,"Jun 18, 2010",Comedy,6.3,32457,7000000.0,10062896.0,3062896.0
Cyrus,"Jun 18, 2010",Drama,6.3,32457,7000000.0,10062896.0,3062896.0
Cyrus,"Jun 18, 2010",Romance,6.3,32457,7000000.0,10062896.0,3062896.0
Tinker Tailor Soldier Spy,"Dec 9, 2011",Drama,7.1,174890,21000000.0,81452811.0,60452811.0
Tinker Tailor Soldier Spy,"Dec 9, 2011",Mystery,7.1,174890,21000000.0,81452811.0,60452811.0
Tinker Tailor Soldier Spy,"Dec 9, 2011",Thriller,7.1,174890,21000000.0,81452811.0,60452811.0
Four Lions,"Nov 5, 2010",Comedy,7.3,66209,3750000.0,2436111.0,-1313889.0
Four Lions,"Nov 5, 2010",Crime,7.3,66209,3750000.0,2436111.0,-1313889.0
Four Lions,"Nov 5, 2010",Drama,7.3,66209,3750000.0,2436111.0,-1313889.0
The Great Gatsby,"May 10, 2013",Drama,7.3,433165,190000000.0,351040419.0,161040419.0
The Great Gatsby,"Mar 29, 1974",Drama,7.3,433165,7000000.0,26533200.0,19533200.0
The Great Gatsby,"May 10, 2013",Romance,7.3,433165,190000000.0,351040419.0,161040419.0
The Great Gatsby,"Mar 29, 1974",Romance,7.3,433165,7000000.0,26533200.0,19533200.0
Dredd,"Sep 21, 2012",Action,7.1,234616,45000000.0,41467606.0,-3532394.0
Dredd,"Sep 21, 2012",Crime,7.1,234616,45000000.0,41467606.0,-3532394.0
Dredd,"Sep 21, 2012",Sci-Fi,7.1,234616,45000000.0,41467606.0,-3532394.0
The Dark Knight Rises,"Jul 20, 2012",Action,8.4,1387769,275000000.0,1084439099.0,809439099.0
The Dark Knight Rises,"Jul 20, 2012",Thriller,8.4,1387769,275000000.0,1084439099.0,809439099.0
Jack the Giant Slayer,"Mar 1, 2013",Adventure,6.3,123127,195000000.0,197687603.0,2687603.0
Jack the Giant Slayer,"Mar 1, 2013",Fantasy,6.3,123127,195000000.0,197687603.0,2687603.0
If I Stay,"Aug 22, 2014",Drama,6.8,107625,11000000.0,78356170.0,67356170.0
If I Stay,"Aug 22, 2014",Fantasy,6.8,107625,11000000.0,78356170.0,67356170.0
If I Stay,"Aug 22, 2014",Music,6.8,107625,11000000.0,78356170.0,67356170.0
The Infiltrator,"Jul 13, 2016",Biography,7.0,61547,47500000.0,20718104.0,-26781896.0
The Infiltrator,"Jul 13, 2016",Crime,7.0,61547,47500000.0,20718104.0,-26781896.0
The Infiltrator,"Jul 13, 2016",Drama,7.0,61547,47500000.0,20718104.0,-26781896.0
Passengers,"Dec 21, 2016",Drama,7.0,311083,110000000.0,302239672.0,192239672.0
Passengers,"Dec 21, 2016",Romance,7.0,311083,110000000.0,302239672.0,192239672.0
Passengers,"Dec 21, 2016",Sci-Fi,7.0,311083,110000000.0,302239672.0,192239672.0
Black Mass,"Sep 18, 2015",Biography,6.9,155847,53000000.0,98837872.0,45837872.0
Black Mass,"Sep 18, 2015",Crime,6.9,155847,53000000.0,98837872.0,45837872.0
Black Mass,"Sep 18, 2015",Drama,6.9,155847,53000000.0,98837872.0,45837872.0
Rust,"Oct 5, 2010",Drama,5.6,404,250000.0,0.0,-250000.0
The Extra Man,"Jul 30, 2010",Comedy,5.9,4580,7000000.0,492108.0,-6507892.0
Tomb Raider,"Mar 16, 2018",Action,6.3,163560,90000000.0,273477501.0,183477501.0
Tomb Raider,"Mar 16, 2018",Adventure,6.3,163560,90000000.0,273477501.0,183477501.0
Tomb Raider,"Mar 16, 2018",Fantasy,6.3,163560,90000000.0,273477501.0,183477501.0
Lowriders,"May 12, 2017",Adventure,5.7,1954,916000.0,6188421.0,5272421.0
Lowriders,"May 12, 2017",Crime,5.7,1954,916000.0,6188421.0,5272421.0
Lowriders,"May 12, 2017",Drama,5.7,1954,916000.0,6188421.0,5272421.0
The Sitter,"Dec 9, 2011",Comedy,5.7,65575,25000000.0,38749404.0,13749404.0
The Cold Light of Day,"Sep 7, 2012",Action,4.9,33039,20000000.0,25361206.0,5361206.0
The Cold Light of Day,"Sep 7, 2012",Thriller,4.9,33039,20000000.0,25361206.0,5361206.0
Cloud Atlas,"Oct 26, 2012",Action,7.4,326473,102000000.0,130673154.0,28673154.0
Cloud Atlas,"Oct 26, 2012",Drama,7.4,326473,102000000.0,130673154.0,28673154.0
Cloud Atlas,"Oct 26, 2012",Mystery,7.4,326473,102000000.0,130673154.0,28673154.0
Made in Dagenham,"Nov 19, 2010",Biography,7.2,13121,8000000.0,15644196.0,7644196.0
Made in Dagenham,"Nov 19, 2010",Comedy,7.2,13121,8000000.0,15644196.0,7644196.0
Made in Dagenham,"Nov 19, 2010",Drama,7.2,13121,8000000.0,15644196.0,7644196.0
The Kid,"Jul 7, 2000",Drama,6.9,1206,65000000.0,69688384.0,4688384.0
Coriolanus,"Jan 20, 2012",Drama,6.1,29654,10000000.0,2179623.0,-7820377.0
Coriolanus,"Jan 20, 2012",Thriller,6.1,29654,10000000.0,2179623.0,-7820377.0
Coriolanus,"Jan 20, 2012",War,6.1,29654,10000000.0,2179623.0,-7820377.0
Stranded,"Jul 26, 2013",Horror,5.1,800,1900000.0,285593.0,-1614407.0
Stranded,"Jul 26, 2013",Mystery,5.1,800,1900000.0,285593.0,-1614407.0
The Awakening,"Aug 17, 2012",Horror,2.4,141,4900000.0,6924321.0,2024321.0
The Awakening,"Aug 17, 2012",Thriller,2.4,141,4900000.0,6924321.0,2024321.0
Pride and Prejudice and Zombies,"Feb 5, 2016",Action,5.8,46187,28000000.0,16638300.0,-11361700.0
Pride and Prejudice and Zombies,"Feb 5, 2016",Comedy,5.8,46187,28000000.0,16638300.0,-11361700.0
Pride and Prejudice and Zombies,"Feb 5, 2016",Horror,5.8,46187,28000000.0,16638300.0,-11361700.0
Upside Down,"Mar 15, 2013",Drama,6.4,66347,50000000.0,26387039.0,-23612961.0
Upside Down,"Mar 15, 2013",Fantasy,6.4,66347,50000000.0,26387039.0,-23612961.0
Upside Down,"Mar 15, 2013",Romance,6.4,66347,50000000.0,26387039.0,-23612961.0
Inception,"Jul 16, 2010",Action,8.8,1841066,160000000.0,835524642.0,675524642.0
Inception,"Jul 16, 2010",Adventure,8.8,1841066,160000000.0,835524642.0,675524642.0
Inception,"Jul 16, 2010",Sci-Fi,8.8,1841066,160000000.0,835524642.0,675524642.0
Grown Ups,"Jun 25, 2010",Comedy,6.0,210377,75000000.0,272223430.0,197223430.0
Gunless,"Apr 30, 2010",Action,6.5,3376,9900000.0,458054.0,-9441946.0
Gunless,"Apr 30, 2010",Comedy,6.5,3376,9900000.0,458054.0,-9441946.0
Gunless,"Apr 30, 2010",Drama,6.5,3376,9900000.0,458054.0,-9441946.0
The Adventurer: The Curse of the Midas Box,"Jan 10, 2014",Adventure,5.4,5257,25000000.0,0.0,-25000000.0
The Adventurer: The Curse of the Midas Box,"Jan 10, 2014",Family,5.4,5257,25000000.0,0.0,-25000000.0
The Adventurer: The Curse of the Midas Box,"Jan 10, 2014",Fantasy,5.4,5257,25000000.0,0.0,-25000000.0
The Adjustment Bureau,"Mar 4, 2011",Romance,7.1,227616,50200000.0,126931325.0,76731325.0
The Adjustment Bureau,"Mar 4, 2011",Sci-Fi,7.1,227616,50200000.0,126931325.0,76731325.0
The Adjustment Bureau,"Mar 4, 2011",Thriller,7.1,227616,50200000.0,126931325.0,76731325.0
Cop Out,"Feb 26, 2010",Action,5.6,81656,37000000.0,55909910.0,18909910.0
Cop Out,"Feb 26, 2010",Comedy,5.6,81656,37000000.0,55909910.0,18909910.0
Cop Out,"Feb 26, 2010",Crime,5.6,81656,37000000.0,55909910.0,18909910.0
The Other Guys,"Aug 6, 2010",Action,6.7,221664,100000000.0,170936470.0,70936470.0
The Other Guys,"Aug 6, 2010",Comedy,6.7,221664,100000000.0,170936470.0,70936470.0
The Other Guys,"Aug 6, 2010",Crime,6.7,221664,100000000.0,170936470.0,70936470.0
Suicide Squad,"Aug 5, 2016",Action,6.0,533039,175000000.0,746059887.0,571059887.0
Suicide Squad,"Aug 5, 2016",Adventure,6.0,533039,175000000.0,746059887.0,571059887.0
Suicide Squad,"Aug 5, 2016",Fantasy,6.0,533039,175000000.0,746059887.0,571059887.0
Total Recall,"Aug 3, 2012",Action,6.3,228460,125000000.0,211856088.0,86856088.0
Total Recall,"Jun 1, 1990",Action,6.3,228460,65000000.0,261400000.0,196400000.0
Total Recall,"Aug 3, 2012",Adventure,6.3,228460,125000000.0,211856088.0,86856088.0
Total Recall,"Jun 1, 1990",Adventure,6.3,228460,65000000.0,261400000.0,196400000.0
Total Recall,"Aug 3, 2012",Mystery,6.3,228460,125000000.0,211856088.0,86856088.0
Total Recall,"Jun 1, 1990",Mystery,6.3,228460,65000000.0,261400000.0,196400000.0
Downsizing,"Dec 22, 2017",Drama,5.7,74815,68000000.0,54462971.0,-13537029.0
Downsizing,"Dec 22, 2017",Sci-Fi,5.7,74815,68000000.0,54462971.0,-13537029.0
We Bought a Zoo,"Dec 23, 2011",Comedy,7.1,126849,50000000.0,118729073.0,68729073.0
We Bought a Zoo,"Dec 23, 2011",Drama,7.1,126849,50000000.0,118729073.0,68729073.0
We Bought a Zoo,"Dec 23, 2011",Family,7.1,126849,50000000.0,118729073.0,68729073.0
When the Bough Breaks,"Sep 9, 2016",Crime,5.1,4729,10000000.0,30768449.0,20768449.0
When the Bough Breaks,"Sep 9, 2016",Drama,5.1,4729,10000000.0,30768449.0,20768449.0
When the Bough Breaks,"Sep 9, 2016",Horror,5.1,4729,10000000.0,30768449.0,20768449.0
In the Heart of the Sea,"Dec 11, 2015",Action,6.9,108628,100000000.0,89693309.0,-10306691.0
In the Heart of the Sea,"Dec 11, 2015",Adventure,6.9,108628,100000000.0,89693309.0,-10306691.0
In the Heart of the Sea,"Dec 11, 2015",Biography,6.9,108628,100000000.0,89693309.0,-10306691.0
The Lost Medallion: The Adventures of Billy Stone,"Mar 1, 2013",Adventure,4.9,1502,2500000.0,549632.0,-1950368.0
The Lost Medallion: The Adventures of Billy Stone,"Mar 1, 2013",Family,4.9,1502,2500000.0,549632.0,-1950368.0
The Lost Medallion: The Adventures of Billy Stone,"Mar 1, 2013",Fantasy,4.9,1502,2500000.0,549632.0,-1950368.0
Why Did I Get Married Too?,"Apr 2, 2010",Comedy,4.6,8653,20000000.0,60831067.0,40831067.0
Why Did I Get Married Too?,"Apr 2, 2010",Drama,4.6,8653,20000000.0,60831067.0,40831067.0
Why Did I Get Married Too?,"Apr 2, 2010",Romance,4.6,8653,20000000.0,60831067.0,40831067.0
The Hunger Games,"Mar 23, 2012",Action,7.2,795227,80000000.0,677923379.0,597923379.0
The Hunger Games,"Mar 23, 2012",Adventure,7.2,795227,80000000.0,677923379.0,597923379.0
The Hunger Games,"Mar 23, 2012",Sci-Fi,7.2,795227,80000000.0,677923379.0,597923379.0
Mad Max: Fury Road,"May 15, 2015",Action,8.1,780910,150000000.0,370098020.0,220098020.0
Mad Max: Fury Road,"May 15, 2015",Adventure,8.1,780910,150000000.0,370098020.0,220098020.0
Mad Max: Fury Road,"May 15, 2015",Sci-Fi,8.1,780910,150000000.0,370098020.0,220098020.0
Marmaduke,"Jun 4, 2010",Comedy,4.2,13283,50000000.0,89895930.0,39895930.0
Marmaduke,"Jun 4, 2010",Family,4.2,13283,50000000.0,89895930.0,39895930.0
Prisoners,"Sep 20, 2013",Crime,8.1,526273,46000000.0,113402302.0,67402302.0
Prisoners,"Sep 20, 2013",Drama,8.1,526273,46000000.0,113402302.0,67402302.0
Prisoners,"Sep 20, 2013",Mystery,8.1,526273,46000000.0,113402302.0,67402302.0
It,"Sep 8, 2017",Horror,7.4,359123,35000000.0,697457969.0,662457969.0
It,"Sep 8, 2017",Thriller,7.4,359123,35000000.0,697457969.0,662457969.0
Taken 2,"Oct 5, 2012",Action,6.3,273106,45000000.0,377807404.0,332807404.0
Taken 2,"Oct 5, 2012",Thriller,6.3,273106,45000000.0,377807404.0,332807404.0
Journey 2: The Mysterious Island,"Feb 10, 2012",Action,5.8,83507,79000000.0,318146162.0,239146162.0
Journey 2: The Mysterious Island,"Feb 10, 2012",Adventure,5.8,83507,79000000.0,318146162.0,239146162.0
Journey 2: The Mysterious Island,"Feb 10, 2012",Comedy,5.8,83507,79000000.0,318146162.0,239146162.0
Straight Outta Compton,"Aug 14, 2015",Biography,7.9,165307,28000000.0,202182981.0,174182981.0
Straight Outta Compton,"Aug 14, 2015",Drama,7.9,165307,28000000.0,202182981.0,174182981.0
Straight Outta Compton,"Aug 14, 2015",History,7.9,165307,28000000.0,202182981.0,174182981.0
Transformers: Dark of the Moon,"Jun 29, 2011",Action,6.2,366409,195000000.0,1123790543.0,928790543.0
Transformers: Dark of the Moon,"Jun 29, 2011",Adventure,6.2,366409,195000000.0,1123790543.0,928790543.0
Transformers: Dark of the Moon,"Jun 29, 2011",Sci-Fi,6.2,366409,195000000.0,1123790543.0,928790543.0
Winter's Bone,"Jun 11, 2010",Drama,7.2,127751,2000000.0,16131551.0,14131551.0
Winter's Bone,"Jun 11, 2010",Mystery,7.2,127751,2000000.0,16131551.0,14131551.0
Unknown,"Feb 18, 2011",Action,6.9,235167,40000000.0,136123083.0,96123083.0
Unknown,"Nov 3, 2006",Action,6.9,235167,3700000.0,3355048.0,-344952.0
Unknown,"Feb 18, 2011",Mystery,6.9,235167,40000000.0,136123083.0,96123083.0
Unknown,"Nov 3, 2006",Mystery,6.9,235167,3700000.0,3355048.0,-344952.0
Unknown,"Feb 18, 2011",Thriller,6.9,235167,40000000.0,136123083.0,96123083.0
Unknown,"Nov 3, 2006",Thriller,6.9,235167,3700000.0,3355048.0,-344952.0
Happy Feet Two,"Nov 18, 2011",Adventure,5.9,38396,135000000.0,157956466.0,22956466.0
Happy Feet Two,"Nov 18, 2011",Animation,5.9,38396,135000000.0,157956466.0,22956466.0
Happy Feet Two,"Nov 18, 2011",Comedy,5.9,38396,135000000.0,157956466.0,22956466.0
Hesher,"May 13, 2011",Comedy,7.0,48483,7000000.0,382946.0,-6617054.0
Hesher,"May 13, 2011",Crime,7.0,48483,7000000.0,382946.0,-6617054.0
Hesher,"May 13, 2011",Drama,7.0,48483,7000000.0,382946.0,-6617054.0
Wolves,"Nov 14, 2014",Action,5.3,7312,18000000.0,94953.0,-17905047.0
Wolves,"Nov 14, 2014",Fantasy,5.3,7312,18000000.0,94953.0,-17905047.0
Wolves,"Nov 14, 2014",Horror,5.3,7312,18000000.0,94953.0,-17905047.0
True Grit,"Dec 22, 2010",Adventure,7.6,284034,35000000.0,252276928.0,217276928.0
True Grit,"Dec 22, 2010",Drama,7.6,284034,35000000.0,252276928.0,217276928.0
True Grit,"Dec 22, 2010",Western,7.6,284034,35000000.0,252276928.0,217276928.0
Remember Me,"Mar 12, 2010",Drama,7.1,129443,16000000.0,56506120.0,40506120.0
Remember Me,"Mar 12, 2010",Romance,7.1,129443,16000000.0,56506120.0,40506120.0
For Colored Girls,"Nov 5, 2010",Drama,6.1,6728,21000000.0,38017873.0,17017873.0
Just Wright,"May 14, 2010",Comedy,5.9,12466,12000000.0,21867665.0,9867665.0
Just Wright,"May 14, 2010",Romance,5.9,12466,12000000.0,21867665.0,9867665.0
Just Wright,"May 14, 2010",Sport,5.9,12466,12000000.0,21867665.0,9867665.0
Star Trek Into Darkness,"May 16, 2013",Action,7.7,445535,190000000.0,467381584.0,277381584.0
Star Trek Into Darkness,"May 16, 2013",Adventure,7.7,445535,190000000.0,467381584.0,277381584.0
Star Trek Into Darkness,"May 16, 2013",Sci-Fi,7.7,445535,190000000.0,467381584.0,277381584.0
Ride Along,"Jan 17, 2014",Action,6.2,94529,25000000.0,153733800.0,128733800.0
Ride Along,"Jan 17, 2014",Comedy,6.2,94529,25000000.0,153733800.0,128733800.0
Ride Along,"Jan 17, 2014",Crime,6.2,94529,25000000.0,153733800.0,128733800.0
Men in Black 3,"May 25, 2012",Action,6.8,309879,215000000.0,654213485.0,439213485.0
Men in Black 3,"May 25, 2012",Adventure,6.8,309879,215000000.0,654213485.0,439213485.0
Men in Black 3,"May 25, 2012",Comedy,6.8,309879,215000000.0,654213485.0,439213485.0
Beloved,"Oct 16, 1998",Comedy,6.4,506,53000000.0,22852487.0,-30147513.0
No Strings Attached,"Jan 21, 2011",Comedy,6.2,197663,25000000.0,149228078.0,124228078.0
No Strings Attached,"Jan 21, 2011",Romance,6.2,197663,25000000.0,149228078.0,124228078.0
Riddick,"Sep 6, 2013",Action,6.4,144821,38000000.0,94763758.0,56763758.0
Riddick,"Sep 6, 2013",Adventure,6.4,144821,38000000.0,94763758.0,56763758.0
Riddick,"Sep 6, 2013",Sci-Fi,6.4,144821,38000000.0,94763758.0,56763758.0
Bucky Larson: Born to Be a Star,"Sep 9, 2011",Comedy,3.3,10648,10000000.0,2529395.0,-7470605.0
The Hangover Part II,"May 26, 2011",Comedy,6.5,432800,80000000.0,586464305.0,506464305.0
The Hangover Part II,"May 26, 2011",Mystery,6.5,432800,80000000.0,586464305.0,506464305.0
Hop,"Apr 1, 2011",Adventure,5.4,28893,63000000.0,188657593.0,125657593.0
Hop,"Apr 1, 2011",Animation,5.4,28893,63000000.0,188657593.0,125657593.0
Hop,"Apr 1, 2011",Comedy,5.4,28893,63000000.0,188657593.0,125657593.0
The Best Exotic Marigold Hotel,"May 4, 2012",Comedy,7.3,85811,10000000.0,134639780.0,124639780.0
The Best Exotic Marigold Hotel,"May 4, 2012",Drama,7.3,85811,10000000.0,134639780.0,124639780.0
The Best Exotic Marigold Hotel,"May 4, 2012",Romance,7.3,85811,10000000.0,134639780.0,124639780.0
Table 19,"Mar 3, 2017",Comedy,5.8,22751,5000000.0,4620399.0,-379601.0
Table 19,"Mar 3, 2017",Drama,5.8,22751,5000000.0,4620399.0,-379601.0
Table 19,"Mar 3, 2017",Romance,5.8,22751,5000000.0,4620399.0,-379601.0
12 Strong,"Jan 19, 2018",Action,6.6,50155,35000000.0,71118378.0,36118378.0
12 Strong,"Jan 19, 2018",Drama,6.6,50155,35000000.0,71118378.0,36118378.0
12 Strong,"Jan 19, 2018",History,6.6,50155,35000000.0,71118378.0,36118378.0
Paranoia,"Aug 16, 2013",Drama,5.7,33149,40000000.0,16340767.0,-23659233.0
Paranoia,"Aug 16, 2013",Thriller,5.7,33149,40000000.0,16340767.0,-23659233.0
Tracker,"Dec 31, 2011",Action,6.5,3460,6500000.0,3149.0,-6496851.0
Tracker,"Dec 31, 2011",Adventure,6.5,3460,6500000.0,3149.0,-6496851.0
Tracker,"Dec 31, 2011",Drama,6.5,3460,6500000.0,3149.0,-6496851.0
You Again,"Sep 24, 2010",Comedy,5.8,46690,20000000.0,32838945.0,12838945.0
You Again,"Sep 24, 2010",Family,5.8,46690,20000000.0,32838945.0,12838945.0
You Again,"Sep 24, 2010",Romance,5.8,46690,20000000.0,32838945.0,12838945.0
Kill the Irishman,"Mar 11, 2011",Biography,7.1,41504,12000000.0,1188194.0,-10811806.0
Kill the Irishman,"Mar 11, 2011",Crime,7.1,41504,12000000.0,1188194.0,-10811806.0
Kill the Irishman,"Mar 11, 2011",Drama,7.1,41504,12000000.0,1188194.0,-10811806.0
"I, Frankenstein","Jan 24, 2014",Action,5.1,74910,65000000.0,74575290.0,9575290.0
"I, Frankenstein","Jan 24, 2014",Fantasy,5.1,74910,65000000.0,74575290.0,9575290.0
"I, Frankenstein","Jan 24, 2014",Horror,5.1,74910,65000000.0,74575290.0,9575290.0
Beneath Hill 60,"Jun 17, 2014",Drama,7.1,6903,9000000.0,3440939.0,-5559061.0
Beneath Hill 60,"Jun 17, 2014",History,7.1,6903,9000000.0,3440939.0,-5559061.0
Beneath Hill 60,"Jun 17, 2014",War,7.1,6903,9000000.0,3440939.0,-5559061.0
Somewhere,"Dec 22, 2010",Comedy,6.3,40250,7000000.0,17023121.0,10023121.0
Somewhere,"Dec 22, 2010",Drama,6.3,40250,7000000.0,17023121.0,10023121.0
A Lonely Place to Die,"Mar 20, 2012",Adventure,6.3,25547,4000000.0,442550.0,-3557450.0
A Lonely Place to Die,"Mar 20, 2012",Crime,6.3,25547,4000000.0,442550.0,-3557450.0
A Lonely Place to Die,"Mar 20, 2012",Thriller,6.3,25547,4000000.0,442550.0,-3557450.0
Barney's Version,"Jan 14, 2011",Comedy,7.3,23058,30000000.0,8845575.0,-21154425.0
Barney's Version,"Jan 14, 2011",Drama,7.3,23058,30000000.0,8845575.0,-21154425.0
Stone,"Oct 8, 2010",Drama,5.4,38667,22000000.0,4065020.0,-17934980.0
Stone,"Oct 8, 2010",Thriller,5.4,38667,22000000.0,4065020.0,-17934980.0
Predators,"Jul 9, 2010",Action,6.4,199764,40000000.0,127234389.0,87234389.0
Predators,"Jul 9, 2010",Adventure,6.4,199764,40000000.0,127234389.0,87234389.0
Predators,"Jul 9, 2010",Sci-Fi,6.4,199764,40000000.0,127234389.0,87234389.0
Black Nativity,"Nov 27, 2013",Drama,4.6,1901,17500000.0,7285135.0,-10214865.0
Black Nativity,"Nov 27, 2013",Family,4.6,1901,17500000.0,7285135.0,-10214865.0
Black Nativity,"Nov 27, 2013",Music,4.6,1901,17500000.0,7285135.0,-10214865.0
Hansel & Gretel: Witch Hunters,"Jan 25, 2013",Action,6.1,183387,50000000.0,214949716.0,164949716.0
Hansel & Gretel: Witch Hunters,"Jan 25, 2013",Fantasy,6.1,183387,50000000.0,214949716.0,164949716.0
Hansel & Gretel: Witch Hunters,"Jan 25, 2013",Horror,6.1,183387,50000000.0,214949716.0,164949716.0
The Wolverine,"Jul 26, 2013",Action,6.7,401286,115000000.0,416456852.0,301456852.0
The Wolverine,"Jul 26, 2013",Adventure,6.7,401286,115000000.0,416456852.0,301456852.0
The Wolverine,"Jul 26, 2013",Sci-Fi,6.7,401286,115000000.0,416456852.0,301456852.0
Arthur Christmas,"Nov 23, 2011",Adventure,7.1,45439,85000000.0,149717124.0,64717124.0
Arthur Christmas,"Nov 23, 2011",Animation,7.1,45439,85000000.0,149717124.0,64717124.0
Arthur Christmas,"Nov 23, 2011",Comedy,7.1,45439,85000000.0,149717124.0,64717124.0
Brick Mansions,"Apr 25, 2014",Action,5.7,37528,28000000.0,73421224.0,45421224.0
Brick Mansions,"Apr 25, 2014",Crime,5.7,37528,28000000.0,73421224.0,45421224.0
Big Miracle,"Feb 3, 2012",Biography,6.5,17585,40000000.0,25268680.0,-14731320.0
Big Miracle,"Feb 3, 2012",Drama,6.5,17585,40000000.0,25268680.0,-14731320.0
Big Miracle,"Feb 3, 2012",Family,6.5,17585,40000000.0,25268680.0,-14731320.0
Payback,"Feb 5, 1999",Documentary,6.4,186,50000000.0,161626121.0,111626121.0
The Pirates! Band of Misfits,"Apr 27, 2012",Adventure,6.7,41958,55000000.0,136143605.0,81143605.0
The Pirates! Band of Misfits,"Apr 27, 2012",Animation,6.7,41958,55000000.0,136143605.0,81143605.0
The Pirates! Band of Misfits,"Apr 27, 2012",Comedy,6.7,41958,55000000.0,136143605.0,81143605.0
Deadline,"Dec 31, 2009",Drama,4.8,396,1800000.0,0.0,-1800000.0
Deadline,"Dec 31, 2009",Mystery,4.8,396,1800000.0,0.0,-1800000.0
Deadline,"Dec 31, 2009",Thriller,4.8,396,1800000.0,0.0,-1800000.0
Deadpool,"Feb 12, 2016",Action,8.0,820847,58000000.0,801025593.0,743025593.0
Deadpool,"Feb 12, 2016",Adventure,8.0,820847,58000000.0,801025593.0,743025593.0
Deadpool,"Feb 12, 2016",Comedy,8.0,820847,58000000.0,801025593.0,743025593.0
Forget Me Not,"May 24, 2011",Romance,6.6,1835,1300000.0,13465.0,-1286535.0
Another Year,"Dec 29, 2010",Comedy,7.3,26273,8000000.0,20005613.0,12005613.0
Another Year,"Dec 29, 2010",Drama,7.3,26273,8000000.0,20005613.0,12005613.0
Faster,"Nov 24, 2010",Action,6.5,93618,24000000.0,35792945.0,11792945.0
Faster,"Nov 24, 2010",Crime,6.5,93618,24000000.0,35792945.0,11792945.0
Faster,"Nov 24, 2010",Drama,6.5,93618,24000000.0,35792945.0,11792945.0
Sleeper,"Dec 17, 1973",Action,3.8,118,2000000.0,18344729.0,16344729.0
Sleeper,"Dec 17, 1973",Horror,3.8,118,2000000.0,18344729.0,16344729.0
The Apparition,"Aug 24, 2012",Horror,4.1,18112,17000000.0,10637281.0,-6362719.0
The Apparition,"Aug 24, 2012",Thriller,4.1,18112,17000000.0,10637281.0,-6362719.0
Rio,"Apr 15, 2011",Adventure,6.9,191621,90000000.0,487519809.0,397519809.0
Rio,"Apr 15, 2011",Animation,6.9,191621,90000000.0,487519809.0,397519809.0
Rio,"Apr 15, 2011",Comedy,6.9,191621,90000000.0,487519809.0,397519809.0
Bait,"Sep 15, 2000",Action,5.2,14627,35000000.0,15471969.0,-19528031.0
Bait,"Sep 15, 2000",Adventure,5.2,14627,35000000.0,15471969.0,-19528031.0
Bait,"Sep 15, 2000",Drama,5.2,14627,35000000.0,15471969.0,-19528031.0
Fright Night,"Aug 19, 2011",Comedy,6.4,94555,30000000.0,40520649.0,10520649.0
Fright Night,"Aug 19, 2011",Horror,6.4,94555,30000000.0,40520649.0,10520649.0
Charlie St. Cloud,"Jul 30, 2010",Drama,6.5,55016,44000000.0,48478084.0,4478084.0
Charlie St. Cloud,"Jul 30, 2010",Fantasy,6.5,55016,44000000.0,48478084.0,4478084.0
Charlie St. Cloud,"Jul 30, 2010",Romance,6.5,55016,44000000.0,48478084.0,4478084.0
Battleship,"May 18, 2012",Action,5.8,225342,220000000.0,313477717.0,93477717.0
Battleship,"May 18, 2012",Adventure,5.8,225342,220000000.0,313477717.0,93477717.0
Battleship,"May 18, 2012",Sci-Fi,5.8,225342,220000000.0,313477717.0,93477717.0
A Little Bit of Heaven,"May 4, 2012",Comedy,6.3,26441,12500000.0,1100287.0,-11399713.0
A Little Bit of Heaven,"May 4, 2012",Drama,6.3,26441,12500000.0,1100287.0,-11399713.0
A Little Bit of Heaven,"May 4, 2012",Fantasy,6.3,26441,12500000.0,1100287.0,-11399713.0
Submarine,"Jun 3, 2011",Comedy,7.3,79810,1900000.0,4581937.0,2681937.0
Submarine,"Jun 3, 2011",Drama,7.3,79810,1900000.0,4581937.0,2681937.0
Submarine,"Jun 3, 2011",Romance,7.3,79810,1900000.0,4581937.0,2681937.0
The American,"Sep 1, 2010",Crime,6.3,86863,20000000.0,67950723.0,47950723.0
The American,"Sep 1, 2010",Drama,6.3,86863,20000000.0,67950723.0,47950723.0
The American,"Sep 1, 2010",Thriller,6.3,86863,20000000.0,67950723.0,47950723.0
Martha Marcy May Marlene,"Oct 21, 2011",Drama,6.9,45873,1000000.0,5438911.0,4438911.0
Martha Marcy May Marlene,"Oct 21, 2011",Mystery,6.9,45873,1000000.0,5438911.0,4438911.0
Martha Marcy May Marlene,"Oct 21, 2011",Thriller,6.9,45873,1000000.0,5438911.0,4438911.0
Under the Skin,"Apr 4, 2014",Drama,6.3,113196,13300000.0,7229933.0,-6070067.0
Under the Skin,"Apr 4, 2014",Horror,6.3,113196,13300000.0,7229933.0,-6070067.0
Under the Skin,"Apr 4, 2014",Sci-Fi,6.3,113196,13300000.0,7229933.0,-6070067.0
Quartet,"Jan 11, 2013",Comedy,6.8,17979,11000000.0,56178935.0,45178935.0
Quartet,"Jan 11, 2013",Drama,6.8,17979,11000000.0,56178935.0,45178935.0
Testament of Youth,"Jun 5, 2015",Biography,7.3,23632,10000000.0,6646669.0,-3353331.0
Testament of Youth,"Jun 5, 2015",Drama,7.3,23632,10000000.0,6646669.0,-3353331.0
Testament of Youth,"Jun 5, 2015",History,7.3,23632,10000000.0,6646669.0,-3353331.0
Rise of the Guardians,"Nov 21, 2012",Action,7.3,145281,145000000.0,306900902.0,161900902.0
Rise of the Guardians,"Nov 21, 2012",Adventure,7.3,145281,145000000.0,306900902.0,161900902.0
Rise of the Guardians,"Nov 21, 2012",Animation,7.3,145281,145000000.0,306900902.0,161900902.0
Prometheus,"Jun 8, 2012",Adventure,7.0,538720,125000000.0,402448265.0,277448265.0
Prometheus,"Jun 8, 2012",Mystery,7.0,538720,125000000.0,402448265.0,277448265.0
Prometheus,"Jun 8, 2012",Sci-Fi,7.0,538720,125000000.0,402448265.0,277448265.0
Bones,"Oct 24, 2001",Drama,6.6,347,10000000.0,8378853.0,-1621147.0
My Girlfriend's Boyfriend,"May 1, 2010",Comedy,5.8,5461,1400000.0,0.0,-1400000.0
My Girlfriend's Boyfriend,"May 1, 2010",Romance,5.8,5461,1400000.0,0.0,-1400000.0
Killer Elite,"Sep 23, 2011",Action,6.5,117711,70000000.0,65409046.0,-4590954.0
Killer Elite,"Sep 23, 2011",Crime,6.5,117711,70000000.0,65409046.0,-4590954.0
Killer Elite,"Sep 23, 2011",Thriller,6.5,117711,70000000.0,65409046.0,-4590954.0
Winnie the Pooh,"Jul 15, 2011",Adventure,7.2,19605,30000000.0,50145607.0,20145607.0
Winnie the Pooh,"Jul 15, 2011",Animation,7.2,19605,30000000.0,50145607.0,20145607.0
Winnie the Pooh,"Jul 15, 2011",Comedy,7.2,19605,30000000.0,50145607.0,20145607.0
Monsters University,"Jun 21, 2013",Adventure,7.3,291887,200000000.0,743588329.0,543588329.0
Monsters University,"Jun 21, 2013",Animation,7.3,291887,200000000.0,743588329.0,543588329.0
Monsters University,"Jun 21, 2013",Comedy,7.3,291887,200000000.0,743588329.0,543588329.0
The Help,"Aug 10, 2011",Drama,8.1,392699,25000000.0,213120004.0,188120004.0
Gravity,"Oct 4, 2013",Drama,7.7,710018,110000000.0,693698673.0,583698673.0
Gravity,"Oct 4, 2013",Sci-Fi,7.7,710018,110000000.0,693698673.0,583698673.0
Gravity,"Oct 4, 2013",Thriller,7.7,710018,110000000.0,693698673.0,583698673.0
No Man's Land,"Dec 7, 2001",Adventure,7.3,1756,1000000.0,2684207.0,1684207.0
No Man's Land,"Dec 7, 2001",Crime,7.3,1756,1000000.0,2684207.0,1684207.0
No Man's Land,"Dec 7, 2001",Drama,7.3,1756,1000000.0,2684207.0,1684207.0
The Conjuring,"Jul 19, 2013",Horror,7.5,397233,20000000.0,318000141.0,298000141.0
The Conjuring,"Jul 19, 2013",Mystery,7.5,397233,20000000.0,318000141.0,298000141.0
The Conjuring,"Jul 19, 2013",Thriller,7.5,397233,20000000.0,318000141.0,298000141.0
Kidnap,"Aug 4, 2017",Crime,5.9,28898,21000000.0,34836080.0,13836080.0
Kidnap,"Aug 4, 2017",Drama,5.9,28898,21000000.0,34836080.0,13836080.0
Kidnap,"Aug 4, 2017",Thriller,5.9,28898,21000000.0,34836080.0,13836080.0
The Next Three Days,"Nov 19, 2010",Action,7.4,168066,30000000.0,67255916.0,37255916.0
The Next Three Days,"Nov 19, 2010",Crime,7.4,168066,30000000.0,67255916.0,37255916.0
The Next Three Days,"Nov 19, 2010",Drama,7.4,168066,30000000.0,67255916.0,37255916.0
Reign of Assassins,"Nov 1, 2016",Action,6.9,6990,14000000.0,11354230.0,-2645770.0
Reign of Assassins,"Nov 1, 2016",Adventure,6.9,6990,14000000.0,11354230.0,-2645770.0
Henry & Me,"Aug 18, 2014",Animation,6.2,132,5000000.0,0.0,-5000000.0
Henry & Me,"Aug 18, 2014",Family,6.2,132,5000000.0,0.0,-5000000.0
Dream House,"Sep 30, 2011",Drama,6.0,59714,50000000.0,41642166.0,-8357834.0
Dream House,"Sep 30, 2011",Mystery,6.0,59714,50000000.0,41642166.0,-8357834.0
Dream House,"Sep 30, 2011",Thriller,6.0,59714,50000000.0,41642166.0,-8357834.0
Letters to God,"Apr 9, 2010",Drama,6.3,4443,3000000.0,3237452.0,237452.0
Letters to God,"Apr 9, 2010",Family,6.3,4443,3000000.0,3237452.0,237452.0
Buried,"Sep 24, 2010",Drama,7.0,139426,1987650.0,21270290.0,19282640.0
Buried,"Sep 24, 2010",Mystery,7.0,139426,1987650.0,21270290.0,19282640.0
Buried,"Sep 24, 2010",Thriller,7.0,139426,1987650.0,21270290.0,19282640.0
The Odd Life of Timothy Green,"Aug 15, 2012",Comedy,6.6,42770,40000000.0,55249159.0,15249159.0
The Odd Life of Timothy Green,"Aug 15, 2012",Drama,6.6,42770,40000000.0,55249159.0,15249159.0
The Odd Life of Timothy Green,"Aug 15, 2012",Family,6.6,42770,40000000.0,55249159.0,15249159.0
"Big Mommas: Like Father, Like Son","Feb 18, 2011",Action,4.4,23520,32000000.0,82332450.0,50332450.0
"Big Mommas: Like Father, Like Son","Feb 18, 2011",Comedy,4.4,23520,32000000.0,82332450.0,50332450.0
"Big Mommas: Like Father, Like Son","Feb 18, 2011",Crime,4.4,23520,32000000.0,82332450.0,50332450.0
Stake Land,"Apr 22, 2011",Drama,6.5,38749,4000000.0,679482.0,-3320518.0
Stake Land,"Apr 22, 2011",Horror,6.5,38749,4000000.0,679482.0,-3320518.0
Stake Land,"Apr 22, 2011",Sci-Fi,6.5,38749,4000000.0,679482.0,-3320518.0
Joy,"Dec 25, 2015",Drama,6.1,233,60000000.0,101134059.0,41134059.0
Baywatch,"May 25, 2017",Action,5.6,137528,60000000.0,175863783.0,115863783.0
Baywatch,"May 25, 2017",Comedy,5.6,137528,60000000.0,175863783.0,115863783.0
Baywatch,"May 25, 2017",Crime,5.6,137528,60000000.0,175863783.0,115863783.0
Redemption Road,"Aug 26, 2011",Drama,5.8,479,2300000.0,29384.0,-2270616.0
MacGruber,"May 21, 2010",Action,5.5,39782,10000000.0,8629895.0,-1370105.0
MacGruber,"May 21, 2010",Comedy,5.5,39782,10000000.0,8629895.0,-1370105.0
MacGruber,"May 21, 2010",Romance,5.5,39782,10000000.0,8629895.0,-1370105.0
Monsters,"Oct 29, 2010",Drama,6.4,84332,500000.0,5639730.0,5139730.0
Monsters,"Oct 29, 2010",Sci-Fi,6.4,84332,500000.0,5639730.0,5139730.0
Monsters,"Oct 29, 2010",Thriller,6.4,84332,500000.0,5639730.0,5139730.0
Max Steel,"Oct 14, 2016",Action,4.6,16788,10000000.0,4563080.0,-5436920.0
Max Steel,"Oct 14, 2016",Adventure,4.6,16788,10000000.0,4563080.0,-5436920.0
Max Steel,"Oct 14, 2016",Family,4.6,16788,10000000.0,4563080.0,-5436920.0
Aquaman,"Dec 21, 2018",Action,7.1,263328,160000000.0,1146894640.0,986894640.0
Aquaman,"Dec 21, 2018",Adventure,7.1,263328,160000000.0,1146894640.0,986894640.0
Aquaman,"Dec 21, 2018",Fantasy,7.1,263328,160000000.0,1146894640.0,986894640.0
Cedar Rapids,"Feb 11, 2011",Comedy,6.3,34759,10000000.0,7862131.0,-2137869.0
Bridesmaids,"May 13, 2011",Comedy,6.8,249501,32500000.0,289632023.0,257132023.0
Bridesmaids,"May 13, 2011",Romance,6.8,249501,32500000.0,289632023.0,257132023.0
Attack the Block,"Jul 29, 2011",Action,6.7,93868,13000000.0,6459183.0,-6540817.0
Attack the Block,"Jul 29, 2011",Comedy,6.7,93868,13000000.0,6459183.0,-6540817.0
Attack the Block,"Jul 29, 2011",Sci-Fi,6.7,93868,13000000.0,6459183.0,-6540817.0
Eddie: The Sleepwalking Cannibal,"Apr 5, 2013",Comedy,5.6,1364,1400000.0,1632.0,-1398368.0
Eddie: The Sleepwalking Cannibal,"Apr 5, 2013",Horror,5.6,1364,1400000.0,1632.0,-1398368.0
Logan,"Mar 3, 2017",Comedy,6.2,252,127000000.0,615461394.0,488461394.0
Logan,"Mar 3, 2017",Drama,6.2,252,127000000.0,615461394.0,488461394.0
Logan,"Mar 3, 2017",Family,6.2,252,127000000.0,615461394.0,488461394.0
Oblivion,"Apr 19, 2013",Action,7.0,453966,120000000.0,287916633.0,167916633.0
Oblivion,"Apr 19, 2013",Adventure,7.0,453966,120000000.0,287916633.0,167916633.0
Oblivion,"Apr 19, 2013",Sci-Fi,7.0,453966,120000000.0,287916633.0,167916633.0
8: The Mormon Proposition,"Jun 18, 2010",Documentary,7.0,1190,2500000.0,100280.0,-2399720.0
The Greatest Showman,"Dec 20, 2017",Biography,7.6,199663,84000000.0,386665550.0,302665550.0
The Greatest Showman,"Dec 20, 2017",Drama,7.6,199663,84000000.0,386665550.0,302665550.0
The Greatest Showman,"Dec 20, 2017",Musical,7.6,199663,84000000.0,386665550.0,302665550.0
Red Riding Hood,"Mar 11, 2011",Fantasy,5.5,102369,42000000.0,91678442.0,49678442.0
Red Riding Hood,"Mar 11, 2011",Horror,5.5,102369,42000000.0,91678442.0,49678442.0
Red Riding Hood,"Mar 11, 2011",Mystery,5.5,102369,42000000.0,91678442.0,49678442.0
The Raven,"Apr 27, 2012",Crime,6.4,79578,26000000.0,30601801.0,4601801.0
The Raven,"Apr 27, 2012",Mystery,6.4,79578,26000000.0,30601801.0,4601801.0
The Raven,"Apr 27, 2012",Thriller,6.4,79578,26000000.0,30601801.0,4601801.0
5 Days of War,"Aug 19, 2011",Action,5.6,13089,12000000.0,87793.0,-11912207.0
5 Days of War,"Aug 19, 2011",Drama,5.6,13089,12000000.0,87793.0,-11912207.0
5 Days of War,"Aug 19, 2011",War,5.6,13089,12000000.0,87793.0,-11912207.0
Khumba,"Dec 6, 2013",Adventure,5.7,4984,15000000.0,20898221.0,5898221.0
Khumba,"Dec 6, 2013",Animation,5.7,4984,15000000.0,20898221.0,5898221.0
Khumba,"Dec 6, 2013",Family,5.7,4984,15000000.0,20898221.0,5898221.0
Zambezia,"Dec 31, 2012",Adventure,5.8,6010,20000000.0,34454336.0,14454336.0
Zambezia,"Dec 31, 2012",Animation,5.8,6010,20000000.0,34454336.0,14454336.0
Zambezia,"Dec 31, 2012",Comedy,5.8,6010,20000000.0,34454336.0,14454336.0
The Change-Up,"Aug 5, 2011",Comedy,6.3,155374,52000000.0,75997067.0,23997067.0
The Change-Up,"Aug 5, 2011",Fantasy,6.3,155374,52000000.0,75997067.0,23997067.0
The Forest,"Jan 8, 2016",Horror,3.5,135,10000000.0,40749230.0,30749230.0
The Forest,"Jan 8, 2016",Thriller,3.5,135,10000000.0,40749230.0,30749230.0
Central Intelligence,"Jun 17, 2016",Action,6.3,138872,50000000.0,217194805.0,167194805.0
Central Intelligence,"Jun 17, 2016",Comedy,6.3,138872,50000000.0,217194805.0,167194805.0
Central Intelligence,"Jun 17, 2016",Crime,6.3,138872,50000000.0,217194805.0,167194805.0
The Lego Movie,"Feb 7, 2014",Action,7.8,304179,60000000.0,457729388.0,397729388.0
The Lego Movie,"Feb 7, 2014",Adventure,7.8,304179,60000000.0,457729388.0,397729388.0
The Lego Movie,"Feb 7, 2014",Animation,7.8,304179,60000000.0,457729388.0,397729388.0
The Iceman,"May 3, 2013",Biography,6.9,65571,10000000.0,3623609.0,-6376391.0
The Iceman,"May 3, 2013",Crime,6.9,65571,10000000.0,3623609.0,-6376391.0
The Iceman,"May 3, 2013",Drama,6.9,65571,10000000.0,3623609.0,-6376391.0
Foreign Letters,"Mar 31, 2012",Comedy,6.9,180,40000.0,0.0,-40000.0
Foreign Letters,"Mar 31, 2012",Drama,6.9,180,40000.0,0.0,-40000.0
The Paperboy,"Oct 5, 2012",Crime,5.8,33940,12500000.0,4027663.0,-8472337.0
The Paperboy,"Oct 5, 2012",Drama,5.8,33940,12500000.0,4027663.0,-8472337.0
The Paperboy,"Oct 5, 2012",Mystery,5.8,33940,12500000.0,4027663.0,-8472337.0
Red River,"Aug 26, 1948",Horror,2.3,179,3000000.0,9012000.0,6012000.0
Restless,"Sep 16, 2011",Drama,6.8,16736,8000000.0,2772511.0,-5227489.0
Restless,"Sep 16, 2011",Romance,6.8,16736,8000000.0,2772511.0,-5227489.0
Horrible Bosses,"Jul 8, 2011",Comedy,6.9,398695,35000000.0,212417601.0,177417601.0
Horrible Bosses,"Jul 8, 2011",Crime,6.9,398695,35000000.0,212417601.0,177417601.0
Vampires,"Oct 30, 1998",Comedy,6.2,851,20000000.0,20268825.0,268825.0
Vampires,"Oct 30, 1998",Fantasy,6.2,851,20000000.0,20268825.0,268825.0
Vampires,"Oct 30, 1998",Horror,6.2,851,20000000.0,20268825.0,268825.0
Drive Angry,"Feb 25, 2011",Action,5.4,90203,50000000.0,41042583.0,-8957417.0
Drive Angry,"Feb 25, 2011",Fantasy,5.4,90203,50000000.0,41042583.0,-8957417.0
Drive Angry,"Feb 25, 2011",Thriller,5.4,90203,50000000.0,41042583.0,-8957417.0
Halloween,"Aug 31, 2007",Horror,6.6,88395,15000000.0,77514401.0,62514401.0
Halloween,"Oct 19, 2018",Horror,6.6,88395,10000000.0,254900667.0,244900667.0
Halloween,"Oct 17, 1978",Horror,6.6,88395,325000.0,70000000.0,69675000.0
Halloween,"Aug 31, 2007",Thriller,6.6,88395,15000000.0,77514401.0,62514401.0
Halloween,"Oct 19, 2018",Thriller,6.6,88395,10000000.0,254900667.0,244900667.0
Halloween,"Oct 17, 1978",Thriller,6.6,88395,325000.0,70000000.0,69675000.0
Fantastic Four,"Aug 7, 2015",Action,4.3,140148,120000000.0,167849187.0,47849187.0
Fantastic Four,"Jul 8, 2005",Action,4.3,140148,87500000.0,333132750.0,245632750.0
Fantastic Four,"Aug 7, 2015",Adventure,4.3,140148,120000000.0,167849187.0,47849187.0
Fantastic Four,"Jul 8, 2005",Adventure,4.3,140148,87500000.0,333132750.0,245632750.0
Fantastic Four,"Aug 7, 2015",Drama,4.3,140148,120000000.0,167849187.0,47849187.0
Fantastic Four,"Jul 8, 2005",Drama,4.3,140148,87500000.0,333132750.0,245632750.0
Haywire,"Jan 20, 2012",Action,5.8,78681,23000000.0,36374700.0,13374700.0
Haywire,"Jan 20, 2012",Drama,5.8,78681,23000000.0,36374700.0,13374700.0
Haywire,"Jan 20, 2012",Thriller,5.8,78681,23000000.0,36374700.0,13374700.0
Cargo,"Oct 21, 2011",Drama,5.2,454,4200000.0,313230.0,-3886770.0
Le Havre,"Oct 21, 2011",Comedy,7.2,18490,5500000.0,13480196.0,7980196.0
Le Havre,"Oct 21, 2011",Drama,7.2,18490,5500000.0,13480196.0,7980196.0
The Three Musketeers,"Oct 21, 2011",Action,5.8,98408,90000000.0,139877913.0,49877913.0
The Three Musketeers,"Oct 21, 2011",Adventure,5.8,98408,90000000.0,139877913.0,49877913.0
The Three Musketeers,"Oct 21, 2011",Romance,5.8,98408,90000000.0,139877913.0,49877913.0
Griff the Invisible,"Aug 19, 2011",Comedy,6.1,4478,2900000.0,25935.0,-2874065.0
Griff the Invisible,"Aug 19, 2011",Drama,6.1,4478,2900000.0,25935.0,-2874065.0
Griff the Invisible,"Aug 19, 2011",Romance,6.1,4478,2900000.0,25935.0,-2874065.0
Super,"Apr 1, 2011",Action,6.8,70604,2500000.0,593933.0,-1906067.0
Super,"Apr 1, 2011",Comedy,6.8,70604,2500000.0,593933.0,-1906067.0
Super,"Apr 1, 2011",Drama,6.8,70604,2500000.0,593933.0,-1906067.0
Sherlock Holmes: A Game of Shadows,"Dec 16, 2011",Action,7.5,394189,125000000.0,535663443.0,410663443.0
Sherlock Holmes: A Game of Shadows,"Dec 16, 2011",Adventure,7.5,394189,125000000.0,535663443.0,410663443.0
Sherlock Holmes: A Game of Shadows,"Dec 16, 2011",Crime,7.5,394189,125000000.0,535663443.0,410663443.0
3,"Sep 16, 2011",Comedy,6.7,4722,7200000.0,295492.0,-6904508.0
3,"Sep 16, 2011",Drama,6.7,4722,7200000.0,295492.0,-6904508.0
3,"Sep 16, 2011",Romance,6.7,4722,7200000.0,295492.0,-6904508.0
The Host,"Mar 29, 2013",Action,5.9,105633,50000000.0,64477051.0,14477051.0
The Host,"Mar 29, 2013",Adventure,5.9,105633,50000000.0,64477051.0,14477051.0
The Host,"Mar 29, 2013",Drama,5.9,105633,50000000.0,64477051.0,14477051.0
Meek's Cutoff,"Apr 8, 2011",Drama,6.6,10439,2000000.0,1869928.0,-130072.0
Meek's Cutoff,"Apr 8, 2011",Western,6.6,10439,2000000.0,1869928.0,-130072.0
Area 51,"May 15, 2015",Horror,4.2,11537,5000000.0,7556.0,-4992444.0
Area 51,"May 15, 2015",Sci-Fi,4.2,11537,5000000.0,7556.0,-4992444.0
Area 51,"May 15, 2015",Thriller,4.2,11537,5000000.0,7556.0,-4992444.0
Anonymous,"Oct 28, 2011",Drama,6.9,37932,27500000.0,15815509.0,-11684491.0
Anonymous,"Oct 28, 2011",Thriller,6.9,37932,27500000.0,15815509.0,-11684491.0
Limbo,"Jun 4, 1999",Drama,6.0,457,8300000.0,2598224.0,-5701776.0
A True Story,"Oct 25, 2013",Comedy,5.2,211,45000.0,0.0,-45000.0
Contraband,"Jan 13, 2012",Action,6.5,111709,25000000.0,98406855.0,73406855.0
Contraband,"Jan 13, 2012",Crime,6.5,111709,25000000.0,98406855.0,73406855.0
Contraband,"Jan 13, 2012",Drama,6.5,111709,25000000.0,98406855.0,73406855.0
The Vatican Tapes,"Jul 24, 2015",Horror,5.0,14822,13000000.0,14929184.0,1929184.0
The Vatican Tapes,"Jul 24, 2015",Thriller,5.0,14822,13000000.0,14929184.0,1929184.0
Vacation,"Jul 29, 2015",Adventure,6.1,87582,31000000.0,102306500.0,71306500.0
Vacation,"Jul 29, 2015",Comedy,6.1,87582,31000000.0,102306500.0,71306500.0
Grabbers,"Jul 19, 2013",Comedy,6.3,15727,5300000.0,440821.0,-4859179.0
Grabbers,"Jul 19, 2013",Horror,6.3,15727,5300000.0,440821.0,-4859179.0
Grabbers,"Jul 19, 2013",Sci-Fi,6.3,15727,5300000.0,440821.0,-4859179.0
Melancholia,"Nov 11, 2011",Drama,7.2,153434,9400000.0,21817298.0,12417298.0
Melancholia,"Nov 11, 2011",Sci-Fi,7.2,153434,9400000.0,21817298.0,12417298.0
Exodus: Gods and Kings,"Dec 12, 2014",Action,6.0,150858,140000000.0,268314513.0,128314513.0
Exodus: Gods and Kings,"Dec 12, 2014",Adventure,6.0,150858,140000000.0,268314513.0,128314513.0
Exodus: Gods and Kings,"Dec 12, 2014",Drama,6.0,150858,140000000.0,268314513.0,128314513.0
Sea Rex 3D: Journey to a Prehistoric World,"May 28, 2010",Documentary,6.9,364,5000000.0,16515203.0,11515203.0
Trust,"Apr 1, 2011",Crime,6.9,39422,4000000.0,120016.0,-3879984.0
Trust,"Apr 1, 2011",Drama,6.9,39422,4000000.0,120016.0,-3879984.0
Trust,"Apr 1, 2011",Thriller,6.9,39422,4000000.0,120016.0,-3879984.0
Everything Must Go,"May 13, 2011",Comedy,6.4,45799,5000000.0,2821010.0,-2178990.0
Everything Must Go,"May 13, 2011",Drama,6.4,45799,5000000.0,2821010.0,-2178990.0
Beginners,"Jun 3, 2011",Comedy,7.2,83770,3200000.0,14314407.0,11114407.0
Beginners,"Jun 3, 2011",Drama,7.2,83770,3200000.0,14314407.0,11114407.0
Beginners,"Jun 3, 2011",Romance,7.2,83770,3200000.0,14314407.0,11114407.0
Battle of the Year,"Sep 20, 2013",Drama,5.1,8769,20000000.0,16723377.0,-3276623.0
Battle of the Year,"Sep 20, 2013",Music,5.1,8769,20000000.0,16723377.0,-3276623.0
Beautiful Boy,"Oct 12, 2018",Drama,6.6,6058,25000000.0,13031424.0,-11968576.0
Beyond the Black Rainbow,"May 18, 2012",Horror,6.0,10765,1100000.0,56491.0,-1043509.0
Beyond the Black Rainbow,"May 18, 2012",Sci-Fi,6.0,10765,1100000.0,56491.0,-1043509.0
Beyond the Black Rainbow,"May 18, 2012",Thriller,6.0,10765,1100000.0,56491.0,-1043509.0
Elysium,"Aug 9, 2013",Action,6.6,395572,120000000.0,286192091.0,166192091.0
Elysium,"Aug 9, 2013",Drama,6.6,395572,120000000.0,286192091.0,166192091.0
Elysium,"Aug 9, 2013",Sci-Fi,6.6,395572,120000000.0,286192091.0,166192091.0
Captain Phillips,"Oct 11, 2013",Biography,7.8,387402,55000000.0,220648184.0,165648184.0
Captain Phillips,"Oct 11, 2013",Drama,7.8,387402,55000000.0,220648184.0,165648184.0
Captain Phillips,"Oct 11, 2013",Thriller,7.8,387402,55000000.0,220648184.0,165648184.0
Hope Springs,"Aug 8, 2012",Comedy,6.3,38667,30000000.0,133085295.0,103085295.0
Hope Springs,"Aug 8, 2012",Drama,6.3,38667,30000000.0,133085295.0,103085295.0
Hope Springs,"Aug 8, 2012",Romance,6.3,38667,30000000.0,133085295.0,103085295.0
The Son of No One,"Nov 4, 2011",Action,5.1,15743,15000000.0,1148578.0,-13851422.0
The Son of No One,"Nov 4, 2011",Crime,5.1,15743,15000000.0,1148578.0,-13851422.0
The Son of No One,"Nov 4, 2011",Drama,5.1,15743,15000000.0,1148578.0,-13851422.0
The Divide,"Jan 13, 2012",Drama,5.8,33603,3000000.0,156362.0,-2843638.0
The Divide,"Jan 13, 2012",Horror,5.8,33603,3000000.0,156362.0,-2843638.0
The Divide,"Jan 13, 2012",Sci-Fi,5.8,33603,3000000.0,156362.0,-2843638.0
Paranormal Activity 2,"Oct 20, 2010",Horror,5.7,93122,3000000.0,177512032.0,174512032.0
Leap Year,"Jan 8, 2010",Drama,5.9,2211,19000000.0,32618920.0,13618920.0
Leap Year,"Jan 8, 2010",Romance,5.9,2211,19000000.0,32618920.0,13618920.0
The Mortal Instruments: City of Bones,"Aug 21, 2013",Action,5.9,121936,60000000.0,75965567.0,15965567.0
The Mortal Instruments: City of Bones,"Aug 21, 2013",Fantasy,5.9,121936,60000000.0,75965567.0,15965567.0
The Mortal Instruments: City of Bones,"Aug 21, 2013",Horror,5.9,121936,60000000.0,75965567.0,15965567.0
Blair Witch,"Sep 16, 2016",Horror,5.0,36867,10000000.0,38985577.0,28985577.0
Blair Witch,"Sep 16, 2016",Mystery,5.0,36867,10000000.0,38985577.0,28985577.0
Blair Witch,"Sep 16, 2016",Thriller,5.0,36867,10000000.0,38985577.0,28985577.0
Playing for Keeps,"Oct 3, 1986",Comedy,5.7,27389,35000000.0,2000000.0,-33000000.0
Playing for Keeps,"Oct 3, 1986",Romance,5.7,27389,35000000.0,2000000.0,-33000000.0
Playing for Keeps,"Oct 3, 1986",Sport,5.7,27389,35000000.0,2000000.0,-33000000.0
The Guard,"Jul 29, 2011",Comedy,7.3,75183,6000000.0,21197454.0,15197454.0
The Guard,"Jul 29, 2011",Crime,7.3,75183,6000000.0,21197454.0,15197454.0
The Guard,"Jul 29, 2011",Thriller,7.3,75183,6000000.0,21197454.0,15197454.0
Snow Flower and the Secret Fan,"Jul 15, 2011",Drama,6.1,3429,6000000.0,11348205.0,5348205.0
Snow Flower and the Secret Fan,"Jul 15, 2011",History,6.1,3429,6000000.0,11348205.0,5348205.0
127 Hours,"Nov 5, 2010",Adventure,7.6,323949,18000000.0,60217171.0,42217171.0
127 Hours,"Nov 5, 2010",Biography,7.6,323949,18000000.0,60217171.0,42217171.0
127 Hours,"Nov 5, 2010",Drama,7.6,323949,18000000.0,60217171.0,42217171.0
The Grace Card,"Feb 25, 2011",Drama,6.6,2488,200000.0,2430735.0,2230735.0
Vamps,"Nov 2, 2012",Comedy,5.2,8838,16000000.0,94812.0,-15905188.0
Vamps,"Nov 2, 2012",Horror,5.2,8838,16000000.0,94812.0,-15905188.0
Vamps,"Nov 2, 2012",Romance,5.2,8838,16000000.0,94812.0,-15905188.0
Point Blank,"Sep 18, 1967",Action,6.8,12706,3000000.0,0.0,-3000000.0
Point Blank,"Sep 18, 1967",Crime,6.8,12706,3000000.0,0.0,-3000000.0
Point Blank,"Sep 18, 1967",Drama,6.8,12706,3000000.0,0.0,-3000000.0
Without Men,"Dec 31, 2011",Comedy,3.3,1576,4700000.0,0.0,-4700000.0
Premium Rush,"Aug 24, 2012",Action,6.5,105279,35000000.0,31393201.0,-3606799.0
Premium Rush,"Aug 24, 2012",Crime,6.5,105279,35000000.0,31393201.0,-3606799.0
Premium Rush,"Aug 24, 2012",Thriller,6.5,105279,35000000.0,31393201.0,-3606799.0
Another Earth,"Jul 22, 2011",Drama,7.0,85839,175000.0,2102779.0,1927779.0
Another Earth,"Jul 22, 2011",Romance,7.0,85839,175000.0,2102779.0,1927779.0
Another Earth,"Jul 22, 2011",Sci-Fi,7.0,85839,175000.0,2102779.0,1927779.0
The Last Stand,"Jan 18, 2013",Action,6.4,126623,30000000.0,48330757.0,18330757.0
The Last Stand,"Jan 18, 2013",Thriller,6.4,126623,30000000.0,48330757.0,18330757.0
Winnie Mandela,"Sep 6, 2013",Biography,6.0,695,15000000.0,61847.0,-14938153.0
Winnie Mandela,"Sep 6, 2013",Drama,6.0,695,15000000.0,61847.0,-14938153.0
Winnie Mandela,"Sep 6, 2013",History,6.0,695,15000000.0,61847.0,-14938153.0
A Better Life,"Jun 24, 2011",Drama,7.2,14602,10000000.0,1884251.0,-8115749.0
A Better Life,"Jun 24, 2011",Romance,7.2,14602,10000000.0,1884251.0,-8115749.0
Born of War,"Jan 27, 2015",Action,4.4,333,5000000.0,0.0,-5000000.0
Born of War,"Jan 27, 2015",Drama,4.4,333,5000000.0,0.0,-5000000.0
Born of War,"Jan 27, 2015",Thriller,4.4,333,5000000.0,0.0,-5000000.0
Country Strong,"Dec 22, 2010",Drama,6.3,16296,15000000.0,20601987.0,5601987.0
Country Strong,"Dec 22, 2010",Music,6.3,16296,15000000.0,20601987.0,5601987.0
Mary Queen of Scots,"Dec 7, 2018",Biography,5.5,753,25000000.0,46734733.0,21734733.0
Mary Queen of Scots,"Dec 7, 2018",Drama,5.5,753,25000000.0,46734733.0,21734733.0
Mary Queen of Scots,"Dec 7, 2018",History,5.5,753,25000000.0,46734733.0,21734733.0
Beautiful Creatures,"Feb 14, 2013",Drama,6.2,79764,50000000.0,60282876.0,10282876.0
Beautiful Creatures,"Feb 14, 2013",Fantasy,6.2,79764,50000000.0,60282876.0,10282876.0
Beautiful Creatures,"Feb 14, 2013",Romance,6.2,79764,50000000.0,60282876.0,10282876.0
The Master,"Sep 14, 2012",Drama,7.1,131365,37500000.0,50647416.0,13147416.0
I Want Your Money,"Oct 15, 2010",Documentary,5.1,1244,400000.0,433588.0,33588.0
The Devil Inside,"Jan 6, 2012",Horror,4.2,33522,1000000.0,101759490.0,100759490.0
Higher Ground,"Aug 23, 2011",Drama,6.3,2869,1800000.0,842693.0,-957307.0
Amigo,"Aug 19, 2011",Drama,5.9,514,1500000.0,184705.0,-1315295.0
Amigo,"Aug 19, 2011",War,5.9,514,1500000.0,184705.0,-1315295.0
One Day,"Aug 19, 2011",Drama,7.0,128094,15000000.0,59168692.0,44168692.0
One Day,"Aug 19, 2011",Romance,7.0,128094,15000000.0,59168692.0,44168692.0
Overboard,"May 4, 2018",Comedy,5.9,25607,12000000.0,85369830.0,73369830.0
Overboard,"May 4, 2018",Romance,5.9,25607,12000000.0,85369830.0,73369830.0
Dolphin Tale,"Sep 23, 2011",Drama,6.9,20746,37000000.0,96068724.0,59068724.0
Dolphin Tale,"Sep 23, 2011",Family,6.9,20746,37000000.0,96068724.0,59068724.0
Skyline,"Nov 12, 2010",Action,4.4,83710,10000000.0,68264973.0,58264973.0
Skyline,"Nov 12, 2010",Sci-Fi,4.4,83710,10000000.0,68264973.0,58264973.0
Skyline,"Nov 12, 2010",Thriller,4.4,83710,10000000.0,68264973.0,58264973.0
Head Over Heels,"Feb 2, 2001",Comedy,5.7,1952,14000000.0,10397365.0,-3602635.0
For Greater Glory: The True Story of Cristiada,"Jun 1, 2012",Drama,6.6,4202,12000000.0,10026255.0,-1973745.0
For Greater Glory: The True Story of Cristiada,"Jun 1, 2012",History,6.6,4202,12000000.0,10026255.0,-1973745.0
For Greater Glory: The True Story of Cristiada,"Jun 1, 2012",War,6.6,4202,12000000.0,10026255.0,-1973745.0
Man on a Ledge,"Jan 27, 2012",Action,6.6,137507,42000000.0,49621440.0,7621440.0
Man on a Ledge,"Jan 27, 2012",Adventure,6.6,137507,42000000.0,49621440.0,7621440.0
Man on a Ledge,"Jan 27, 2012",Crime,6.6,137507,42000000.0,49621440.0,7621440.0
Some Guy Who Kills People,"Jul 3, 2012",Comedy,6.3,5111,300000.0,0.0,-300000.0
Some Guy Who Kills People,"Jul 3, 2012",Crime,6.3,5111,300000.0,0.0,-300000.0
Some Guy Who Kills People,"Jul 3, 2012",Drama,6.3,5111,300000.0,0.0,-300000.0
The Girl with the Dragon Tattoo,"Dec 20, 2011",Crime,7.8,387580,90000000.0,239373970.0,149373970.0
The Girl with the Dragon Tattoo,"Dec 20, 2011",Drama,7.8,387580,90000000.0,239373970.0,149373970.0
The Girl with the Dragon Tattoo,"Dec 20, 2011",Mystery,7.8,387580,90000000.0,239373970.0,149373970.0
War Horse,"Dec 25, 2011",Drama,7.2,136447,70000000.0,156815529.0,86815529.0
War Horse,"Dec 25, 2011",History,7.2,136447,70000000.0,156815529.0,86815529.0
War Horse,"Dec 25, 2011",War,7.2,136447,70000000.0,156815529.0,86815529.0
Tiny Furniture,"Nov 12, 2010",Comedy,6.2,13397,50000.0,424149.0,374149.0
Tiny Furniture,"Nov 12, 2010",Drama,6.2,13397,50000.0,424149.0,374149.0
Tiny Furniture,"Nov 12, 2010",Romance,6.2,13397,50000.0,424149.0,374149.0
A Dangerous Method,"Nov 23, 2011",Biography,6.4,93259,20000000.0,14807531.0,-5192469.0
A Dangerous Method,"Nov 23, 2011",Drama,6.4,93259,20000000.0,14807531.0,-5192469.0
A Dangerous Method,"Nov 23, 2011",Romance,6.4,93259,20000000.0,14807531.0,-5192469.0
Mortal Engines,"Dec 14, 2018",Action,6.1,70193,100000000.0,85287417.0,-14712583.0
Mortal Engines,"Dec 14, 2018",Adventure,6.1,70193,100000000.0,85287417.0,-14712583.0
Mortal Engines,"Dec 14, 2018",Fantasy,6.1,70193,100000000.0,85287417.0,-14712583.0
The Skeleton Twins,"Sep 12, 2014",Comedy,6.8,36793,1000000.0,5797192.0,4797192.0
The Skeleton Twins,"Sep 12, 2014",Drama,6.8,36793,1000000.0,5797192.0,4797192.0
The Skeleton Twins,"Sep 12, 2014",Romance,6.8,36793,1000000.0,5797192.0,4797192.0
Honey,"Dec 5, 2003",Drama,7.2,6221,18000000.0,62646763.0,44646763.0
Texas Chainsaw 3D,"Jan 4, 2013",Horror,4.8,41784,20000000.0,47666013.0,27666013.0
Texas Chainsaw 3D,"Jan 4, 2013",Thriller,4.8,41784,20000000.0,47666013.0,27666013.0
Housefull,"Apr 30, 2010",Comedy,5.5,11089,10100000.0,18726300.0,8626300.0
The Hit List,"May 10, 2011",Action,5.4,11081,6000000.0,0.0,-6000000.0
The Hit List,"May 10, 2011",Thriller,5.4,11081,6000000.0,0.0,-6000000.0
The Dilemma,"Jan 14, 2011",Comedy,5.3,48148,70000000.0,70546865.0,546865.0
The Dilemma,"Jan 14, 2011",Drama,5.3,48148,70000000.0,70546865.0,546865.0
House at the End of the Street,"Sep 21, 2012",Drama,5.6,66303,6900000.0,44103982.0,37203982.0
House at the End of the Street,"Sep 21, 2012",Horror,5.6,66303,6900000.0,44103982.0,37203982.0
House at the End of the Street,"Sep 21, 2012",Thriller,5.6,66303,6900000.0,44103982.0,37203982.0
Larry Crowne,"Jul 1, 2011",Comedy,6.1,58927,30000000.0,61449135.0,31449135.0
Larry Crowne,"Jul 1, 2011",Drama,6.1,58927,30000000.0,61449135.0,31449135.0
Larry Crowne,"Jul 1, 2011",Romance,6.1,58927,30000000.0,61449135.0,31449135.0
G.I. Joe: Retaliation,"Mar 27, 2013",Action,5.8,165536,140000000.0,375740705.0,235740705.0
G.I. Joe: Retaliation,"Mar 27, 2013",Adventure,5.8,165536,140000000.0,375740705.0,235740705.0
G.I. Joe: Retaliation,"Mar 27, 2013",Sci-Fi,5.8,165536,140000000.0,375740705.0,235740705.0
The Last Godfather,"Apr 1, 2011",Comedy,3.7,1071,13400000.0,164247.0,-13235753.0
The Last Godfather,"Apr 1, 2011",Crime,3.7,1071,13400000.0,164247.0,-13235753.0
The Last Godfather,"Apr 1, 2011",Romance,3.7,1071,13400000.0,164247.0,-13235753.0
What to Expect When You're Expecting,"May 18, 2012",Comedy,5.7,65890,37500000.0,88473016.0,50973016.0
What to Expect When You're Expecting,"May 18, 2012",Drama,5.7,65890,37500000.0,88473016.0,50973016.0
What to Expect When You're Expecting,"May 18, 2012",Romance,5.7,65890,37500000.0,88473016.0,50973016.0
Machine Gun Preacher,"Sep 23, 2011",Action,6.8,60074,30000000.0,3721988.0,-26278012.0
Machine Gun Preacher,"Sep 23, 2011",Biography,6.8,60074,30000000.0,3721988.0,-26278012.0
Machine Gun Preacher,"Sep 23, 2011",Crime,6.8,60074,30000000.0,3721988.0,-26278012.0
Maleficent,"May 30, 2014",Action,7.0,305832,180000000.0,758536735.0,578536735.0
Maleficent,"May 30, 2014",Adventure,7.0,305832,180000000.0,758536735.0,578536735.0
Maleficent,"May 30, 2014",Family,7.0,305832,180000000.0,758536735.0,578536735.0
Warm Bodies,"Feb 1, 2013",Comedy,6.9,208709,30000000.0,115121608.0,85121608.0
Warm Bodies,"Feb 1, 2013",Horror,6.9,208709,30000000.0,115121608.0,85121608.0
Warm Bodies,"Feb 1, 2013",Romance,6.9,208709,30000000.0,115121608.0,85121608.0
"Jeff, Who Lives at Home","Mar 16, 2012",Comedy,6.5,60070,10000000.0,4708127.0,-5291873.0
"Jeff, Who Lives at Home","Mar 16, 2012",Drama,6.5,60070,10000000.0,4708127.0,-5291873.0
Brother,"Jul 20, 2001",Drama,7.4,2381,12000000.0,450594.0,-11549406.0
Brother,"Jul 20, 2001",Family,7.4,2381,12000000.0,450594.0,-11549406.0
Brother,"Jul 20, 2001",Sport,7.4,2381,12000000.0,450594.0,-11549406.0
The Commuter,"Jan 12, 2018",Action,6.3,83114,40000000.0,101985431.0,61985431.0
The Commuter,"Jan 12, 2018",Mystery,6.3,83114,40000000.0,101985431.0,61985431.0
The Commuter,"Jan 12, 2018",Thriller,6.3,83114,40000000.0,101985431.0,61985431.0
Insidious,"Apr 1, 2011",Horror,6.9,254197,1500000.0,99870886.0,98370886.0
Insidious,"Apr 1, 2011",Mystery,6.9,254197,1500000.0,99870886.0,98370886.0
Insidious,"Apr 1, 2011",Thriller,6.9,254197,1500000.0,99870886.0,98370886.0
Act of Valor,"Feb 24, 2012",Action,6.5,63787,12000000.0,82497035.0,70497035.0
Act of Valor,"Feb 24, 2012",Adventure,6.5,63787,12000000.0,82497035.0,70497035.0
Act of Valor,"Feb 24, 2012",Drama,6.5,63787,12000000.0,82497035.0,70497035.0
Lockout,"Apr 13, 2012",Action,6.1,89554,20000000.0,33943049.0,13943049.0
Lockout,"Apr 13, 2012",Sci-Fi,6.1,89554,20000000.0,33943049.0,13943049.0
Lockout,"Apr 13, 2012",Thriller,6.1,89554,20000000.0,33943049.0,13943049.0
LOL,"May 4, 2012",Comedy,4.4,51424,11000000.0,10431506.0,-568494.0
LOL,"May 4, 2012",Drama,4.4,51424,11000000.0,10431506.0,-568494.0
LOL,"May 4, 2012",Romance,4.4,51424,11000000.0,10431506.0,-568494.0
The Innkeepers,"Feb 3, 2012",Drama,5.5,31089,750000.0,1011535.0,261535.0
The Innkeepers,"Feb 3, 2012",Horror,5.5,31089,750000.0,1011535.0,261535.0
The Innkeepers,"Feb 3, 2012",Mystery,5.5,31089,750000.0,1011535.0,261535.0
Norm of the North,"Jan 15, 2016",Adventure,3.6,7951,18000000.0,30535660.0,12535660.0
Norm of the North,"Jan 15, 2016",Animation,3.6,7951,18000000.0,30535660.0,12535660.0
Norm of the North,"Jan 15, 2016",Comedy,3.6,7951,18000000.0,30535660.0,12535660.0
Fast Five,"Apr 29, 2011",Action,7.3,329892,125000000.0,630163454.0,505163454.0
Fast Five,"Apr 29, 2011",Crime,7.3,329892,125000000.0,630163454.0,505163454.0
Fast Five,"Apr 29, 2011",Thriller,7.3,329892,125000000.0,630163454.0,505163454.0
Soul Surfer,"Apr 8, 2011",Biography,7.1,41659,18000000.0,47158652.0,29158652.0
Soul Surfer,"Apr 8, 2011",Drama,7.1,41659,18000000.0,47158652.0,29158652.0
Soul Surfer,"Apr 8, 2011",Family,7.1,41659,18000000.0,47158652.0,29158652.0
This Means War,"Feb 17, 2012",Action,6.3,167438,65000000.0,156974557.0,91974557.0
This Means War,"Feb 17, 2012",Comedy,6.3,167438,65000000.0,156974557.0,91974557.0
This Means War,"Feb 17, 2012",Romance,6.3,167438,65000000.0,156974557.0,91974557.0
The Big Short,"Dec 11, 2015",Biography,7.8,309227,28000000.0,133162752.0,105162752.0
The Big Short,"Dec 11, 2015",Comedy,7.8,309227,28000000.0,133162752.0,105162752.0
The Big Short,"Dec 11, 2015",Drama,7.8,309227,28000000.0,133162752.0,105162752.0
The Woman in Black,"Feb 3, 2012",Drama,6.4,165357,15000000.0,128955898.0,113955898.0
The Woman in Black,"Feb 3, 2012",Fantasy,6.4,165357,15000000.0,128955898.0,113955898.0
The Woman in Black,"Feb 3, 2012",Horror,6.4,165357,15000000.0,128955898.0,113955898.0
Click,"Jun 23, 2006",Drama,3.6,290,82500000.0,237685089.0,155185089.0
Click,"Jun 23, 2006",Horror,3.6,290,82500000.0,237685089.0,155185089.0
Click,"Jun 23, 2006",Mystery,3.6,290,82500000.0,237685089.0,155185089.0
Contagion,"Sep 9, 2011",Action,6.6,201536,60000000.0,137551594.0,77551594.0
Contagion,"Sep 9, 2011",Drama,6.6,201536,60000000.0,137551594.0,77551594.0
Contagion,"Sep 9, 2011",Thriller,6.6,201536,60000000.0,137551594.0,77551594.0
One for the Money,"Jan 27, 2012",Action,5.3,38473,42000000.0,36197221.0,-5802779.0
One for the Money,"Jan 27, 2012",Comedy,5.3,38473,42000000.0,36197221.0,-5802779.0
One for the Money,"Jan 27, 2012",Crime,5.3,38473,42000000.0,36197221.0,-5802779.0
Safe House,"Feb 10, 2012",Action,6.8,192655,85000000.0,208542162.0,123542162.0
Safe House,"Feb 10, 2012",Adventure,6.8,192655,85000000.0,208542162.0,123542162.0
Safe House,"Feb 10, 2012",Crime,6.8,192655,85000000.0,208542162.0,123542162.0
Abduction,"Sep 23, 2011",Action,5.1,72552,35000000.0,86648359.0,51648359.0
Abduction,"Sep 23, 2011",Mystery,5.1,72552,35000000.0,86648359.0,51648359.0
Abduction,"Sep 23, 2011",Thriller,5.1,72552,35000000.0,86648359.0,51648359.0
The Drop,"Sep 12, 2014",Crime,7.1,132161,12600000.0,19054534.0,6454534.0
The Drop,"Sep 12, 2014",Drama,7.1,132161,12600000.0,19054534.0,6454534.0
The Grey,"Jan 27, 2012",Action,6.8,228798,25000000.0,81249176.0,56249176.0
The Grey,"Jan 27, 2012",Adventure,6.8,228798,25000000.0,81249176.0,56249176.0
The Grey,"Jan 27, 2012",Drama,6.8,228798,25000000.0,81249176.0,56249176.0
Albert Nobbs,"Dec 21, 2011",Drama,6.7,22213,7500000.0,8539003.0,1039003.0
Albert Nobbs,"Dec 21, 2011",Romance,6.7,22213,7500000.0,8539003.0,1039003.0
Only God Forgives,"Jul 19, 2013",Crime,5.7,100318,4800000.0,4494560.0,-305440.0
Only God Forgives,"Jul 19, 2013",Drama,5.7,100318,4800000.0,4494560.0,-305440.0
Amour,"Dec 19, 2012",Drama,7.9,84960,9700000.0,36787044.0,27087044.0
Amour,"Dec 19, 2012",Romance,7.9,84960,9700000.0,36787044.0,27087044.0
A Fine Step,"Jun 24, 2014",Drama,5.4,279,1000000.0,0.0,-1000000.0
Prom,"Apr 29, 2011",Comedy,5.4,14279,8000000.0,10763183.0,2763183.0
Prom,"Apr 29, 2011",Drama,5.4,14279,8000000.0,10763183.0,2763183.0
Prom,"Apr 29, 2011",Family,5.4,14279,8000000.0,10763183.0,2763183.0
American Reunion,"Apr 6, 2012",Comedy,6.7,192250,50000000.0,236799211.0,186799211.0
Midnight in Paris,"May 20, 2011",Comedy,7.7,356500,30000000.0,162502774.0,132502774.0
Midnight in Paris,"May 20, 2011",Fantasy,7.7,356500,30000000.0,162502774.0,132502774.0
Midnight in Paris,"May 20, 2011",Romance,7.7,356500,30000000.0,162502774.0,132502774.0
A Good Day to Die Hard,"Feb 14, 2013",Action,5.3,188383,92000000.0,304249198.0,212249198.0
A Good Day to Die Hard,"Feb 14, 2013",Thriller,5.3,188383,92000000.0,304249198.0,212249198.0
The Vow,"Feb 10, 2012",Drama,6.8,173629,30000000.0,197618160.0,167618160.0
The Vow,"Feb 10, 2012",Romance,6.8,173629,30000000.0,197618160.0,167618160.0
Iris,"Dec 14, 2001",Drama,5.8,123,5500000.0,5580479.0,80479.0
Iris,"Dec 14, 2001",Family,5.8,123,5500000.0,5580479.0,80479.0
Iris,"Dec 14, 2001",History,5.8,123,5500000.0,5580479.0,80479.0
The Other Dream Team,"Sep 28, 2012",Documentary,8.4,3332,500000.0,314444.0,-185556.0
The Other Dream Team,"Sep 28, 2012",Sport,8.4,3332,500000.0,314444.0,-185556.0
Zoolander 2,"Feb 12, 2016",Comedy,4.7,59914,50000000.0,55348693.0,5348693.0
Absentia,"Dec 31, 2011",Drama,5.8,15507,70000.0,8555.0,-61445.0
Absentia,"Dec 31, 2011",Horror,5.8,15507,70000.0,8555.0,-61445.0
Absentia,"Dec 31, 2011",Mystery,5.8,15507,70000.0,8555.0,-61445.0
Abraham Lincoln: Vampire Hunter,"Jun 22, 2012",Action,5.9,142853,67500000.0,137489730.0,69989730.0
Abraham Lincoln: Vampire Hunter,"Jun 22, 2012",Fantasy,5.9,142853,67500000.0,137489730.0,69989730.0
Abraham Lincoln: Vampire Hunter,"Jun 22, 2012",Horror,5.9,142853,67500000.0,137489730.0,69989730.0
Re-Kill,"Dec 31, 2013",Action,5.0,2328,9500000.0,0.0,-9500000.0
Re-Kill,"Dec 31, 2013",Horror,5.0,2328,9500000.0,0.0,-9500000.0
Rubber,"Apr 1, 2011",Comedy,5.8,31316,500000.0,680914.0,180914.0
Rubber,"Apr 1, 2011",Fantasy,5.8,31316,500000.0,680914.0,180914.0
Rubber,"Apr 1, 2011",Horror,5.8,31316,500000.0,680914.0,180914.0
Savages,"Jul 6, 2012",Crime,6.5,115793,45000000.0,82513490.0,37513490.0
Savages,"Jul 6, 2012",Drama,6.5,115793,45000000.0,82513490.0,37513490.0
Savages,"Jul 6, 2012",Thriller,6.5,115793,45000000.0,82513490.0,37513490.0
Margin Call,"Oct 21, 2011",Drama,7.1,107264,3400000.0,20433227.0,17033227.0
Margin Call,"Oct 21, 2011",Thriller,7.1,107264,3400000.0,20433227.0,17033227.0
The Foreigner,"Oct 13, 2017",Action,7.0,81288,35000000.0,140783360.0,105783360.0
The Foreigner,"Oct 13, 2017",Thriller,7.0,81288,35000000.0,140783360.0,105783360.0
Alvin and the Chipmunks: Chipwrecked,"Dec 16, 2011",Adventure,4.4,28158,80000000.0,349088523.0,269088523.0
Alvin and the Chipmunks: Chipwrecked,"Dec 16, 2011",Animation,4.4,28158,80000000.0,349088523.0,269088523.0
Alvin and the Chipmunks: Chipwrecked,"Dec 16, 2011",Comedy,4.4,28158,80000000.0,349088523.0,269088523.0
J. Edgar,"Nov 9, 2011",Biography,6.6,115925,35000000.0,84606030.0,49606030.0
J. Edgar,"Nov 9, 2011",Crime,6.6,115925,35000000.0,84606030.0,49606030.0
J. Edgar,"Nov 9, 2011",Drama,6.6,115925,35000000.0,84606030.0,49606030.0
One Day,"Aug 19, 2011",Drama,6.0,436,15000000.0,59168692.0,44168692.0
One Day,"Aug 19, 2011",Romance,6.0,436,15000000.0,59168692.0,44168692.0
One Day,"Aug 19, 2011",Sci-Fi,6.0,436,15000000.0,59168692.0,44168692.0
Jupiter Ascending,"Feb 6, 2015",Action,5.3,166327,179000000.0,181982519.0,2982519.0
Jupiter Ascending,"Feb 6, 2015",Adventure,5.3,166327,179000000.0,181982519.0,2982519.0
Jupiter Ascending,"Feb 6, 2015",Sci-Fi,5.3,166327,179000000.0,181982519.0,2982519.0
Dum Maaro Dum,"Apr 22, 2011",Action,6.2,3616,5200000.0,11633427.0,6433427.0
Dum Maaro Dum,"Apr 22, 2011",Crime,6.2,3616,5200000.0,11633427.0,6433427.0
Dum Maaro Dum,"Apr 22, 2011",Drama,6.2,3616,5200000.0,11633427.0,6433427.0
The Last Witch Hunter,"Oct 23, 2015",Action,6.0,86118,80000000.0,130818912.0,50818912.0
The Last Witch Hunter,"Oct 23, 2015",Adventure,6.0,86118,80000000.0,130818912.0,50818912.0
The Last Witch Hunter,"Oct 23, 2015",Fantasy,6.0,86118,80000000.0,130818912.0,50818912.0
Jackie,"Dec 2, 2016",Biography,6.7,66008,9000000.0,36588512.0,27588512.0
Jackie,"Dec 2, 2016",Drama,6.7,66008,9000000.0,36588512.0,27588512.0
Jackie,"Dec 2, 2016",History,6.7,66008,9000000.0,36588512.0,27588512.0
A Wrinkle in Time,"Mar 9, 2018",Adventure,4.2,34888,103000000.0,133401882.0,30401882.0
A Wrinkle in Time,"Mar 9, 2018",Family,4.2,34888,103000000.0,133401882.0,30401882.0
A Wrinkle in Time,"Mar 9, 2018",Fantasy,4.2,34888,103000000.0,133401882.0,30401882.0
Bleed for This,"Nov 18, 2016",Biography,6.8,21946,16000000.0,6603926.0,-9396074.0
Bleed for This,"Nov 18, 2016",Drama,6.8,21946,16000000.0,6603926.0,-9396074.0
Bleed for This,"Nov 18, 2016",Sport,6.8,21946,16000000.0,6603926.0,-9396074.0
Free Birds,"Nov 1, 2013",Adventure,5.9,20934,55000000.0,110387072.0,55387072.0
Free Birds,"Nov 1, 2013",Animation,5.9,20934,55000000.0,110387072.0,55387072.0
Free Birds,"Nov 1, 2013",Comedy,5.9,20934,55000000.0,110387072.0,55387072.0
Think Like a Man,"Apr 20, 2012",Comedy,6.6,41043,12000000.0,113373764.0,101373764.0
Think Like a Man,"Apr 20, 2012",Romance,6.6,41043,12000000.0,113373764.0,101373764.0
30 Minutes or Less,"Aug 12, 2011",Action,6.1,87254,28000000.0,40966716.0,12966716.0
30 Minutes or Less,"Aug 12, 2011",Comedy,6.1,87254,28000000.0,40966716.0,12966716.0
30 Minutes or Less,"Aug 12, 2011",Crime,6.1,87254,28000000.0,40966716.0,12966716.0
Final Destination 5,"Aug 12, 2011",Horror,5.9,98061,40000000.0,155011165.0,115011165.0
Infected,"Dec 31, 2012",Action,2.8,1028,2100000.0,0.0,-2100000.0
Infected,"Dec 31, 2012",Horror,2.8,1028,2100000.0,0.0,-2100000.0
Infected,"Dec 31, 2012",Sci-Fi,2.8,1028,2100000.0,0.0,-2100000.0
Oz the Great and Powerful,"Mar 8, 2013",Adventure,6.3,192045,200000000.0,490359051.0,290359051.0
Oz the Great and Powerful,"Mar 8, 2013",Family,6.3,192045,200000000.0,490359051.0,290359051.0
Oz the Great and Powerful,"Mar 8, 2013",Fantasy,6.3,192045,200000000.0,490359051.0,290359051.0
ParaNorman,"Aug 17, 2012",Adventure,7.0,87250,60000000.0,108119662.0,48119662.0
ParaNorman,"Aug 17, 2012",Animation,7.0,87250,60000000.0,108119662.0,48119662.0
ParaNorman,"Aug 17, 2012",Comedy,7.0,87250,60000000.0,108119662.0,48119662.0
Young Adult,"Dec 9, 2011",Comedy,6.3,74071,12000000.0,22750356.0,10750356.0
Young Adult,"Dec 9, 2011",Drama,6.3,74071,12000000.0,22750356.0,10750356.0
Independence Day: Resurgence,"Jun 24, 2016",Action,5.2,155344,165000000.0,384169424.0,219169424.0
Independence Day: Resurgence,"Jun 24, 2016",Adventure,5.2,155344,165000000.0,384169424.0,219169424.0
Independence Day: Resurgence,"Jun 24, 2016",Sci-Fi,5.2,155344,165000000.0,384169424.0,219169424.0
Blackthorn,"Oct 7, 2011",Action,6.6,8553,4500000.0,1217307.0,-3282693.0
Blackthorn,"Oct 7, 2011",Adventure,6.6,8553,4500000.0,1217307.0,-3282693.0
Blackthorn,"Oct 7, 2011",Western,6.6,8553,4500000.0,1217307.0,-3282693.0
Chasing Mavericks,"Oct 26, 2012",Biography,7.2,28994,20000000.0,8300821.0,-11699179.0
Chasing Mavericks,"Oct 26, 2012",Drama,7.2,28994,20000000.0,8300821.0,-11699179.0
Chasing Mavericks,"Oct 26, 2012",Sport,7.2,28994,20000000.0,8300821.0,-11699179.0
Courageous,"Sep 30, 2011",Drama,7.0,17586,2000000.0,35185884.0,33185884.0
Enter Nowhere,"Apr 3, 2012",Mystery,6.6,7298,500000.0,0.0,-500000.0
Enter Nowhere,"Apr 3, 2012",Sci-Fi,6.6,7298,500000.0,0.0,-500000.0
Enter Nowhere,"Apr 3, 2012",Thriller,6.6,7298,500000.0,0.0,-500000.0
Edge of Tomorrow,"Jun 6, 2014",Action,7.9,546284,178000000.0,370541256.0,192541256.0
Edge of Tomorrow,"Jun 6, 2014",Sci-Fi,7.9,546284,178000000.0,370541256.0,192541256.0
Friends with Benefits,"Jul 22, 2011",Comedy,6.6,317338,35000000.0,146595891.0,111595891.0
Friends with Benefits,"Jul 22, 2011",Romance,6.6,317338,35000000.0,146595891.0,111595891.0
Shark Night 3D,"Sep 2, 2011",Horror,4.0,23190,25000000.0,18877153.0,-6122847.0
Shark Night 3D,"Sep 2, 2011",Thriller,4.0,23190,25000000.0,18877153.0,-6122847.0
Dragonslayer,"Jun 26, 1981",Documentary,5.8,516,18000000.0,6000000.0,-12000000.0
Underdogs,"Aug 16, 2013",Adventure,6.5,8197,2500000.0,1392649.0,-1107351.0
Underdogs,"Aug 16, 2013",Animation,6.5,8197,2500000.0,1392649.0,-1107351.0
Underdogs,"Aug 16, 2013",Family,6.5,8197,2500000.0,1392649.0,-1107351.0
Johnny English Reborn,"Oct 21, 2011",Action,6.3,110824,45000000.0,164640401.0,119640401.0
Johnny English Reborn,"Oct 21, 2011",Adventure,6.3,110824,45000000.0,164640401.0,119640401.0
Johnny English Reborn,"Oct 21, 2011",Comedy,6.3,110824,45000000.0,164640401.0,119640401.0
Project X,"Mar 2, 2012",Comedy,6.7,177782,12000000.0,103028188.0,91028188.0
Black and White,"Apr 5, 2000",Drama,6.2,843,10000000.0,5241315.0,-4758685.0
In Time,"Oct 28, 2011",Action,6.7,346077,35000000.0,165103952.0,130103952.0
In Time,"Oct 28, 2011",Crime,6.7,346077,35000000.0,165103952.0,130103952.0
In Time,"Oct 28, 2011",Drama,6.7,346077,35000000.0,165103952.0,130103952.0
Our Idiot Brother,"Aug 26, 2011",Comedy,6.4,80738,5000000.0,25861249.0,20861249.0
Our Idiot Brother,"Aug 26, 2011",Drama,6.4,80738,5000000.0,25861249.0,20861249.0
Ted,"Jun 29, 2012",Comedy,6.9,538367,50000000.0,556016627.0,506016627.0
Ted,"Jun 29, 2012",Fantasy,6.9,538367,50000000.0,556016627.0,506016627.0
Once Upon a Time in Queens,"Nov 11, 2014",Comedy,6.2,354,1500000.0,0.0,-1500000.0
Once Upon a Time in Queens,"Nov 11, 2014",Drama,6.2,354,1500000.0,0.0,-1500000.0
Hobo with a Shotgun,"May 6, 2011",Action,6.1,41633,3000000.0,834953.0,-2165047.0
Hobo with a Shotgun,"May 6, 2011",Comedy,6.1,41633,3000000.0,834953.0,-2165047.0
Hobo with a Shotgun,"May 6, 2011",Horror,6.1,41633,3000000.0,834953.0,-2165047.0
Jumping the Broom,"May 6, 2011",Comedy,5.7,9089,7000000.0,38158601.0,31158601.0
Jumping the Broom,"May 6, 2011",Drama,5.7,9089,7000000.0,38158601.0,31158601.0
Inside Out,"Jun 19, 2015",Crime,4.6,1566,175000000.0,854235992.0,679235992.0
Inside Out,"Jun 19, 2015",Drama,4.6,1566,175000000.0,854235992.0,679235992.0
A Few Best Men,"May 5, 2015",Comedy,5.7,12069,15000000.0,17224539.0,2224539.0
A Few Best Men,"May 5, 2015",Romance,5.7,12069,15000000.0,17224539.0,2224539.0
The Christmas Bunny,"Dec 31, 2010",Drama,6.1,662,250000.0,0.0,-250000.0
The Christmas Bunny,"Dec 31, 2010",Family,6.1,662,250000.0,0.0,-250000.0
Below Zero,"Aug 28, 2012",Thriller,4.4,740,1200000.0,0.0,-1200000.0
Skin Trade,"May 8, 2015",Action,5.7,6942,9000000.0,1242.0,-8998758.0
Skin Trade,"May 8, 2015",Crime,5.7,6942,9000000.0,1242.0,-8998758.0
Skin Trade,"May 8, 2015",Thriller,5.7,6942,9000000.0,1242.0,-8998758.0
The Art of Getting By,"Jun 17, 2011",Drama,6.6,53682,4000000.0,1989035.0,-2010965.0
The Art of Getting By,"Jun 17, 2011",Romance,6.6,53682,4000000.0,1989035.0,-2010965.0
Inside Job,"Oct 8, 2010",Crime,8.3,65304,2000000.0,7799257.0,5799257.0
Inside Job,"Oct 8, 2010",Documentary,8.3,65304,2000000.0,7799257.0,5799257.0
The Dictator,"May 16, 2012",Comedy,6.4,250976,65000000.0,180148897.0,115148897.0
Lights Out,"Jul 22, 2016",Drama,6.4,971,5000000.0,148806510.0,143806510.0
Lights Out,"Jul 22, 2016",Mystery,6.4,971,5000000.0,148806510.0,143806510.0
Lights Out,"Jul 22, 2016",Thriller,6.4,971,5000000.0,148806510.0,143806510.0
How to Train Your Dragon 2,"Jun 13, 2014",Action,7.8,278205,145000000.0,614586270.0,469586270.0
How to Train Your Dragon 2,"Jun 13, 2014",Adventure,7.8,278205,145000000.0,614586270.0,469586270.0
How to Train Your Dragon 2,"Jun 13, 2014",Animation,7.8,278205,145000000.0,614586270.0,469586270.0
Wrath of the Titans,"Mar 30, 2012",Action,5.7,172330,150000000.0,305270083.0,155270083.0
Wrath of the Titans,"Mar 30, 2012",Adventure,5.7,172330,150000000.0,305270083.0,155270083.0
Wrath of the Titans,"Mar 30, 2012",Fantasy,5.7,172330,150000000.0,305270083.0,155270083.0
Million Dollar Arm,"May 16, 2014",Biography,7.0,41008,25000000.0,39217912.0,14217912.0
Million Dollar Arm,"May 16, 2014",Drama,7.0,41008,25000000.0,39217912.0,14217912.0
Million Dollar Arm,"May 16, 2014",Sport,7.0,41008,25000000.0,39217912.0,14217912.0
Here Comes the Boom,"Oct 12, 2012",Action,6.4,81761,42000000.0,73239258.0,31239258.0
Here Comes the Boom,"Oct 12, 2012",Comedy,6.4,81761,42000000.0,73239258.0,31239258.0
Here Comes the Boom,"Oct 12, 2012",Sport,6.4,81761,42000000.0,73239258.0,31239258.0
The Dark Tower,"Aug 4, 2017",Action,5.7,107518,60000000.0,113461527.0,53461527.0
The Dark Tower,"Aug 4, 2017",Adventure,5.7,107518,60000000.0,113461527.0,53461527.0
The Dark Tower,"Aug 4, 2017",Fantasy,5.7,107518,60000000.0,113461527.0,53461527.0
The Impossible,"Dec 21, 2012",Drama,7.6,177762,40000000.0,169590606.0,129590606.0
The Impossible,"Dec 21, 2012",History,7.6,177762,40000000.0,169590606.0,129590606.0
The Impossible,"Dec 21, 2012",Thriller,7.6,177762,40000000.0,169590606.0,129590606.0
Diary of a Wimpy Kid: Rodrick Rules,"Mar 25, 2011",Comedy,6.6,23135,18000000.0,73695194.0,55695194.0
Diary of a Wimpy Kid: Rodrick Rules,"Mar 25, 2011",Family,6.6,23135,18000000.0,73695194.0,55695194.0
Super 8,"Jun 10, 2011",Mystery,7.0,320575,50000000.0,257972745.0,207972745.0
Super 8,"Jun 10, 2011",Sci-Fi,7.0,320575,50000000.0,257972745.0,207972745.0
Super 8,"Jun 10, 2011",Thriller,7.0,320575,50000000.0,257972745.0,207972745.0
Kick-Ass 2,"Aug 16, 2013",Action,6.6,238832,28000000.0,63129909.0,35129909.0
Kick-Ass 2,"Aug 16, 2013",Comedy,6.6,238832,28000000.0,63129909.0,35129909.0
Kick-Ass 2,"Aug 16, 2013",Crime,6.6,238832,28000000.0,63129909.0,35129909.0
Dysfunctional Friends,"Feb 3, 2012",Comedy,5.2,760,1800000.0,0.0,-1800000.0
Dysfunctional Friends,"Feb 3, 2012",Drama,5.2,760,1800000.0,0.0,-1800000.0
Ghost,"Jul 13, 1990",Drama,5.8,229,22000000.0,517600000.0,495600000.0
Ghost,"Jul 13, 1990",Fantasy,5.8,229,22000000.0,517600000.0,495600000.0
Ghost,"Jul 13, 1990",Mystery,5.8,229,22000000.0,517600000.0,495600000.0
My Week with Marilyn,"Nov 23, 2011",Biography,7.0,79337,10000000.0,34240572.0,24240572.0
My Week with Marilyn,"Nov 23, 2011",Drama,7.0,79337,10000000.0,34240572.0,24240572.0
The Age of Adaline,"Apr 24, 2015",Drama,7.2,138924,30000000.0,68984536.0,38984536.0
The Age of Adaline,"Apr 24, 2015",Fantasy,7.2,138924,30000000.0,68984536.0,38984536.0
The Age of Adaline,"Apr 24, 2015",Romance,7.2,138924,30000000.0,68984536.0,38984536.0
The Artist,"Nov 25, 2011",Comedy,7.9,217184,16000000.0,128256712.0,112256712.0
The Artist,"Nov 25, 2011",Drama,7.9,217184,16000000.0,128256712.0,112256712.0
The Artist,"Nov 25, 2011",Romance,7.9,217184,16000000.0,128256712.0,112256712.0
Wanderlust,"Feb 24, 2012",Comedy,5.6,69081,32500000.0,24159934.0,-8340066.0
Wanderlust,"Feb 24, 2012",Romance,5.6,69081,32500000.0,24159934.0,-8340066.0
Stolen,"Sep 14, 2012",Action,5.5,41313,35000000.0,17967746.0,-17032254.0
Stolen,"Sep 14, 2012",Crime,5.5,41313,35000000.0,17967746.0,-17032254.0
Stolen,"Sep 14, 2012",Thriller,5.5,41313,35000000.0,17967746.0,-17032254.0
Safe,"Apr 27, 2012",Action,6.5,96388,33000000.0,41495213.0,8495213.0
Safe,"Apr 27, 2012",Crime,6.5,96388,33000000.0,41495213.0,8495213.0
Safe,"Apr 27, 2012",Thriller,6.5,96388,33000000.0,41495213.0,8495213.0
The Comedian,"Feb 3, 2017",Drama,5.5,328,15000000.0,1658706.0,-13341294.0
The Comedian,"Feb 3, 2017",Romance,5.5,328,15000000.0,1658706.0,-13341294.0
Colombiana,"Aug 26, 2011",Action,6.4,87659,40000000.0,72295262.0,32295262.0
Colombiana,"Aug 26, 2011",Drama,6.4,87659,40000000.0,72295262.0,32295262.0
Colombiana,"Aug 26, 2011",Thriller,6.4,87659,40000000.0,72295262.0,32295262.0
Freeheld,"Oct 2, 2015",Biography,6.5,10534,7000000.0,1732228.0,-5267772.0
Freeheld,"Oct 2, 2015",Drama,6.5,10534,7000000.0,1732228.0,-5267772.0
Freeheld,"Oct 2, 2015",Romance,6.5,10534,7000000.0,1732228.0,-5267772.0
The Perks of Being a Wallflower,"Sep 21, 2012",Drama,8.0,422671,13000000.0,33069303.0,20069303.0
Cinderella,"Mar 13, 2015",Drama,6.9,142792,95000000.0,534551353.0,439551353.0
Cinderella,"Feb 15, 1950",Drama,6.9,142792,2900000.0,263591415.0,260691415.0
Cinderella,"Mar 13, 2015",Family,6.9,142792,95000000.0,534551353.0,439551353.0
Cinderella,"Feb 15, 1950",Family,6.9,142792,2900000.0,263591415.0,260691415.0
Cinderella,"Mar 13, 2015",Fantasy,6.9,142792,95000000.0,534551353.0,439551353.0
Cinderella,"Feb 15, 1950",Fantasy,6.9,142792,2900000.0,263591415.0,260691415.0
Grudge Match,"Dec 25, 2013",Comedy,6.4,54080,40000000.0,69807260.0,29807260.0
Grudge Match,"Dec 25, 2013",Drama,6.4,54080,40000000.0,69807260.0,29807260.0
Grudge Match,"Dec 25, 2013",Sport,6.4,54080,40000000.0,69807260.0,29807260.0
Polisse,"May 18, 2012",Crime,7.3,12506,8900000.0,22744132.0,13844132.0
Polisse,"May 18, 2012",Drama,7.3,12506,8900000.0,22744132.0,13844132.0
Fun Size,"Oct 26, 2012",Adventure,5.4,12926,14000000.0,11166615.0,-2833385.0
Fun Size,"Oct 26, 2012",Comedy,5.4,12926,14000000.0,11166615.0,-2833385.0
The Revenant,"Dec 25, 2015",Action,8.0,621193,135000000.0,532938302.0,397938302.0
The Revenant,"Dec 25, 2015",Adventure,8.0,621193,135000000.0,532938302.0,397938302.0
The Revenant,"Dec 25, 2015",Biography,8.0,621193,135000000.0,532938302.0,397938302.0
Christmas Mail,"Dec 31, 2010",Comedy,5.8,1317,2500000.0,0.0,-2500000.0
Christmas Mail,"Dec 31, 2010",Drama,5.8,1317,2500000.0,0.0,-2500000.0
Christmas Mail,"Dec 31, 2010",Family,5.8,1317,2500000.0,0.0,-2500000.0
Pacific Rim,"Jul 12, 2013",Action,6.9,443667,190000000.0,411002906.0,221002906.0
Pacific Rim,"Jul 12, 2013",Adventure,6.9,443667,190000000.0,411002906.0,221002906.0
Pacific Rim,"Jul 12, 2013",Sci-Fi,6.9,443667,190000000.0,411002906.0,221002906.0
All Eyez on Me,"Jun 16, 2017",Biography,5.8,18541,45000000.0,54876855.0,9876855.0
All Eyez on Me,"Jun 16, 2017",Drama,5.8,18541,45000000.0,54876855.0,9876855.0
All Eyez on Me,"Jun 16, 2017",Music,5.8,18541,45000000.0,54876855.0,9876855.0
Vampires Suck,"Aug 18, 2010",Comedy,3.4,43984,20000000.0,81424988.0,61424988.0
The Calling,"Dec 31, 2009",Drama,5.8,7350,2500000.0,0.0,-2500000.0
The Calling,"Mar 1, 2002",Drama,5.8,7350,160000.0,32092.0,-127908.0
The Calling,"Dec 31, 2009",Thriller,5.8,7350,2500000.0,0.0,-2500000.0
The Calling,"Mar 1, 2002",Thriller,5.8,7350,160000.0,32092.0,-127908.0
What Women Want,"Dec 15, 2000",Comedy,5.6,1152,65000000.0,374105123.0,309105123.0
What Women Want,"Dec 15, 2000",Romance,5.6,1152,65000000.0,374105123.0,309105123.0
What Women Want,"Dec 15, 2000",Sci-Fi,5.6,1152,65000000.0,374105123.0,309105123.0
Damsels in Distress,"Apr 6, 2012",Comedy,5.7,8794,3000000.0,1324299.0,-1675701.0
Damsels in Distress,"Apr 6, 2012",Drama,5.7,8794,3000000.0,1324299.0,-1675701.0
Damsels in Distress,"Apr 6, 2012",Romance,5.7,8794,3000000.0,1324299.0,-1675701.0
Deadfall,"Dec 7, 2012",Crime,6.3,36491,6000000.0,1673635.0,-4326365.0
Deadfall,"Dec 7, 2012",Drama,6.3,36491,6000000.0,1673635.0,-4326365.0
Deadfall,"Dec 7, 2012",Thriller,6.3,36491,6000000.0,1673635.0,-4326365.0
Mirror Mirror,"Mar 30, 2012",Adventure,5.6,79510,85000000.0,173613482.0,88613482.0
Mirror Mirror,"Mar 30, 2012",Comedy,5.6,79510,85000000.0,173613482.0,88613482.0
Mirror Mirror,"Mar 30, 2012",Drama,5.6,79510,85000000.0,173613482.0,88613482.0
Ice Age: Continental Drift,"Jul 13, 2012",Adventure,6.6,175601,95000000.0,879765137.0,784765137.0
Ice Age: Continental Drift,"Jul 13, 2012",Animation,6.6,175601,95000000.0,879765137.0,784765137.0
Ice Age: Continental Drift,"Jul 13, 2012",Comedy,6.6,175601,95000000.0,879765137.0,784765137.0
Now You See Me,"May 31, 2013",Crime,7.3,553156,75000000.0,342769200.0,267769200.0
Now You See Me,"May 31, 2013",Mystery,7.3,553156,75000000.0,342769200.0,267769200.0
Now You See Me,"May 31, 2013",Thriller,7.3,553156,75000000.0,342769200.0,267769200.0
The Sapphires,"Mar 22, 2013",Biography,7.0,12143,9000000.0,20395040.0,11395040.0
The Sapphires,"Mar 22, 2013",Comedy,7.0,12143,9000000.0,20395040.0,11395040.0
The Sapphires,"Mar 22, 2013",Drama,7.0,12143,9000000.0,20395040.0,11395040.0
Entourage,"Jun 3, 2015",Comedy,6.6,71519,30000000.0,46438538.0,16438538.0
Trespass,"Oct 14, 2011",Crime,5.3,39404,35000000.0,786532.0,-34213468.0
Trespass,"Oct 14, 2011",Drama,5.3,39404,35000000.0,786532.0,-34213468.0
Trespass,"Oct 14, 2011",Thriller,5.3,39404,35000000.0,786532.0,-34213468.0
Take Shelter,"Sep 30, 2011",Drama,7.4,83200,4750000.0,4972016.0,222016.0
Take Shelter,"Sep 30, 2011",Horror,7.4,83200,4750000.0,4972016.0,222016.0
Take Shelter,"Sep 30, 2011",Thriller,7.4,83200,4750000.0,4972016.0,222016.0
Ready Player One,"Mar 29, 2018",Action,7.5,301660,150000000.0,579290136.0,429290136.0
Ready Player One,"Mar 29, 2018",Adventure,7.5,301660,150000000.0,579290136.0,429290136.0
Ready Player One,"Mar 29, 2018",Sci-Fi,7.5,301660,150000000.0,579290136.0,429290136.0
My Last Day Without You,"Oct 4, 2013",Comedy,5.7,1178,1000000.0,0.0,-1000000.0
My Last Day Without You,"Oct 4, 2013",Drama,5.7,1178,1000000.0,0.0,-1000000.0
My Last Day Without You,"Oct 4, 2013",Romance,5.7,1178,1000000.0,0.0,-1000000.0
Trolls,"Nov 4, 2016",Adventure,6.5,63295,125000000.0,344150134.0,219150134.0
Trolls,"Nov 4, 2016",Animation,6.5,63295,125000000.0,344150134.0,219150134.0
Trolls,"Nov 4, 2016",Comedy,6.5,63295,125000000.0,344150134.0,219150134.0
The Algerian,"Jun 26, 2015",Action,5.3,195,1300000.0,0.0,-1300000.0
The Algerian,"Jun 26, 2015",Romance,5.3,195,1300000.0,0.0,-1300000.0
The Algerian,"Jun 26, 2015",Thriller,5.3,195,1300000.0,0.0,-1300000.0
The One,"Nov 2, 2001",Comedy,5.0,681,49000000.0,72689126.0,23689126.0
The One,"Nov 2, 2001",Drama,5.0,681,49000000.0,72689126.0,23689126.0
The One,"Nov 2, 2001",Romance,5.0,681,49000000.0,72689126.0,23689126.0
Stoker,"Mar 1, 2013",Drama,6.8,97393,12000000.0,12034913.0,34913.0
Stoker,"Mar 1, 2013",Thriller,6.8,97393,12000000.0,12034913.0,34913.0
Bully,"Jul 13, 2001",Documentary,7.4,9597,2100000.0,1381824.0,-718176.0
Circumstance,"Aug 26, 2011",Drama,5.9,7055,900000.0,958978.0,58978.0
Creature,"Sep 9, 2011",Horror,3.7,2723,3000000.0,331000.0,-2669000.0
The Awakening,"Aug 17, 2012",Horror,6.5,60215,4900000.0,6924321.0,2024321.0
The Awakening,"Aug 17, 2012",Thriller,6.5,60215,4900000.0,6924321.0,2024321.0
Despicable Me 2,"Jul 3, 2013",Adventure,7.4,344230,76000000.0,975216835.0,899216835.0
Despicable Me 2,"Jul 3, 2013",Animation,7.4,344230,76000000.0,975216835.0,899216835.0
Despicable Me 2,"Jul 3, 2013",Comedy,7.4,344230,76000000.0,975216835.0,899216835.0
Before I Fall,"Mar 3, 2017",Drama,6.4,39282,5000000.0,18945682.0,13945682.0
Before I Fall,"Mar 3, 2017",Fantasy,6.4,39282,5000000.0,18945682.0,13945682.0
Before I Fall,"Mar 3, 2017",Mystery,6.4,39282,5000000.0,18945682.0,13945682.0
High Road,"Mar 6, 2012",Comedy,5.4,1508,546173.0,0.0,-546173.0
Carnage,"Dec 16, 2011",Comedy,7.2,111372,25000000.0,38112154.0,13112154.0
Carnage,"Dec 16, 2011",Drama,7.2,111372,25000000.0,38112154.0,13112154.0
Pinocchio,"Dec 25, 2002",Animation,6.3,224,45000000.0,31681811.0,-13318189.0
Pinocchio,"Feb 9, 1940",Animation,6.3,224,2289247.0,84300000.0,82010753.0
Pinocchio,"Dec 25, 2002",Family,6.3,224,45000000.0,31681811.0,-13318189.0
Pinocchio,"Feb 9, 1940",Family,6.3,224,2289247.0,84300000.0,82010753.0
Pinocchio,"Dec 25, 2002",Fantasy,6.3,224,45000000.0,31681811.0,-13318189.0
Pinocchio,"Feb 9, 1940",Fantasy,6.3,224,2289247.0,84300000.0,82010753.0
Highway,"Dec 31, 2012",Comedy,3.5,183,2000000.0,0.0,-2000000.0
The Guilt Trip,"Dec 19, 2012",Comedy,5.8,33702,40000000.0,41294674.0,1294674.0
The Guilt Trip,"Dec 19, 2012",Drama,5.8,33702,40000000.0,41294674.0,1294674.0
Into the Grizzly Maze,"May 19, 2015",Action,5.3,7006,10000000.0,0.0,-10000000.0
Into the Grizzly Maze,"May 19, 2015",Adventure,5.3,7006,10000000.0,0.0,-10000000.0
Into the Grizzly Maze,"May 19, 2015",Drama,5.3,7006,10000000.0,0.0,-10000000.0
Volcano,"Apr 25, 1997",Drama,7.2,1181,90000000.0,120100000.0,30100000.0
The Virginity Hit,"Sep 24, 2010",Comedy,4.6,3696,2000000.0,636706.0,-1363294.0
"Alexander and the Terrible, Horrible, No Good, Very Bad Day","Oct 10, 2014",Comedy,6.2,37325,28000000.0,101379287.0,73379287.0
"Alexander and the Terrible, Horrible, No Good, Very Bad Day","Oct 10, 2014",Family,6.2,37325,28000000.0,101379287.0,73379287.0
Captive,"Sep 18, 2015",Drama,6.0,674,2000000.0,2791973.0,791973.0
Captive,"Sep 18, 2015",Thriller,6.0,674,2000000.0,2791973.0,791973.0
Peeples,"May 10, 2013",Comedy,5.3,4452,11000000.0,9307166.0,-1692834.0
Peeples,"May 10, 2013",Romance,5.3,4452,11000000.0,9307166.0,-1692834.0
Sausage Party,"Aug 12, 2016",Adventure,6.2,159111,19000000.0,141344255.0,122344255.0
Sausage Party,"Aug 12, 2016",Animation,6.2,159111,19000000.0,141344255.0,122344255.0
Sausage Party,"Aug 12, 2016",Comedy,6.2,159111,19000000.0,141344255.0,122344255.0
Detention,"Apr 13, 2012",Comedy,5.8,14221,10000000.0,0.0,-10000000.0
Detention,"Apr 13, 2012",Horror,5.8,14221,10000000.0,0.0,-10000000.0
Detention,"Apr 13, 2012",Mystery,5.8,14221,10000000.0,0.0,-10000000.0
Casa de mi Padre,"Mar 16, 2012",Comedy,5.5,19170,6000000.0,8446952.0,2446952.0
Casa de mi Padre,"Mar 16, 2012",Western,5.5,19170,6000000.0,8446952.0,2446952.0
Safe Haven,"Feb 14, 2013",Drama,6.7,97055,28000000.0,94050951.0,66050951.0
Safe Haven,"Feb 14, 2013",Romance,6.7,97055,28000000.0,94050951.0,66050951.0
Safe Haven,"Feb 14, 2013",Thriller,6.7,97055,28000000.0,94050951.0,66050951.0
Justin Bieber: Never Say Never,"Feb 11, 2011",Documentary,1.6,74978,13000000.0,99034125.0,86034125.0
Justin Bieber: Never Say Never,"Feb 11, 2011",Music,1.6,74978,13000000.0,99034125.0,86034125.0
Grave Encounters,"Sep 9, 2011",Horror,6.1,48125,2000000.0,2151887.0,151887.0
Genius,"Jun 10, 2016",Biography,6.6,15611,17000000.0,7265283.0,-9734717.0
Genius,"Jun 10, 2016",Drama,6.6,15611,17000000.0,7265283.0,-9734717.0
Bernie,"Apr 27, 2012",Biography,6.8,53765,6000000.0,10106975.0,4106975.0
Bernie,"Apr 27, 2012",Comedy,6.8,53765,6000000.0,10106975.0,4106975.0
Bernie,"Apr 27, 2012",Crime,6.8,53765,6000000.0,10106975.0,4106975.0
Tarzan,"Jun 16, 1999",Adventure,4.8,11728,145000000.0,448191819.0,303191819.0
Tarzan,"Jun 16, 1999",Animation,4.8,11728,145000000.0,448191819.0,303191819.0
Tarzan,"Jun 16, 1999",Drama,4.8,11728,145000000.0,448191819.0,303191819.0
Chronicle,"Feb 3, 2012",Drama,7.1,229258,12000000.0,123681790.0,111681790.0
Chronicle,"Feb 3, 2012",Sci-Fi,7.1,229258,12000000.0,123681790.0,111681790.0
Chronicle,"Feb 3, 2012",Thriller,7.1,229258,12000000.0,123681790.0,111681790.0
Snowpiercer,"Jun 27, 2014",Action,7.1,239264,40000000.0,88069880.0,48069880.0
Snowpiercer,"Jun 27, 2014",Drama,7.1,239264,40000000.0,88069880.0,48069880.0
Snowpiercer,"Jun 27, 2014",Sci-Fi,7.1,239264,40000000.0,88069880.0,48069880.0
Gerry,"Feb 14, 2003",Biography,6.8,298,7000000.0,719699.0,-6280301.0
The Last Days on Mars,"Dec 6, 2013",Adventure,5.5,33137,10600000.0,261364.0,-10338636.0
The Last Days on Mars,"Dec 6, 2013",Horror,5.5,33137,10600000.0,261364.0,-10338636.0
The Last Days on Mars,"Dec 6, 2013",Sci-Fi,5.5,33137,10600000.0,261364.0,-10338636.0
Joyful Noise,"Jan 13, 2012",Comedy,5.8,7575,27500000.0,31157914.0,3657914.0
Joyful Noise,"Jan 13, 2012",Drama,5.8,7575,27500000.0,31157914.0,3657914.0
Joyful Noise,"Jan 13, 2012",Music,5.8,7575,27500000.0,31157914.0,3657914.0
Office Christmas Party,"Dec 9, 2016",Comedy,5.8,59253,45000000.0,91323299.0,46323299.0
Alex Cross,"Oct 19, 2012",Action,5.1,30951,35000000.0,35426759.0,426759.0
Alex Cross,"Oct 19, 2012",Crime,5.1,30951,35000000.0,35426759.0,426759.0
Alex Cross,"Oct 19, 2012",Mystery,5.1,30951,35000000.0,35426759.0,426759.0
Triple 9,"Feb 26, 2016",Crime,6.3,60369,20000000.0,25943792.0,5943792.0
Triple 9,"Feb 26, 2016",Thriller,6.3,60369,20000000.0,25943792.0,5943792.0
The Spectacular Now,"Aug 2, 2013",Comedy,7.1,133887,2500000.0,6916951.0,4416951.0
The Spectacular Now,"Aug 2, 2013",Drama,7.1,133887,2500000.0,6916951.0,4416951.0
The Spectacular Now,"Aug 2, 2013",Romance,7.1,133887,2500000.0,6916951.0,4416951.0
Weekend,"Sep 23, 2011",Drama,7.6,25424,190000.0,1577585.0,1387585.0
Weekend,"Sep 23, 2011",Romance,7.6,25424,190000.0,1577585.0,1387585.0
Anna,"Jun 6, 2014",Drama,6.5,19733,4357373.0,1200000.0,-3157373.0
Anna,"Jun 6, 2014",Mystery,6.5,19733,4357373.0,1200000.0,-3157373.0
Anna,"Jun 6, 2014",Sci-Fi,6.5,19733,4357373.0,1200000.0,-3157373.0
Raymond Did It,"Feb 11, 2011",Horror,3.3,211,40000.0,3632.0,-36368.0
People Like Us,"Jun 29, 2012",Comedy,7.1,39618,16000000.0,12617472.0,-3382528.0
People Like Us,"Jun 29, 2012",Drama,7.1,39618,16000000.0,12617472.0,-3382528.0
Another Happy Day,"Nov 18, 2011",Comedy,6.0,3793,4000000.0,978527.0,-3021473.0
Another Happy Day,"Nov 18, 2011",Drama,6.0,3793,4000000.0,978527.0,-3021473.0
October Baby,"Mar 23, 2012",Drama,6.8,6903,1000000.0,5391992.0,4391992.0
We're the Millers,"Aug 7, 2013",Comedy,7.0,371759,37000000.0,267816276.0,230816276.0
We're the Millers,"Aug 7, 2013",Crime,7.0,371759,37000000.0,267816276.0,230816276.0
Shame,"Dec 2, 2011",Drama,7.2,171353,6500000.0,20412841.0,13912841.0
L!fe Happens,"Apr 13, 2012",Comedy,5.6,7229,930000.0,30905.0,-899095.0
Before I Go to Sleep,"Oct 31, 2014",Drama,6.3,64684,22000000.0,19563579.0,-2436421.0
Before I Go to Sleep,"Oct 31, 2014",Horror,6.3,64684,22000000.0,19563579.0,-2436421.0
Before I Go to Sleep,"Oct 31, 2014",Mystery,6.3,64684,22000000.0,19563579.0,-2436421.0
Killer Joe,"Jul 27, 2012",Crime,6.7,67842,10000000.0,4659110.0,-5340890.0
Killer Joe,"Jul 27, 2012",Drama,6.7,67842,10000000.0,4659110.0,-5340890.0
Killer Joe,"Jul 27, 2012",Thriller,6.7,67842,10000000.0,4659110.0,-5340890.0
Father's Day,"May 9, 1997",Action,6.0,2482,85000000.0,35681080.0,-49318920.0
Father's Day,"May 9, 1997",Comedy,6.0,2482,85000000.0,35681080.0,-49318920.0
Father's Day,"May 9, 1997",Horror,6.0,2482,85000000.0,35681080.0,-49318920.0
The Way Way Back,"Jul 5, 2013",Comedy,7.4,132642,5000000.0,26853810.0,21853810.0
The Way Way Back,"Jul 5, 2013",Drama,7.4,132642,5000000.0,26853810.0,21853810.0
Control,"Oct 10, 2007",Action,6.4,866,6400000.0,8902141.0,2502141.0
Control,"Oct 10, 2007",Crime,6.4,866,6400000.0,8902141.0,2502141.0
Control,"Oct 10, 2007",Drama,6.4,866,6400000.0,8902141.0,2502141.0
Scouts Guide to the Zombie Apocalypse,"Oct 30, 2015",Action,6.3,40479,15000000.0,15554855.0,554855.0
Scouts Guide to the Zombie Apocalypse,"Oct 30, 2015",Comedy,6.3,40479,15000000.0,15554855.0,554855.0
Scouts Guide to the Zombie Apocalypse,"Oct 30, 2015",Horror,6.3,40479,15000000.0,15554855.0,554855.0
Screwed,"May 12, 2000",Crime,5.7,1900,12000000.0,6982680.0,-5017320.0
Screwed,"May 12, 2000",Drama,5.7,1900,12000000.0,6982680.0,-5017320.0
Bohemian Rhapsody,"Nov 2, 2018",Biography,8.0,345466,55000000.0,894985342.0,839985342.0
Bohemian Rhapsody,"Nov 2, 2018",Drama,8.0,345466,55000000.0,894985342.0,839985342.0
Bohemian Rhapsody,"Nov 2, 2018",Music,8.0,345466,55000000.0,894985342.0,839985342.0
The Family,"Sep 13, 2013",Horror,5.0,833,30000000.0,51078541.0,21078541.0
The Family,"Sep 13, 2013",Thriller,5.0,833,30000000.0,51078541.0,21078541.0
Darling Companion,"Apr 20, 2012",Comedy,5.1,3085,12000000.0,1200346.0,-10799654.0
Darling Companion,"Apr 20, 2012",Drama,5.1,3085,12000000.0,1200346.0,-10799654.0
Darling Companion,"Apr 20, 2012",Romance,5.1,3085,12000000.0,1200346.0,-10799654.0
Supernova,"Jan 14, 2000",Drama,5.7,233,60000000.0,14816494.0,-45183506.0
Ender's Game,"Nov 1, 2013",Action,6.6,211722,110000000.0,127983283.0,17983283.0
Ender's Game,"Nov 1, 2013",Adventure,6.6,211722,110000000.0,127983283.0,17983283.0
Ender's Game,"Nov 1, 2013",Fantasy,6.6,211722,110000000.0,127983283.0,17983283.0
The Lords of Salem,"Apr 19, 2013",Horror,5.1,25089,1500000.0,1541131.0,41131.0
The Lords of Salem,"Apr 19, 2013",Thriller,5.1,25089,1500000.0,1541131.0,41131.0
Silence,"Dec 23, 2016",Drama,6.7,373,46500000.0,23726626.0,-22773374.0
Silence,"Dec 23, 2016",War,6.7,373,46500000.0,23726626.0,-22773374.0
Eden,"Jan 19, 2016",Crime,6.7,7709,2300000.0,0.0,-2300000.0
Eden,"Jan 19, 2016",Drama,6.7,7709,2300000.0,0.0,-2300000.0
Wonderland,"Oct 3, 2003",Fantasy,5.0,159,5500000.0,1060512.0,-4439488.0
Wonderland,"Oct 3, 2003",Horror,5.0,159,5500000.0,1060512.0,-4439488.0
Wonderland,"Oct 3, 2003",Sci-Fi,5.0,159,5500000.0,1060512.0,-4439488.0
Snow White and the Huntsman,"Jun 1, 2012",Action,6.1,258938,170000000.0,401021746.0,231021746.0
Snow White and the Huntsman,"Jun 1, 2012",Adventure,6.1,258938,170000000.0,401021746.0,231021746.0
Snow White and the Huntsman,"Jun 1, 2012",Drama,6.1,258938,170000000.0,401021746.0,231021746.0
The Island,"Jul 22, 2005",Drama,5.1,705,120000000.0,163018913.0,43018913.0
The Island,"Jun 13, 1980",Drama,5.1,705,22000000.0,15716828.0,-6283172.0
The Island,"Jul 22, 2005",Romance,5.1,705,120000000.0,163018913.0,43018913.0
The Island,"Jun 13, 1980",Romance,5.1,705,22000000.0,15716828.0,-6283172.0
Wanted,"Jun 27, 2008",Action,6.3,271,75000000.0,342416460.0,267416460.0
The Man,"Sep 9, 2005",Drama,6.3,513,20000000.0,10393696.0,-9606304.0
Secret in Their Eyes,"Nov 20, 2015",Crime,6.3,37455,20000000.0,32608019.0,12608019.0
Secret in Their Eyes,"Nov 20, 2015",Drama,6.3,37455,20000000.0,32608019.0,12608019.0
Secret in Their Eyes,"Nov 20, 2015",Mystery,6.3,37455,20000000.0,32608019.0,12608019.0
Jersey Boys,"Jun 20, 2014",Biography,6.8,30410,40000000.0,65282732.0,25282732.0
Jersey Boys,"Jun 20, 2014",Drama,6.8,30410,40000000.0,65282732.0,25282732.0
Jersey Boys,"Jun 20, 2014",Music,6.8,30410,40000000.0,65282732.0,25282732.0
Sabotage,"Mar 28, 2014",Action,5.7,55597,35000000.0,18376443.0,-16623557.0
Sabotage,"Mar 28, 2014",Crime,5.7,55597,35000000.0,18376443.0,-16623557.0
Sabotage,"Mar 28, 2014",Drama,5.7,55597,35000000.0,18376443.0,-16623557.0
Your Sister's Sister,"Jun 15, 2012",Comedy,6.7,24780,120000.0,3090593.0,2970593.0
Your Sister's Sister,"Jun 15, 2012",Drama,6.7,24780,120000.0,3090593.0,2970593.0
I Don't Know How She Does It,"Sep 16, 2011",Comedy,4.9,18552,24000000.0,24474463.0,474463.0
I Don't Know How She Does It,"Sep 16, 2011",Romance,4.9,18552,24000000.0,24474463.0,474463.0
The Wall,"May 12, 2017",Drama,6.8,5484,3000000.0,4495262.0,1495262.0
The Wall,"May 12, 2017",Fantasy,6.8,5484,3000000.0,4495262.0,1495262.0
The Wall,"May 12, 2017",Mystery,6.8,5484,3000000.0,4495262.0,1495262.0
Blood Ties,"Mar 21, 2014",Action,6.5,17771,26000000.0,2923959.0,-23076041.0
Blood Ties,"Mar 21, 2014",Crime,6.5,17771,26000000.0,2923959.0,-23076041.0
Blood Ties,"Mar 21, 2014",Drama,6.5,17771,26000000.0,2923959.0,-23076041.0
Moonrise Kingdom,"May 25, 2012",Adventure,7.8,291750,16000000.0,68848446.0,52848446.0
Moonrise Kingdom,"May 25, 2012",Comedy,7.8,291750,16000000.0,68848446.0,52848446.0
Moonrise Kingdom,"May 25, 2012",Drama,7.8,291750,16000000.0,68848446.0,52848446.0
Red Lights,"Jul 13, 2012",Drama,6.2,55287,17700000.0,14518884.0,-3181116.0
Red Lights,"Jul 13, 2012",Fantasy,6.2,55287,17700000.0,14518884.0,-3181116.0
Red Lights,"Jul 13, 2012",Horror,6.2,55287,17700000.0,14518884.0,-3181116.0
Sound of My Voice,"Apr 27, 2012",Drama,6.6,19387,135000.0,429448.0,294448.0
Sound of My Voice,"Apr 27, 2012",Mystery,6.6,19387,135000.0,429448.0,294448.0
Sound of My Voice,"Apr 27, 2012",Sci-Fi,6.6,19387,135000.0,429448.0,294448.0
The Collection,"Nov 30, 2012",Action,6.1,42256,10000000.0,8890094.0,-1109906.0
The Collection,"Nov 30, 2012",Horror,6.1,42256,10000000.0,8890094.0,-1109906.0
The Collection,"Nov 30, 2012",Thriller,6.1,42256,10000000.0,8890094.0,-1109906.0
August,"Jul 11, 2008",Drama,5.9,1609,3400000.0,12636.0,-3387364.0
August,"Jul 11, 2008",Romance,5.9,1609,3400000.0,12636.0,-3387364.0
August,"Jul 11, 2008",Drama,5.3,731,3400000.0,12636.0,-3387364.0
The Ghastly Love of Johnny X,"Oct 26, 2012",Comedy,5.7,386,2000000.0,2436.0,-1997564.0
The Ghastly Love of Johnny X,"Oct 26, 2012",Fantasy,5.7,386,2000000.0,2436.0,-1997564.0
The Ghastly Love of Johnny X,"Oct 26, 2012",Musical,5.7,386,2000000.0,2436.0,-1997564.0
The Little Prince,"Feb 12, 2016",Adventure,7.7,50015,77500000.0,102028919.0,24528919.0
The Little Prince,"Feb 12, 2016",Animation,7.7,50015,77500000.0,102028919.0,24528919.0
The Little Prince,"Feb 12, 2016",Drama,7.7,50015,77500000.0,102028919.0,24528919.0
Brothers,"Dec 4, 2009",Drama,5.8,149,26000000.0,45043870.0,19043870.0
Brothers,"Aug 14, 2015",Drama,5.8,149,13000000.0,17856688.0,4856688.0
Twixt,"Jul 23, 2013",Comedy,4.8,9774,7000000.0,1268346.0,-5731654.0
Twixt,"Jul 23, 2013",Fantasy,4.8,9774,7000000.0,1268346.0,-5731654.0
Twixt,"Jul 23, 2013",Horror,4.8,9774,7000000.0,1268346.0,-5731654.0
Jackie,"Dec 2, 2016",Action,7.1,1338,9000000.0,36588512.0,27588512.0
Blue Like Jazz,"Apr 13, 2012",Comedy,5.9,2810,1200000.0,595018.0,-604982.0
Blue Like Jazz,"Apr 13, 2012",Drama,5.9,2810,1200000.0,595018.0,-604982.0
Like Crazy,"Oct 28, 2011",Drama,6.7,55841,250000.0,3728400.0,3478400.0
Like Crazy,"Oct 28, 2011",Romance,6.7,55841,250000.0,3728400.0,3478400.0
The To Do List,"Jul 26, 2013",Comedy,5.8,34524,1500000.0,4128828.0,2628828.0
The To Do List,"Jul 26, 2013",Romance,5.8,34524,1500000.0,4128828.0,2628828.0
The Snowman,"Oct 20, 2017",Crime,5.1,47890,35000000.0,43226146.0,8226146.0
The Snowman,"Oct 20, 2017",Drama,5.1,47890,35000000.0,43226146.0,8226146.0
The Snowman,"Oct 20, 2017",Mystery,5.1,47890,35000000.0,43226146.0,8226146.0
The First Time,"Oct 19, 2012",Comedy,6.9,62589,2000000.0,17061.0,-1982939.0
The First Time,"Oct 19, 2012",Drama,6.9,62589,2000000.0,17061.0,-1982939.0
The First Time,"Oct 19, 2012",Romance,6.9,62589,2000000.0,17061.0,-1982939.0
Arbitrage,"Sep 14, 2012",Drama,6.6,46774,12000000.0,35830713.0,23830713.0
Arbitrage,"Sep 14, 2012",Thriller,6.6,46774,12000000.0,35830713.0,23830713.0
Killing Them Softly,"Nov 30, 2012",Crime,6.2,124086,15000000.0,39238443.0,24238443.0
Killing Them Softly,"Nov 30, 2012",Thriller,6.2,124086,15000000.0,39238443.0,24238443.0
Subconscious,"Mar 10, 2015",Horror,4.5,172,500000.0,0.0,-500000.0
The Expendables 2,"Aug 17, 2012",Action,6.6,277584,100000000.0,311979256.0,211979256.0
The Expendables 2,"Aug 17, 2012",Adventure,6.6,277584,100000000.0,311979256.0,211979256.0
The Expendables 2,"Aug 17, 2012",Thriller,6.6,277584,100000000.0,311979256.0,211979256.0
Silent House,"Mar 9, 2012",Drama,5.3,20831,2000000.0,16610760.0,14610760.0
Silent House,"Mar 9, 2012",Horror,5.3,20831,2000000.0,16610760.0,14610760.0
Silent House,"Mar 9, 2012",Mystery,5.3,20831,2000000.0,16610760.0,14610760.0
The Giant Mechanical Man,"Apr 27, 2012",Comedy,6.7,8921,900000.0,7396.0,-892604.0
The Giant Mechanical Man,"Apr 27, 2012",Drama,6.7,8921,900000.0,7396.0,-892604.0
The Giant Mechanical Man,"Apr 27, 2012",Romance,6.7,8921,900000.0,7396.0,-892604.0
Apollo 18,"Sep 2, 2011",Horror,5.2,51427,5000000.0,26517819.0,21517819.0
Apollo 18,"Sep 2, 2011",Mystery,5.2,51427,5000000.0,26517819.0,21517819.0
Apollo 18,"Sep 2, 2011",Sci-Fi,5.2,51427,5000000.0,26517819.0,21517819.0
The Curse of Downers Grove,"Aug 21, 2015",Drama,4.5,1618,2000000.0,0.0,-2000000.0
The Curse of Downers Grove,"Aug 21, 2015",Horror,4.5,1618,2000000.0,0.0,-2000000.0
The Curse of Downers Grove,"Aug 21, 2015",Mystery,4.5,1618,2000000.0,0.0,-2000000.0
Danny Collins,"Mar 20, 2015",Biography,7.0,27435,10000000.0,8465845.0,-1534155.0
Danny Collins,"Mar 20, 2015",Comedy,7.0,27435,10000000.0,8465845.0,-1534155.0
Danny Collins,"Mar 20, 2015",Drama,7.0,27435,10000000.0,8465845.0,-1534155.0
Hostage,"Mar 11, 2005",Thriller,5.7,446,75000000.0,77636443.0,2636443.0
Wreck-It Ralph,"Nov 2, 2012",Adventure,7.7,344496,165000000.0,496511521.0,331511521.0
Wreck-It Ralph,"Nov 2, 2012",Animation,7.7,344496,165000000.0,496511521.0,331511521.0
Wreck-It Ralph,"Nov 2, 2012",Comedy,7.7,344496,165000000.0,496511521.0,331511521.0
Trade of Innocents,"Oct 5, 2012",Drama,5.4,860,5800000.0,15091.0,-5784909.0
Trade of Innocents,"Oct 5, 2012",Thriller,5.4,860,5800000.0,15091.0,-5784909.0
Outside Bet,"Feb 24, 2015",Comedy,5.0,267,7500000.0,13524.0,-7486476.0
The Intruder,"May 3, 2019",Horror,4.3,136,8000000.0,36005871.0,28005871.0
50 to 1,"Mar 21, 2014",Drama,6.6,1739,10000000.0,1069454.0,-8930546.0
Paranormal Activity 3,"Oct 21, 2011",Horror,5.8,85689,5000000.0,207039844.0,202039844.0
Paranormal Activity 3,"Oct 21, 2011",Mystery,5.8,85689,5000000.0,207039844.0,202039844.0
Paranormal Activity 3,"Oct 21, 2011",Thriller,5.8,85689,5000000.0,207039844.0,202039844.0
Wilson,"Aug 1, 1944",Comedy,5.8,8985,5200000.0,2000000.0,-3200000.0
Wilson,"Aug 1, 1944",Drama,5.8,8985,5200000.0,2000000.0,-3200000.0
Anna Karenina,"Nov 16, 2012",Drama,6.6,84668,49000000.0,71004627.0,22004627.0
Anna Karenina,"Nov 16, 2012",Romance,6.6,84668,49000000.0,71004627.0,22004627.0
Burn,"Jul 20, 2012",Documentary,7.5,663,225000.0,1109276.0,884276.0
Hands of Stone,"Aug 26, 2016",Action,6.6,12851,20000000.0,5031975.0,-14968025.0
Hands of Stone,"Aug 26, 2016",Biography,6.6,12851,20000000.0,5031975.0,-14968025.0
Hands of Stone,"Aug 26, 2016",Drama,6.6,12851,20000000.0,5031975.0,-14968025.0
No Escape,"Aug 26, 2015",Action,6.8,70222,5000000.0,42844516.0,37844516.0
No Escape,"Aug 26, 2015",Thriller,6.8,70222,5000000.0,42844516.0,37844516.0
The Ridges,"Nov 25, 2011",Drama,2.9,127,17300.0,0.0,-17300.0
The Ridges,"Nov 25, 2011",Horror,2.9,127,17300.0,0.0,-17300.0
The Ridges,"Nov 25, 2011",Thriller,2.9,127,17300.0,0.0,-17300.0
Widows,"Nov 16, 2018",Comedy,6.3,484,40000000.0,73866088.0,33866088.0
Widows,"Nov 16, 2018",Drama,6.3,484,40000000.0,73866088.0,33866088.0
Restoration,"Dec 29, 1995",Drama,6.8,207,18000000.0,4100000.0,-13900000.0
Madea's Big Happy Family,"Apr 22, 2011",Comedy,4.7,6996,25000000.0,54160818.0,29160818.0
Madea's Big Happy Family,"Apr 22, 2011",Drama,4.7,6996,25000000.0,54160818.0,29160818.0
Kill List,"Feb 3, 2012",Crime,6.4,32807,800000.0,462206.0,-337794.0
Kill List,"Feb 3, 2012",Drama,6.4,32807,800000.0,462206.0,-337794.0
Kill List,"Feb 3, 2012",Horror,6.4,32807,800000.0,462206.0,-337794.0
Pirates of the Caribbean: Dead Men Tell No Tales,"May 26, 2017",Action,6.6,228592,230000000.0,788241137.0,558241137.0
Pirates of the Caribbean: Dead Men Tell No Tales,"May 26, 2017",Adventure,6.6,228592,230000000.0,788241137.0,558241137.0
Pirates of the Caribbean: Dead Men Tell No Tales,"May 26, 2017",Fantasy,6.6,228592,230000000.0,788241137.0,558241137.0
The Maze Runner,"Sep 19, 2014",Action,6.8,387038,34000000.0,348319861.0,314319861.0
The Maze Runner,"Sep 19, 2014",Mystery,6.8,387038,34000000.0,348319861.0,314319861.0
The Maze Runner,"Sep 19, 2014",Sci-Fi,6.8,387038,34000000.0,348319861.0,314319861.0
Zero Dark Thirty,"Dec 19, 2012",Drama,7.4,251072,52500000.0,134612435.0,82112435.0
Zero Dark Thirty,"Dec 19, 2012",Thriller,7.4,251072,52500000.0,134612435.0,82112435.0
The Campaign,"Aug 10, 2012",Comedy,6.1,118678,95000000.0,104907746.0,9907746.0
Inherent Vice,"Dec 12, 2014",Comedy,6.7,83346,20000000.0,14772346.0,-5227654.0
Inherent Vice,"Dec 12, 2014",Crime,6.7,83346,20000000.0,14772346.0,-5227654.0
Inherent Vice,"Dec 12, 2014",Drama,6.7,83346,20000000.0,14772346.0,-5227654.0
Weekend,"Sep 23, 2011",Action,4.0,583,190000.0,1577585.0,1387585.0
Weekend,"Sep 23, 2011",Comedy,4.0,583,190000.0,1577585.0,1387585.0
Weekend,"Sep 23, 2011",Crime,4.0,583,190000.0,1577585.0,1387585.0
While We're Young,"Mar 27, 2015",Comedy,6.3,41327,10000000.0,17503828.0,7503828.0
While We're Young,"Mar 27, 2015",Drama,6.3,41327,10000000.0,17503828.0,7503828.0
While We're Young,"Mar 27, 2015",Mystery,6.3,41327,10000000.0,17503828.0,7503828.0
Cirque du Soleil: Worlds Away,"Dec 21, 2012",Fantasy,6.8,7643,25000000.0,28012862.0,3012862.0
Frankenstein,"Nov 4, 1994",Drama,9.0,1832,45000000.0,112006296.0,67006296.0
Rudderless,"Oct 17, 2014",Comedy,7.5,16303,5000000.0,567219.0,-4432781.0
Rudderless,"Oct 17, 2014",Drama,7.5,16303,5000000.0,567219.0,-4432781.0
Rudderless,"Oct 17, 2014",Music,7.5,16303,5000000.0,567219.0,-4432781.0
This Is Martin Bonner,"Jun 21, 2013",Drama,6.6,846,42000.0,0.0,-42000.0
Southpaw,"Jul 24, 2015",Drama,7.4,199783,30000000.0,94156456.0,64156456.0
Southpaw,"Jul 24, 2015",Sport,7.4,199783,30000000.0,94156456.0,64156456.0
Her,"Jan 10, 2014",Drama,8.0,467232,23000000.0,48163815.0,25163815.0
Her,"Jan 10, 2014",Romance,8.0,467232,23000000.0,48163815.0,25163815.0
Her,"Jan 10, 2014",Sci-Fi,8.0,467232,23000000.0,48163815.0,25163815.0
After,"Dec 31, 2012",Drama,5.5,4881,650000.0,0.0,-650000.0
After,"Dec 31, 2012",Fantasy,5.5,4881,650000.0,0.0,-650000.0
After,"Dec 31, 2012",Mystery,5.5,4881,650000.0,0.0,-650000.0
Benji,"Nov 15, 1974",Crime,6.4,2779,500000.0,31559560.0,31059560.0
Benji,"Nov 15, 1974",Drama,6.4,2779,500000.0,31559560.0,31059560.0
Benji,"Nov 15, 1974",Family,6.4,2779,500000.0,31559560.0,31059560.0
American Hustle,"Dec 13, 2013",Crime,7.2,418221,40000000.0,257878294.0,217878294.0
American Hustle,"Dec 13, 2013",Drama,7.2,418221,40000000.0,257878294.0,217878294.0
That Awkward Moment,"Jan 31, 2014",Comedy,6.2,92148,8000000.0,53068955.0,45068955.0
That Awkward Moment,"Jan 31, 2014",Romance,6.2,92148,8000000.0,53068955.0,45068955.0
Lords of London,"Sep 1, 2015",Crime,3.2,703,3440000.0,0.0,-3440000.0
Lords of London,"Sep 1, 2015",Mystery,3.2,703,3440000.0,0.0,-3440000.0
Lords of London,"Sep 1, 2015",Thriller,3.2,703,3440000.0,0.0,-3440000.0
Step Up Revolution,"Jul 27, 2012",Drama,6.5,51295,33000000.0,165552290.0,132552290.0
Step Up Revolution,"Jul 27, 2012",Music,6.5,51295,33000000.0,165552290.0,132552290.0
Step Up Revolution,"Jul 27, 2012",Romance,6.5,51295,33000000.0,165552290.0,132552290.0
Gotti,"Jun 15, 2018",Biography,4.8,10358,10000000.0,6089100.0,-3910900.0
Gotti,"Jun 15, 2018",Crime,4.8,10358,10000000.0,6089100.0,-3910900.0
Gotti,"Jun 15, 2018",Drama,4.8,10358,10000000.0,6089100.0,-3910900.0
Super,"Apr 1, 2011",Drama,8.1,1869,2500000.0,593933.0,-1906067.0
Jackpot,"Jul 27, 2001",Action,6.6,2941,400000.0,44452.0,-355548.0
Jackpot,"Jul 27, 2001",Comedy,6.6,2941,400000.0,44452.0,-355548.0
Jackpot,"Jul 27, 2001",Crime,6.6,2941,400000.0,44452.0,-355548.0
Unbroken,"Dec 25, 2014",Biography,7.2,129981,65000000.0,163527824.0,98527824.0
Unbroken,"Dec 25, 2014",Drama,7.2,129981,65000000.0,163527824.0,98527824.0
Unbroken,"Dec 25, 2014",Sport,7.2,129981,65000000.0,163527824.0,98527824.0
Little Boy,"Apr 24, 2015",Drama,7.4,20945,20000000.0,17769299.0,-2230701.0
Little Boy,"Apr 24, 2015",History,7.4,20945,20000000.0,17769299.0,-2230701.0
Little Boy,"Apr 24, 2015",War,7.4,20945,20000000.0,17769299.0,-2230701.0
Admission,"Mar 22, 2013",Comedy,5.7,31849,13000000.0,18733666.0,5733666.0
Admission,"Mar 22, 2013",Drama,5.7,31849,13000000.0,18733666.0,5733666.0
Admission,"Mar 22, 2013",Romance,5.7,31849,13000000.0,18733666.0,5733666.0
Beloved,"Oct 16, 1998",Drama,6.2,2138,53000000.0,22852487.0,-30147513.0
Beloved,"Oct 16, 1998",Musical,6.2,2138,53000000.0,22852487.0,-30147513.0
Beloved,"Oct 16, 1998",Romance,6.2,2138,53000000.0,22852487.0,-30147513.0
After Earth,"May 31, 2013",Action,4.8,181687,130000000.0,251499665.0,121499665.0
After Earth,"May 31, 2013",Adventure,4.8,181687,130000000.0,251499665.0,121499665.0
After Earth,"May 31, 2013",Drama,4.8,181687,130000000.0,251499665.0,121499665.0
The Place Beyond the Pines,"Mar 29, 2013",Crime,7.3,226765,15000000.0,47011449.0,32011449.0
The Place Beyond the Pines,"Mar 29, 2013",Drama,7.3,226765,15000000.0,47011449.0,32011449.0
The Place Beyond the Pines,"Mar 29, 2013",Thriller,7.3,226765,15000000.0,47011449.0,32011449.0
Freaks of Nature,"Oct 30, 2015",Comedy,5.9,9670,33000000.0,70958.0,-32929042.0
Freaks of Nature,"Oct 30, 2015",Horror,5.9,9670,33000000.0,70958.0,-32929042.0
Freaks of Nature,"Oct 30, 2015",Sci-Fi,5.9,9670,33000000.0,70958.0,-32929042.0
Nebraska,"Nov 15, 2013",Adventure,7.7,105304,12000000.0,24761360.0,12761360.0
Nebraska,"Nov 15, 2013",Comedy,7.7,105304,12000000.0,24761360.0,12761360.0
Nebraska,"Nov 15, 2013",Drama,7.7,105304,12000000.0,24761360.0,12761360.0
The Nut Job,"Jan 17, 2014",Adventure,5.7,24587,30000000.0,122529966.0,92529966.0
The Nut Job,"Jan 17, 2014",Animation,5.7,24587,30000000.0,122529966.0,92529966.0
The Nut Job,"Jan 17, 2014",Comedy,5.7,24587,30000000.0,122529966.0,92529966.0
Traffic,"Dec 27, 2000",Action,8.0,3551,48000000.0,208300000.0,160300000.0
Traffic,"Dec 27, 2000",Adventure,8.0,3551,48000000.0,208300000.0,160300000.0
Traffic,"Dec 27, 2000",Mystery,8.0,3551,48000000.0,208300000.0,160300000.0
RED 2,"Jul 19, 2013",Action,6.6,148846,84000000.0,141507355.0,57507355.0
RED 2,"Jul 19, 2013",Comedy,6.6,148846,84000000.0,141507355.0,57507355.0
RED 2,"Jul 19, 2013",Crime,6.6,148846,84000000.0,141507355.0,57507355.0
Sparrows Dance,"Aug 23, 2013",Comedy,6.8,550,175000.0,2602.0,-172398.0
Sparrows Dance,"Aug 23, 2013",Drama,6.8,550,175000.0,2602.0,-172398.0
Sparrows Dance,"Aug 23, 2013",Romance,6.8,550,175000.0,2602.0,-172398.0
Reagan,"Dec 31, 2019",Biography,7.4,732,25000000.0,0.0,-25000000.0
Reagan,"Dec 31, 2019",Documentary,7.4,732,25000000.0,0.0,-25000000.0
Annie,"Dec 19, 2014",Comedy,5.3,31241,65000000.0,139829625.0,74829625.0
Annie,"Dec 19, 2014",Drama,5.3,31241,65000000.0,139829625.0,74829625.0
Annie,"Dec 19, 2014",Family,5.3,31241,65000000.0,139829625.0,74829625.0
Chappie,"Mar 6, 2015",Action,6.8,213733,49000000.0,105002056.0,56002056.0
Chappie,"Mar 6, 2015",Crime,6.8,213733,49000000.0,105002056.0,56002056.0
Chappie,"Mar 6, 2015",Drama,6.8,213733,49000000.0,105002056.0,56002056.0
Black Panther,"Feb 16, 2018",Action,7.3,516148,200000000.0,1348258224.0,1148258224.0
Black Panther,"Feb 16, 2018",Adventure,7.3,516148,200000000.0,1348258224.0,1148258224.0
Black Panther,"Feb 16, 2018",Sci-Fi,7.3,516148,200000000.0,1348258224.0,1148258224.0
Hostel,"Jan 6, 2006",Action,5.1,513,4800000.0,82241110.0,77441110.0
Hostel,"Jan 6, 2006",Crime,5.1,513,4800000.0,82241110.0,77441110.0
Hostel,"Jan 6, 2006",Drama,5.1,513,4800000.0,82241110.0,77441110.0
About Last Night,"Feb 14, 2014",Comedy,6.1,21078,13000000.0,50445860.0,37445860.0
About Last Night,"Feb 14, 2014",Romance,6.1,21078,13000000.0,50445860.0,37445860.0
Airborne,"Sep 14, 2012",Comedy,3.9,2248,1200000.0,0.0,-1200000.0
Airborne,"Sep 14, 2012",Crime,3.9,2248,1200000.0,0.0,-1200000.0
Airborne,"Sep 14, 2012",Horror,3.9,2248,1200000.0,0.0,-1200000.0
Space Pirate Captain Harlock,"Dec 31, 2013",Animation,7.1,324,30000000.0,310985.0,-29689015.0
Space Pirate Captain Harlock,"Dec 31, 2013",Sci-Fi,7.1,324,30000000.0,310985.0,-29689015.0
Dhoom 3,"Dec 20, 2013",Action,5.4,40466,24000000.0,11723620.0,-12276380.0
Dhoom 3,"Dec 20, 2013",Thriller,5.4,40466,24000000.0,11723620.0,-12276380.0
Rust,"Oct 5, 2010",Drama,6.1,412,250000.0,0.0,-250000.0
All Superheroes Must Die,"Jan 4, 2013",Sci-Fi,4.0,1977,20000.0,0.0,-20000.0
All Superheroes Must Die,"Jan 4, 2013",Thriller,4.0,1977,20000.0,0.0,-20000.0
Red Sky,"Mar 10, 2015",Drama,4.8,246,25000000.0,91116.0,-24908884.0
Red Sky,"Mar 10, 2015",Romance,4.8,246,25000000.0,91116.0,-24908884.0
Queen of the Desert,"Apr 14, 2017",Adventure,5.7,8529,36000000.0,1578543.0,-34421457.0
Queen of the Desert,"Apr 14, 2017",Biography,5.7,8529,36000000.0,1578543.0,-34421457.0
Queen of the Desert,"Apr 14, 2017",Drama,5.7,8529,36000000.0,1578543.0,-34421457.0
The Fifth Estate,"Oct 18, 2013",Biography,6.2,36392,26000000.0,6154172.0,-19845828.0
The Fifth Estate,"Oct 18, 2013",Drama,6.2,36392,26000000.0,6154172.0,-19845828.0
The Fifth Estate,"Oct 18, 2013",Thriller,6.2,36392,26000000.0,6154172.0,-19845828.0
Truth or Die,"Oct 9, 2012",Horror,5.6,8123,1000000.0,0.0,-1000000.0
Truth or Die,"Oct 9, 2012",Mystery,5.6,8123,1000000.0,0.0,-1000000.0
The Face of Love,"Mar 7, 2014",Drama,6.2,4710,4000000.0,1158877.0,-2841123.0
The Face of Love,"Mar 7, 2014",Mystery,6.2,4710,4000000.0,1158877.0,-2841123.0
The Face of Love,"Mar 7, 2014",Romance,6.2,4710,4000000.0,1158877.0,-2841123.0
Divergent,"Mar 21, 2014",Action,6.7,399703,85000000.0,276014965.0,191014965.0
Divergent,"Mar 21, 2014",Adventure,6.7,399703,85000000.0,276014965.0,191014965.0
Divergent,"Mar 21, 2014",Mystery,6.7,399703,85000000.0,276014965.0,191014965.0
The Words,"Sep 7, 2012",Drama,7.1,70308,6000000.0,16369708.0,10369708.0
The Words,"Sep 7, 2012",Mystery,7.1,70308,6000000.0,16369708.0,10369708.0
The Words,"Sep 7, 2012",Romance,7.1,70308,6000000.0,16369708.0,10369708.0
Demonic,"Oct 10, 2017",Horror,5.3,12025,3000000.0,4668109.0,1668109.0
Demonic,"Oct 10, 2017",Thriller,5.3,12025,3000000.0,4668109.0,1668109.0
Captain America: The Winter Soldier,"Apr 4, 2014",Action,7.8,666252,170000000.0,714401889.0,544401889.0
Captain America: The Winter Soldier,"Apr 4, 2014",Adventure,7.8,666252,170000000.0,714401889.0,544401889.0
Captain America: The Winter Soldier,"Apr 4, 2014",Sci-Fi,7.8,666252,170000000.0,714401889.0,544401889.0
Inescapable,"Feb 22, 2013",Action,5.2,2410,4000000.0,4327.0,-3995673.0
Inescapable,"Feb 22, 2013",Drama,5.2,2410,4000000.0,4327.0,-3995673.0
Inescapable,"Feb 22, 2013",Mystery,5.2,2410,4000000.0,4327.0,-3995673.0
Nothing,"Dec 31, 2003",Comedy,7.0,903,4000000.0,63180.0,-3936820.0
Nothing,"Dec 31, 2003",Drama,7.0,903,4000000.0,63180.0,-3936820.0
Crawl,"Jul 12, 2019",Crime,4.7,1095,17000000.0,0.0,-17000000.0
Crawl,"Jul 12, 2019",Thriller,4.7,1095,17000000.0,0.0,-17000000.0
The Return,"Feb 6, 2004",Drama,7.2,233,15000000.0,5953886.0,-9046114.0
Superstar,"Oct 8, 1999",Drama,5.3,834,14000000.0,30628981.0,16628981.0
Sisters,"Dec 18, 2015",Comedy,6.0,58994,30000000.0,106030660.0,76030660.0
Django Unchained,"Dec 25, 2012",Drama,8.4,1211405,100000000.0,449948323.0,349948323.0
Django Unchained,"Dec 25, 2012",Western,8.4,1211405,100000000.0,449948323.0,349948323.0
You're Next,"Aug 23, 2013",Action,6.6,79451,1000000.0,26887177.0,25887177.0
You're Next,"Aug 23, 2013",Comedy,6.6,79451,1000000.0,26887177.0,25887177.0
You're Next,"Aug 23, 2013",Horror,6.6,79451,1000000.0,26887177.0,25887177.0
Percy Jackson: Sea of Monsters,"Aug 7, 2013",Adventure,5.8,102313,90000000.0,200859554.0,110859554.0
Percy Jackson: Sea of Monsters,"Aug 7, 2013",Family,5.8,102313,90000000.0,200859554.0,110859554.0
Percy Jackson: Sea of Monsters,"Aug 7, 2013",Fantasy,5.8,102313,90000000.0,200859554.0,110859554.0
End of Watch,"Sep 21, 2012",Action,7.6,211308,15000000.0,57586606.0,42586606.0
End of Watch,"Sep 21, 2012",Crime,7.6,211308,15000000.0,57586606.0,42586606.0
End of Watch,"Sep 21, 2012",Drama,7.6,211308,15000000.0,57586606.0,42586606.0
Resident Evil: Retribution,"Sep 14, 2012",Action,5.4,125191,65000000.0,240647629.0,175647629.0
Resident Evil: Retribution,"Sep 14, 2012",Horror,5.4,125191,65000000.0,240647629.0,175647629.0
Resident Evil: Retribution,"Sep 14, 2012",Sci-Fi,5.4,125191,65000000.0,240647629.0,175647629.0
Tim and Eric's Billion Dollar Movie,"Mar 2, 2012",Comedy,5.4,9004,3000000.0,223652.0,-2776348.0
Blade Runner 2049,"Oct 6, 2017",Drama,8.0,376241,185000000.0,259357408.0,74357408.0
Blade Runner 2049,"Oct 6, 2017",Mystery,8.0,376241,185000000.0,259357408.0,74357408.0
Blade Runner 2049,"Oct 6, 2017",Sci-Fi,8.0,376241,185000000.0,259357408.0,74357408.0
To Rome with Love,"Jun 22, 2012",Comedy,6.3,79381,21500000.0,74326015.0,52826015.0
To Rome with Love,"Jun 22, 2012",Music,6.3,79381,21500000.0,74326015.0,52826015.0
To Rome with Love,"Jun 22, 2012",Romance,6.3,79381,21500000.0,74326015.0,52826015.0
Dirty Grandpa,"Jan 22, 2016",Comedy,5.9,101393,11500000.0,105078449.0,93578449.0
Turbo,"Jul 17, 2013",Adventure,6.4,74639,135000000.0,286896578.0,151896578.0
Turbo,"Jul 17, 2013",Animation,6.4,74639,135000000.0,286896578.0,151896578.0
Turbo,"Jul 17, 2013",Comedy,6.4,74639,135000000.0,286896578.0,151896578.0
Deepwater Horizon,"Sep 30, 2016",Action,7.1,133303,156000000.0,122603824.0,-33396176.0
Deepwater Horizon,"Sep 30, 2016",Drama,7.1,133303,156000000.0,122603824.0,-33396176.0
Deepwater Horizon,"Sep 30, 2016",History,7.1,133303,156000000.0,122603824.0,-33396176.0
Hayride,"Dec 31, 2012",Crime,3.4,622,60000.0,0.0,-60000.0
Hayride,"Dec 31, 2012",Drama,3.4,622,60000.0,0.0,-60000.0
Hayride,"Dec 31, 2012",Horror,3.4,622,60000.0,0.0,-60000.0
Safety Not Guaranteed,"Jun 8, 2012",Comedy,7.0,111907,750000.0,4422318.0,3672318.0
Safety Not Guaranteed,"Jun 8, 2012",Drama,7.0,111907,750000.0,4422318.0,3672318.0
Safety Not Guaranteed,"Jun 8, 2012",Romance,7.0,111907,750000.0,4422318.0,3672318.0
Detention of the Dead,"Jun 28, 2013",Action,4.6,2414,500000.0,1778.0,-498222.0
Detention of the Dead,"Jun 28, 2013",Adventure,4.6,2414,500000.0,1778.0,-498222.0
Detention of the Dead,"Jun 28, 2013",Comedy,4.6,2414,500000.0,1778.0,-498222.0
The Sessions,"Oct 19, 2012",Biography,7.2,39731,1000000.0,11495204.0,10495204.0
The Sessions,"Oct 19, 2012",Comedy,7.2,39731,1000000.0,11495204.0,10495204.0
The Sessions,"Oct 19, 2012",Drama,7.2,39731,1000000.0,11495204.0,10495204.0
Three Kings,"Oct 1, 1999",Comedy,4.0,153,48000000.0,107752036.0,59752036.0
Filly Brown,"Apr 19, 2013",Drama,5.7,1003,1250000.0,2940411.0,1690411.0
Filly Brown,"Apr 19, 2013",Music,5.7,1003,1250000.0,2940411.0,1690411.0
The East,"May 31, 2013",Adventure,6.8,46804,6500000.0,3027956.0,-3472044.0
The East,"May 31, 2013",Drama,6.8,46804,6500000.0,3027956.0,-3472044.0
The East,"May 31, 2013",Thriller,6.8,46804,6500000.0,3027956.0,-3472044.0
The Train,"Mar 7, 1965",Drama,4.6,117,5800000.0,6800000.0,1000000.0
Won't Back Down,"Sep 28, 2012",Drama,6.4,5915,19000000.0,5745503.0,-13254497.0
The Amazing Spider-Man 2,"May 2, 2014",Action,6.6,388363,200000000.0,708996336.0,508996336.0
The Amazing Spider-Man 2,"May 2, 2014",Adventure,6.6,388363,200000000.0,708996336.0,508996336.0
The Amazing Spider-Man 2,"May 2, 2014",Sci-Fi,6.6,388363,200000000.0,708996336.0,508996336.0
The Judge,"Oct 10, 2014",Crime,7.4,162952,50000000.0,76119388.0,26119388.0
The Judge,"Oct 10, 2014",Drama,7.4,162952,50000000.0,76119388.0,26119388.0
Supporting Characters,"Jan 25, 2013",Comedy,6.4,821,60000.0,4917.0,-55083.0
Sparkle,"Aug 17, 2012",Drama,5.7,5643,10000000.0,24660323.0,14660323.0
Sparkle,"Aug 17, 2012",Music,5.7,5643,10000000.0,24660323.0,14660323.0
The Black Hole,"Dec 21, 1979",Sci-Fi,2.8,346,20000000.0,35841901.0,15841901.0
The Black Hole,"Dec 21, 1979",Thriller,2.8,346,20000000.0,35841901.0,15841901.0
X-Men: Days of Future Past,"May 23, 2014",Action,8.0,620079,200000000.0,747862775.0,547862775.0
X-Men: Days of Future Past,"May 23, 2014",Adventure,8.0,620079,200000000.0,747862775.0,547862775.0
X-Men: Days of Future Past,"May 23, 2014",Sci-Fi,8.0,620079,200000000.0,747862775.0,547862775.0
The Darkness,"May 13, 2016",Horror,4.4,12435,4000000.0,10898293.0,6898293.0
The Darkness,"May 13, 2016",Thriller,4.4,12435,4000000.0,10898293.0,6898293.0
The Edge of Seventeen,"Nov 18, 2016",Comedy,7.3,87602,9000000.0,19096003.0,10096003.0
The Edge of Seventeen,"Nov 18, 2016",Drama,7.3,87602,9000000.0,19096003.0,10096003.0
The Pledge,"Jan 19, 2001",Drama,6.3,164,45000000.0,29406132.0,-15593868.0
The Pledge,"Jan 19, 2001",Family,6.3,164,45000000.0,29406132.0,-15593868.0
Q,"Nov 19, 1982",Drama,5.6,5322,1200000.0,255000.0,-945000.0
Newlyweds,"Jan 13, 2012",Comedy,6.4,1436,9000.0,4584.0,-4416.0
Newlyweds,"Jan 13, 2012",Drama,6.4,1436,9000.0,4584.0,-4416.0
Maggie,"May 8, 2015",Drama,5.6,38671,4500000.0,1027760.0,-3472240.0
Maggie,"May 8, 2015",Horror,5.6,38671,4500000.0,1027760.0,-3472240.0
The Visitor,"Apr 11, 2008",Drama,5.1,467,4000000.0,19174817.0,15174817.0
The Visitor,"Apr 11, 2008",Romance,5.1,467,4000000.0,19174817.0,15174817.0
Girls Gone Dead,"Jul 17, 2012",Comedy,3.5,2230,500000.0,0.0,-500000.0
Girls Gone Dead,"Jul 17, 2012",Horror,3.5,2230,500000.0,0.0,-500000.0
Redemption,"Jun 28, 2013",Action,6.2,61317,23000000.0,13593473.0,-9406527.0
Redemption,"Jun 28, 2013",Crime,6.2,61317,23000000.0,13593473.0,-9406527.0
Redemption,"Jun 28, 2013",Drama,6.2,61317,23000000.0,13593473.0,-9406527.0
Infected,"Dec 31, 2012",Action,3.8,330,2100000.0,0.0,-2100000.0
Infected,"Dec 31, 2012",Horror,3.8,330,2100000.0,0.0,-2100000.0
Infected,"Dec 31, 2012",Sci-Fi,3.8,330,2100000.0,0.0,-2100000.0
Spotlight,"Nov 6, 2015",Crime,8.1,365110,20000000.0,92088460.0,72088460.0
Spotlight,"Nov 6, 2015",Drama,8.1,365110,20000000.0,92088460.0,72088460.0
Parker,"Jan 25, 2013",Action,6.2,105529,35000000.0,48543388.0,13543388.0
Parker,"Jan 25, 2013",Crime,6.2,105529,35000000.0,48543388.0,13543388.0
Parker,"Jan 25, 2013",Thriller,6.2,105529,35000000.0,48543388.0,13543388.0
Hardflip,"Jun 1, 2012",Action,5.6,673,1000000.0,96734.0,-903266.0
Hardflip,"Jun 1, 2012",Drama,5.6,673,1000000.0,96734.0,-903266.0
Flight,"Nov 2, 2012",Drama,7.3,303009,31000000.0,160558438.0,129558438.0
Flight,"Nov 2, 2012",Thriller,7.3,303009,31000000.0,160558438.0,129558438.0
Miss Bala,"Feb 1, 2019",Crime,6.5,8092,15000000.0,15362298.0,362298.0
Miss Bala,"Feb 1, 2019",Drama,6.5,8092,15000000.0,15362298.0,362298.0
Miss Bala,"Feb 1, 2019",Thriller,6.5,8092,15000000.0,15362298.0,362298.0
The Call,"Mar 15, 2013",Crime,6.7,103780,12800000.0,69821476.0,57021476.0
The Call,"Mar 15, 2013",Drama,6.7,103780,12800000.0,69821476.0,57021476.0
The Call,"Mar 15, 2013",Horror,6.7,103780,12800000.0,69821476.0,57021476.0
Penguins of Madagascar,"Nov 26, 2014",Adventure,6.7,72551,132000000.0,366942531.0,234942531.0
Penguins of Madagascar,"Nov 26, 2014",Animation,6.7,72551,132000000.0,366942531.0,234942531.0
Penguins of Madagascar,"Nov 26, 2014",Comedy,6.7,72551,132000000.0,366942531.0,234942531.0
Nurse 3D,"Feb 7, 2014",Horror,4.6,8768,10000000.0,0.0,-10000000.0
Nurse 3D,"Feb 7, 2014",Thriller,4.6,8768,10000000.0,0.0,-10000000.0
Magic Mike,"Jun 29, 2012",Comedy,6.1,123955,7000000.0,170549753.0,163549753.0
Magic Mike,"Jun 29, 2012",Drama,6.1,123955,7000000.0,170549753.0,163549753.0
Bachelorette,"Sep 7, 2012",Comedy,5.3,43131,3000000.0,12577401.0,9577401.0
Bachelorette,"Sep 7, 2012",Romance,5.3,43131,3000000.0,12577401.0,9577401.0
Pompeii,"Feb 21, 2014",Action,5.5,100467,80000000.0,108469033.0,28469033.0
Pompeii,"Feb 21, 2014",Adventure,5.5,100467,80000000.0,108469033.0,28469033.0
Pompeii,"Feb 21, 2014",Drama,5.5,100467,80000000.0,108469033.0,28469033.0
Trash,"Oct 9, 2015",Adventure,7.2,18690,12000000.0,6553186.0,-5446814.0
Trash,"Oct 9, 2015",Crime,7.2,18690,12000000.0,6553186.0,-5446814.0
Trash,"Oct 9, 2015",Drama,7.2,18690,12000000.0,6553186.0,-5446814.0
Glee: The 3D Concert Movie,"Aug 12, 2011",Documentary,5.4,5449,9000000.0,17462398.0,8462398.0
Glee: The 3D Concert Movie,"Aug 12, 2011",Music,5.4,5449,9000000.0,17462398.0,8462398.0
Open Road,"May 21, 2013",Action,5.5,1619,3000000.0,47469.0,-2952531.0
Open Road,"May 21, 2013",Drama,5.5,1619,3000000.0,47469.0,-2952531.0
Open Road,"May 21, 2013",Thriller,5.5,1619,3000000.0,47469.0,-2952531.0
Phantom,"Mar 1, 2013",Drama,5.9,12786,18000000.0,1199510.0,-16800490.0
Phantom,"Mar 1, 2013",History,5.9,12786,18000000.0,1199510.0,-16800490.0
Phantom,"Mar 1, 2013",Thriller,5.9,12786,18000000.0,1199510.0,-16800490.0
Sinister,"Oct 12, 2012",Horror,6.8,198345,3000000.0,87727807.0,84727807.0
Sinister,"Oct 12, 2012",Mystery,6.8,198345,3000000.0,87727807.0,84727807.0
Sinister,"Oct 12, 2012",Thriller,6.8,198345,3000000.0,87727807.0,84727807.0
Trance,"Apr 5, 2013",Crime,6.9,104951,16000000.0,22594052.0,6594052.0
Trance,"Dec 31, 2012",Crime,6.9,104951,950000.0,0.0,-950000.0
Trance,"Apr 5, 2013",Drama,6.9,104951,16000000.0,22594052.0,6594052.0
Trance,"Dec 31, 2012",Drama,6.9,104951,950000.0,0.0,-950000.0
Trance,"Apr 5, 2013",Mystery,6.9,104951,16000000.0,22594052.0,6594052.0
Trance,"Dec 31, 2012",Mystery,6.9,104951,950000.0,0.0,-950000.0
Black Rock,"May 14, 2013",Horror,4.8,7596,1000000.0,0.0,-1000000.0
Black Rock,"May 14, 2013",Thriller,4.8,7596,1000000.0,0.0,-1000000.0
The Big Wedding,"Apr 26, 2013",Comedy,5.6,44221,32500000.0,48425971.0,15925971.0
The Big Wedding,"Apr 26, 2013",Drama,5.6,44221,32500000.0,48425971.0,15925971.0
The Big Wedding,"Apr 26, 2013",Romance,5.6,44221,32500000.0,48425971.0,15925971.0
Seven Psychopaths,"Oct 12, 2012",Comedy,7.2,223493,13500000.0,33035736.0,19535736.0
Seven Psychopaths,"Oct 12, 2012",Crime,7.2,223493,13500000.0,33035736.0,19535736.0
Venom,"Oct 5, 2018",Thriller,3.0,162,116000000.0,853628605.0,737628605.0
Venom,"Sep 16, 2005",Thriller,3.0,162,25000000.0,881745.0,-24118255.0
Mud,"Apr 26, 2013",Drama,7.4,156786,10000000.0,31556959.0,21556959.0
The Brass Teapot,"Apr 5, 2013",Comedy,6.4,13746,900000.0,413733.0,-486267.0
The Brass Teapot,"Apr 5, 2013",Fantasy,6.4,13746,900000.0,413733.0,-486267.0
The Brass Teapot,"Apr 5, 2013",Thriller,6.4,13746,900000.0,413733.0,-486267.0
Carrie,"Oct 18, 2013",Drama,5.9,125424,30000000.0,82409520.0,52409520.0
Carrie,"Nov 16, 1976",Drama,5.9,125424,1800000.0,25878153.0,24078153.0
Carrie,"Oct 18, 2013",Horror,5.9,125424,30000000.0,82409520.0,52409520.0
Carrie,"Nov 16, 1976",Horror,5.9,125424,1800000.0,25878153.0,24078153.0
Indie Game: The Movie,"May 18, 2012",Documentary,7.7,19538,100000.0,0.0,-100000.0
Indie Game: The Movie,"May 18, 2012",Drama,7.7,19538,100000.0,0.0,-100000.0
The Wicked Within,"Dec 31, 2013",Horror,4.5,1123,1200000.0,0.0,-1200000.0
Morgan,"Sep 2, 2016",Drama,6.8,1232,8000000.0,7298786.0,-701214.0
Morgan,"Sep 2, 2016",Romance,6.8,1232,8000000.0,7298786.0,-701214.0
Exeter,"Sep 1, 2015",Horror,4.5,5156,25000.0,489792.0,464792.0
Exeter,"Sep 1, 2015",Mystery,4.5,5156,25000.0,489792.0,464792.0
Exeter,"Sep 1, 2015",Thriller,4.5,5156,25000.0,489792.0,464792.0
Red Sky,"Mar 10, 2015",Action,4.1,1337,25000000.0,91116.0,-24908884.0
Red Sky,"Mar 10, 2015",Thriller,4.1,1337,25000000.0,91116.0,-24908884.0
UglyDolls,"May 3, 2019",Adventure,4.5,1176,45000000.0,24644664.0,-20355336.0
UglyDolls,"May 3, 2019",Animation,4.5,1176,45000000.0,24644664.0,-20355336.0
UglyDolls,"May 3, 2019",Comedy,4.5,1176,45000000.0,24644664.0,-20355336.0
Drunk Wedding,"May 22, 2015",Comedy,4.6,729,600000.0,3301.0,-596699.0
The Immigrant,"May 16, 2014",Drama,6.6,26618,16000000.0,7585011.0,-8414989.0
The Immigrant,"May 16, 2014",Romance,6.6,26618,16000000.0,7585011.0,-8414989.0
The Hunger Games: Catching Fire,"Nov 22, 2013",Action,7.5,575455,130000000.0,864868047.0,734868047.0
The Hunger Games: Catching Fire,"Nov 22, 2013",Adventure,7.5,575455,130000000.0,864868047.0,734868047.0
The Hunger Games: Catching Fire,"Nov 22, 2013",Sci-Fi,7.5,575455,130000000.0,864868047.0,734868047.0
The Hunger Games: Mockingjay - Part 1,"Nov 21, 2014",Action,6.6,379050,125000000.0,766575131.0,641575131.0
The Hunger Games: Mockingjay - Part 1,"Nov 21, 2014",Adventure,6.6,379050,125000000.0,766575131.0,641575131.0
The Hunger Games: Mockingjay - Part 1,"Nov 21, 2014",Sci-Fi,6.6,379050,125000000.0,766575131.0,641575131.0
The Hunger Games: Mockingjay - Part 2,"Nov 20, 2015",Action,6.6,252384,160000000.0,648986787.0,488986787.0
The Hunger Games: Mockingjay - Part 2,"Nov 20, 2015",Adventure,6.6,252384,160000000.0,648986787.0,488986787.0
The Hunger Games: Mockingjay - Part 2,"Nov 20, 2015",Sci-Fi,6.6,252384,160000000.0,648986787.0,488986787.0
Screwed,"May 12, 2000",Comedy,4.4,300,12000000.0,6982680.0,-5017320.0
Screwed,"May 12, 2000",Romance,4.4,300,12000000.0,6982680.0,-5017320.0
Sex Tape,"Jul 18, 2014",Comedy,5.1,100520,40000000.0,126069509.0,86069509.0
Sex Tape,"Jul 18, 2014",Romance,5.1,100520,40000000.0,126069509.0,86069509.0
Roadside,"Apr 14, 2015",Drama,3.8,361,500000.0,0.0,-500000.0
Roadside,"Apr 14, 2015",Horror,3.8,361,500000.0,0.0,-500000.0
Roadside,"Apr 14, 2015",Mystery,3.8,361,500000.0,0.0,-500000.0
Noah,"Mar 28, 2014",Action,5.8,229326,130000000.0,352831065.0,222831065.0
Noah,"Mar 28, 2014",Adventure,5.8,229326,130000000.0,352831065.0,222831065.0
Noah,"Mar 28, 2014",Drama,5.8,229326,130000000.0,352831065.0,222831065.0
American Assassin,"Sep 15, 2017",Action,6.2,57793,63000000.0,68310140.0,5310140.0
American Assassin,"Sep 15, 2017",Thriller,6.2,57793,63000000.0,68310140.0,5310140.0
Tomorrowland,"May 22, 2015",Action,6.4,161343,170000000.0,206627518.0,36627518.0
Tomorrowland,"May 22, 2015",Adventure,6.4,161343,170000000.0,206627518.0,36627518.0
Tomorrowland,"May 22, 2015",Family,6.4,161343,170000000.0,206627518.0,36627518.0
Father Figures,"Dec 22, 2017",Adventure,5.5,14373,25000000.0,21038441.0,-3961559.0
Father Figures,"Dec 22, 2017",Comedy,5.5,14373,25000000.0,21038441.0,-3961559.0
Father Figures,"Dec 22, 2017",Drama,5.5,14373,25000000.0,21038441.0,-3961559.0
Labor Day,"Jan 31, 2014",Drama,6.9,39242,18000000.0,14189810.0,-3810190.0
Labor Day,"Jan 31, 2014",Romance,6.9,39242,18000000.0,14189810.0,-3810190.0
The Comedian,"Feb 3, 2017",Comedy,5.7,5875,15000000.0,1658706.0,-13341294.0
Tag,"Jun 15, 2018",Drama,4.6,158,28000000.0,77026186.0,49026186.0
Compliance,"Aug 17, 2012",Biography,6.4,28703,270000.0,830700.0,560700.0
Compliance,"Aug 17, 2012",Crime,6.4,28703,270000.0,830700.0,560700.0
Compliance,"Aug 17, 2012",Drama,6.4,28703,270000.0,830700.0,560700.0
A Most Wanted Man,"Jul 25, 2014",Crime,6.8,67914,15000000.0,36068890.0,21068890.0
A Most Wanted Man,"Jul 25, 2014",Drama,6.8,67914,15000000.0,36068890.0,21068890.0
A Most Wanted Man,"Jul 25, 2014",Thriller,6.8,67914,15000000.0,36068890.0,21068890.0
King Arthur: Legend of the Sword,"May 12, 2017",Action,6.8,169054,175000000.0,139630336.0,-35369664.0
King Arthur: Legend of the Sword,"May 12, 2017",Adventure,6.8,169054,175000000.0,139630336.0,-35369664.0
King Arthur: Legend of the Sword,"May 12, 2017",Drama,6.8,169054,175000000.0,139630336.0,-35369664.0
The Best of Me,"Oct 17, 2014",Drama,6.7,59750,26000000.0,41059418.0,15059418.0
The Best of Me,"Oct 17, 2014",Romance,6.7,59750,26000000.0,41059418.0,15059418.0
The Neon Demon,"Jun 24, 2016",Horror,6.2,72359,7500000.0,3559803.0,-3940197.0
The Neon Demon,"Jun 24, 2016",Thriller,6.2,72359,7500000.0,3559803.0,-3940197.0
Victor Frankenstein,"Nov 25, 2015",Drama,6.0,47492,40000000.0,31124367.0,-8875633.0
Victor Frankenstein,"Nov 25, 2015",Horror,6.0,47492,40000000.0,31124367.0,-8875633.0
Victor Frankenstein,"Nov 25, 2015",Sci-Fi,6.0,47492,40000000.0,31124367.0,-8875633.0
Sholem Aleichem: Laughing in the Darkness,"Jul 8, 2011",Documentary,6.8,157,500000.0,1131261.0,631261.0
The Cottage,"Dec 31, 2008",Drama,4.8,1016,5000000.0,1504960.0,-3495040.0
The Cottage,"Dec 31, 2008",Horror,4.8,1016,5000000.0,1504960.0,-3495040.0
The Cottage,"Dec 31, 2008",Thriller,4.8,1016,5000000.0,1504960.0,-3495040.0
Rush,"Sep 20, 2013",Action,8.1,393437,38000000.0,98230839.0,60230839.0
Rush,"Sep 20, 2013",Biography,8.1,393437,38000000.0,98230839.0,60230839.0
Rush,"Sep 20, 2013",Drama,8.1,393437,38000000.0,98230839.0,60230839.0
The Good Dinosaur,"Nov 25, 2015",Adventure,6.7,91465,187500000.0,333771037.0,146271037.0
The Good Dinosaur,"Nov 25, 2015",Animation,6.7,91465,187500000.0,333771037.0,146271037.0
The Good Dinosaur,"Nov 25, 2015",Comedy,6.7,91465,187500000.0,333771037.0,146271037.0
Pain & Gain,"Apr 26, 2013",Action,6.4,187820,26000000.0,81275291.0,55275291.0
Pain & Gain,"Apr 26, 2013",Comedy,6.4,187820,26000000.0,81275291.0,55275291.0
Pain & Gain,"Apr 26, 2013",Crime,6.4,187820,26000000.0,81275291.0,55275291.0
Begin Again,"Jun 27, 2014",Comedy,7.4,129884,8000000.0,68838736.0,60838736.0
Begin Again,"Jun 27, 2014",Drama,7.4,129884,8000000.0,68838736.0,60838736.0
Begin Again,"Jun 27, 2014",Music,7.4,129884,8000000.0,68838736.0,60838736.0
The Young and Prodigious T.S. Spivet,"Jul 31, 2015",Action,7.1,15372,33000000.0,357687.0,-32642313.0
The Young and Prodigious T.S. Spivet,"Jul 31, 2015",Adventure,7.1,15372,33000000.0,357687.0,-32642313.0
The Young and Prodigious T.S. Spivet,"Jul 31, 2015",Comedy,7.1,15372,33000000.0,357687.0,-32642313.0
Thor: The Dark World,"Nov 8, 2013",Action,6.9,540996,150000000.0,644602516.0,494602516.0
Thor: The Dark World,"Nov 8, 2013",Adventure,6.9,540996,150000000.0,644602516.0,494602516.0
Thor: The Dark World,"Nov 8, 2013",Fantasy,6.9,540996,150000000.0,644602516.0,494602516.0
Geostorm,"Oct 20, 2017",Action,5.3,78287,100000000.0,220796009.0,120796009.0
Geostorm,"Oct 20, 2017",Sci-Fi,5.3,78287,100000000.0,220796009.0,120796009.0
Geostorm,"Oct 20, 2017",Thriller,5.3,78287,100000000.0,220796009.0,120796009.0
Pitch Perfect,"Sep 28, 2012",Comedy,7.2,256565,17000000.0,116044347.0,99044347.0
Pitch Perfect,"Sep 28, 2012",Music,7.2,256565,17000000.0,116044347.0,99044347.0
Pitch Perfect,"Sep 28, 2012",Romance,7.2,256565,17000000.0,116044347.0,99044347.0
Moby Dick,"Jun 27, 1956",Action,6.4,295,4500000.0,10400000.0,5900000.0
The Angry Birds Movie,"May 20, 2016",Action,6.3,69624,73000000.0,352327887.0,279327887.0
The Angry Birds Movie,"May 20, 2016",Animation,6.3,69624,73000000.0,352327887.0,279327887.0
The Angry Birds Movie,"May 20, 2016",Comedy,6.3,69624,73000000.0,352327887.0,279327887.0
Cloudy with a Chance of Meatballs 2,"Sep 27, 2013",Adventure,6.4,81010,78000000.0,274392649.0,196392649.0
Cloudy with a Chance of Meatballs 2,"Sep 27, 2013",Animation,6.4,81010,78000000.0,274392649.0,196392649.0
Cloudy with a Chance of Meatballs 2,"Sep 27, 2013",Comedy,6.4,81010,78000000.0,274392649.0,196392649.0
The Upside,"Jan 11, 2019",Comedy,6.7,24169,37500000.0,119024536.0,81524536.0
The Upside,"Jan 11, 2019",Drama,6.7,24169,37500000.0,119024536.0,81524536.0
Robot & Frank,"Aug 17, 2012",Comedy,7.1,59229,2500000.0,4934356.0,2434356.0
Robot & Frank,"Aug 17, 2012",Crime,7.1,59229,2500000.0,4934356.0,2434356.0
Robot & Frank,"Aug 17, 2012",Drama,7.1,59229,2500000.0,4934356.0,2434356.0
Chernobyl Diaries,"May 25, 2012",Horror,5.0,60304,1000000.0,42411721.0,41411721.0
Chernobyl Diaries,"May 25, 2012",Mystery,5.0,60304,1000000.0,42411721.0,41411721.0
Chernobyl Diaries,"May 25, 2012",Thriller,5.0,60304,1000000.0,42411721.0,41411721.0
Always Woodstock,"Nov 14, 2014",Comedy,5.4,661,2400000.0,0.0,-2400000.0
Always Woodstock,"Nov 14, 2014",Music,5.4,661,2400000.0,0.0,-2400000.0
Always Woodstock,"Nov 14, 2014",Romance,5.4,661,2400000.0,0.0,-2400000.0
Kevin Hart: Laugh at My Pain,"Sep 9, 2011",Comedy,7.4,5081,750000.0,7712436.0,6962436.0
Kevin Hart: Laugh at My Pain,"Sep 9, 2011",Documentary,7.4,5081,750000.0,7712436.0,6962436.0
Hell Fest,"Sep 28, 2018",Horror,5.5,8662,5500000.0,18119231.0,12619231.0
Machete Kills,"Oct 11, 2013",Action,5.6,69968,20000000.0,18273009.0,-1726991.0
Machete Kills,"Oct 11, 2013",Crime,5.6,69968,20000000.0,18273009.0,-1726991.0
Machete Kills,"Oct 11, 2013",Sci-Fi,5.6,69968,20000000.0,18273009.0,-1726991.0
Neighbors,"May 9, 2014",Comedy,6.3,266020,18000000.0,270944428.0,252944428.0
War Dogs,"Aug 19, 2016",Comedy,7.1,154029,50000000.0,86234503.0,36234503.0
War Dogs,"Aug 19, 2016",Crime,7.1,154029,50000000.0,86234503.0,36234503.0
War Dogs,"Aug 19, 2016",Drama,7.1,154029,50000000.0,86234503.0,36234503.0
Breathless,"May 13, 1983",Comedy,5.1,1238,7000000.0,19910002.0,12910002.0
Breathless,"May 13, 1983",Thriller,5.1,1238,7000000.0,19910002.0,12910002.0
The Frozen Ground,"Aug 23, 2013",Crime,6.4,51915,19200000.0,5617460.0,-13582540.0
The Frozen Ground,"Aug 23, 2013",Drama,6.4,51915,19200000.0,5617460.0,-13582540.0
The Frozen Ground,"Aug 23, 2013",Mystery,6.4,51915,19200000.0,5617460.0,-13582540.0
Ali,"Dec 25, 2001",Drama,6.4,136,109000000.0,87683966.0,-21316034.0
The 33,"Nov 13, 2015",Biography,6.9,32263,25000000.0,28400715.0,3400715.0
The 33,"Nov 13, 2015",Drama,6.9,32263,25000000.0,28400715.0,3400715.0
The 33,"Nov 13, 2015",History,6.9,32263,25000000.0,28400715.0,3400715.0
Believe,"Dec 2, 2016",Drama,5.7,695,3500000.0,890303.0,-2609697.0
Believe,"Dec 2, 2016",Sport,5.7,695,3500000.0,890303.0,-2609697.0
No Good Deed,"Sep 12, 2014",Action,5.6,16045,13200000.0,54323210.0,41123210.0
No Good Deed,"Sep 12, 2014",Crime,5.6,16045,13200000.0,54323210.0,41123210.0
No Good Deed,"Sep 12, 2014",Drama,5.6,16045,13200000.0,54323210.0,41123210.0
Banshee Chapter,"Jan 10, 2014",Horror,5.5,8219,950000.0,78122.0,-871878.0
Banshee Chapter,"Jan 10, 2014",Sci-Fi,5.5,8219,950000.0,78122.0,-871878.0
Banshee Chapter,"Jan 10, 2014",Thriller,5.5,8219,950000.0,78122.0,-871878.0
Guardians of the Galaxy,"Aug 1, 2014",Action,8.1,948394,170000000.0,770867516.0,600867516.0
Guardians of the Galaxy,"Aug 1, 2014",Adventure,8.1,948394,170000000.0,770867516.0,600867516.0
Guardians of the Galaxy,"Aug 1, 2014",Comedy,8.1,948394,170000000.0,770867516.0,600867516.0
Walter,"Mar 13, 2015",Comedy,5.4,1747,700000.0,0.0,-700000.0
Walter,"Mar 13, 2015",Drama,5.4,1747,700000.0,0.0,-700000.0
The Smurfs 2,"Jul 31, 2013",Adventure,5.4,34229,110000000.0,348547523.0,238547523.0
The Smurfs 2,"Jul 31, 2013",Animation,5.4,34229,110000000.0,348547523.0,238547523.0
The Smurfs 2,"Jul 31, 2013",Comedy,5.4,34229,110000000.0,348547523.0,238547523.0
Closer to the Moon,"Apr 17, 2014",Comedy,7.0,3585,1500000.0,5396.0,-1494604.0
Closer to the Moon,"Apr 17, 2014",Crime,7.0,3585,1500000.0,5396.0,-1494604.0
Closer to the Moon,"Apr 17, 2014",Drama,7.0,3585,1500000.0,5396.0,-1494604.0
The Kick,"Dec 31, 2011",Action,5.7,780,3500000.0,40622.0,-3459378.0
The Kick,"Dec 31, 2011",Sport,5.7,780,3500000.0,40622.0,-3459378.0
Diary of a Wimpy Kid: Dog Days,"Aug 3, 2012",Comedy,6.3,19571,22000000.0,77229695.0,55229695.0
Diary of a Wimpy Kid: Dog Days,"Aug 3, 2012",Family,6.3,19571,22000000.0,77229695.0,55229695.0
Mama,"Jan 18, 2013",Horror,6.2,158487,15000000.0,148095566.0,133095566.0
Mama,"Jan 18, 2013",Thriller,6.2,158487,15000000.0,148095566.0,133095566.0
Identity Thief,"Feb 8, 2013",Adventure,5.7,115624,35000000.0,175361578.0,140361578.0
Identity Thief,"Feb 8, 2013",Comedy,5.7,115624,35000000.0,175361578.0,140361578.0
Identity Thief,"Feb 8, 2013",Crime,5.7,115624,35000000.0,175361578.0,140361578.0
Non-Stop,"Feb 28, 2014",Action,7.0,234717,50000000.0,222383055.0,172383055.0
Non-Stop,"Feb 28, 2014",Mystery,7.0,234717,50000000.0,222383055.0,172383055.0
Non-Stop,"Feb 28, 2014",Thriller,7.0,234717,50000000.0,222383055.0,172383055.0
Straight A's,"Mar 19, 2013",Comedy,5.7,4197,2000000.0,0.0,-2000000.0
Straight A's,"Mar 19, 2013",Drama,5.7,4197,2000000.0,0.0,-2000000.0
12 Years a Slave,"Oct 18, 2013",Biography,8.1,577301,20000000.0,181025343.0,161025343.0
12 Years a Slave,"Oct 18, 2013",Drama,8.1,577301,20000000.0,181025343.0,161025343.0
12 Years a Slave,"Oct 18, 2013",History,8.1,577301,20000000.0,181025343.0,161025343.0
The Finest Hours,"Jan 29, 2016",Action,6.8,55981,70000000.0,49252761.0,-20747239.0
The Finest Hours,"Jan 29, 2016",Drama,6.8,55981,70000000.0,49252761.0,-20747239.0
The Finest Hours,"Jan 29, 2016",History,6.8,55981,70000000.0,49252761.0,-20747239.0
A Better Life,"Jun 24, 2011",Drama,6.6,1519,10000000.0,1884251.0,-8115749.0
The Reluctant Fundamentalist,"Apr 26, 2013",Drama,6.9,12511,15000000.0,528731.0,-14471269.0
The Reluctant Fundamentalist,"Apr 26, 2013",Thriller,6.9,12511,15000000.0,528731.0,-14471269.0
USS Indianapolis: Men of Courage,"Nov 11, 2016",Action,5.2,9453,40000000.0,1663785.0,-38336215.0
USS Indianapolis: Men of Courage,"Nov 11, 2016",Drama,5.2,9453,40000000.0,1663785.0,-38336215.0
USS Indianapolis: Men of Courage,"Nov 11, 2016",History,5.2,9453,40000000.0,1663785.0,-38336215.0
The Last Exorcism Part II,"Mar 1, 2013",Drama,4.0,15124,4000000.0,25448707.0,21448707.0
The Last Exorcism Part II,"Mar 1, 2013",Horror,4.0,15124,4000000.0,25448707.0,21448707.0
The Last Exorcism Part II,"Mar 1, 2013",Thriller,4.0,15124,4000000.0,25448707.0,21448707.0
The Great Wall,"Feb 17, 2017",Action,6.0,111602,150000000.0,334486852.0,184486852.0
The Great Wall,"Feb 17, 2017",Adventure,6.0,111602,150000000.0,334486852.0,184486852.0
The Great Wall,"Feb 17, 2017",Fantasy,6.0,111602,150000000.0,334486852.0,184486852.0
"Pink Ribbons, Inc.","Jun 1, 2012",Documentary,7.3,654,1200000.0,26608.0,-1173392.0
Flatliners,"Aug 10, 1990",Drama,5.2,33752,26000000.0,61308153.0,35308153.0
Flatliners,"Sep 29, 2017",Drama,5.2,33752,20000000.0,45173738.0,25173738.0
Flatliners,"Aug 10, 1990",Horror,5.2,33752,26000000.0,61308153.0,35308153.0
Flatliners,"Sep 29, 2017",Horror,5.2,33752,20000000.0,45173738.0,25173738.0
Flatliners,"Aug 10, 1990",Mystery,5.2,33752,26000000.0,61308153.0,35308153.0
Flatliners,"Sep 29, 2017",Mystery,5.2,33752,20000000.0,45173738.0,25173738.0
The Gambler,"Dec 10, 2014",Crime,6.0,59995,25000000.0,38718031.0,13718031.0
The Gambler,"Aug 4, 1999",Crime,6.0,59995,3000000.0,101773.0,-2898227.0
The Gambler,"Dec 10, 2014",Drama,6.0,59995,25000000.0,38718031.0,13718031.0
The Gambler,"Aug 4, 1999",Drama,6.0,59995,3000000.0,101773.0,-2898227.0
The Gambler,"Dec 10, 2014",Thriller,6.0,59995,25000000.0,38718031.0,13718031.0
The Gambler,"Aug 4, 1999",Thriller,6.0,59995,3000000.0,101773.0,-2898227.0
Alien Uprising,"Jun 21, 2013",Comedy,3.2,3166,2500000.0,0.0,-2500000.0
Alien Uprising,"Jun 21, 2013",Horror,3.2,3166,2500000.0,0.0,-2500000.0
Alien Uprising,"Jun 21, 2013",Sci-Fi,3.2,3166,2500000.0,0.0,-2500000.0
Steel,"Aug 15, 1997",Drama,5.7,264,16000000.0,1686429.0,-14313571.0
Inside Llewyn Davis,"Dec 6, 2013",Drama,7.5,123759,11000000.0,32943247.0,21943247.0
Inside Llewyn Davis,"Dec 6, 2013",Music,7.5,123759,11000000.0,32943247.0,21943247.0
Kingdom Come,"Apr 11, 2001",Documentary,7.6,123,7000000.0,23393939.0,16393939.0
Kingdom Come,"Apr 11, 2001",Drama,7.6,123,7000000.0,23393939.0,16393939.0
AWOL-72,"Dec 31, 2015",Action,3.8,785,3000000.0,0.0,-3000000.0
AWOL-72,"Dec 31, 2015",Thriller,3.8,785,3000000.0,0.0,-3000000.0
Sanctuary; Quite a Conundrum,"Aug 26, 2014",Comedy,5.4,150,200000.0,0.0,-200000.0
Sanctuary; Quite a Conundrum,"Aug 26, 2014",Horror,5.4,150,200000.0,0.0,-200000.0
Sanctuary; Quite a Conundrum,"Aug 26, 2014",Thriller,5.4,150,200000.0,0.0,-200000.0
Home Run,"Apr 19, 2013",Drama,6.0,2745,1200000.0,2859955.0,1659955.0
Home Run,"Apr 19, 2013",Sport,6.0,2745,1200000.0,2859955.0,1659955.0
Side Effects,"Feb 8, 2013",Crime,7.1,168466,30000000.0,66742138.0,36742138.0
Side Effects,"Sep 9, 2005",Crime,7.1,168466,200000.0,44701.0,-155299.0
Side Effects,"Feb 8, 2013",Drama,7.1,168466,30000000.0,66742138.0,36742138.0
Side Effects,"Sep 9, 2005",Drama,7.1,168466,200000.0,44701.0,-155299.0
Side Effects,"Feb 8, 2013",Mystery,7.1,168466,30000000.0,66742138.0,36742138.0
Side Effects,"Sep 9, 2005",Mystery,7.1,168466,200000.0,44701.0,-155299.0
Eye in the Sky,"Mar 11, 2016",Drama,7.3,72301,13000000.0,35402802.0,22402802.0
Eye in the Sky,"Mar 11, 2016",Thriller,7.3,72301,13000000.0,35402802.0,22402802.0
Eye in the Sky,"Mar 11, 2016",War,7.3,72301,13000000.0,35402802.0,22402802.0
The Railway Man,"Apr 11, 2014",Biography,7.1,34586,18000000.0,23910210.0,5910210.0
The Railway Man,"Apr 11, 2014",Drama,7.1,34586,18000000.0,23910210.0,5910210.0
The Railway Man,"Apr 11, 2014",Romance,7.1,34586,18000000.0,23910210.0,5910210.0
Point Break,"Dec 25, 2015",Action,5.3,53802,100000000.0,126704591.0,26704591.0
Point Break,"Jul 12, 1991",Action,5.3,53802,24000000.0,83531958.0,59531958.0
Point Break,"Dec 25, 2015",Crime,5.3,53802,100000000.0,126704591.0,26704591.0
Point Break,"Jul 12, 1991",Crime,5.3,53802,24000000.0,83531958.0,59531958.0
Point Break,"Dec 25, 2015",Sport,5.3,53802,100000000.0,126704591.0,26704591.0
Point Break,"Jul 12, 1991",Sport,5.3,53802,24000000.0,83531958.0,59531958.0
13 Sins,"Apr 18, 2014",Horror,6.3,29550,4000000.0,47552.0,-3952448.0
13 Sins,"Apr 18, 2014",Thriller,6.3,29550,4000000.0,47552.0,-3952448.0
The Road,"Nov 25, 2009",Crime,5.6,1617,25000000.0,29206732.0,4206732.0
The Road,"Nov 25, 2009",Drama,5.6,1617,25000000.0,29206732.0,4206732.0
The Road,"Nov 25, 2009",Horror,5.6,1617,25000000.0,29206732.0,4206732.0
Rocketman,"May 31, 2019",Biography,7.7,24266,41000000.0,108642725.0,67642725.0
Rocketman,"May 31, 2019",Drama,7.7,24266,41000000.0,108642725.0,67642725.0
Rocketman,"May 31, 2019",Music,7.7,24266,41000000.0,108642725.0,67642725.0
Dangerous Liaisons,"Nov 9, 2012",Drama,5.9,1694,24200000.0,10447579.0,-13752421.0
Dangerous Liaisons,"Dec 21, 1988",Drama,5.9,1694,14000000.0,34700000.0,20700000.0
Dangerous Liaisons,"Nov 9, 2012",Mystery,5.9,1694,24200000.0,10447579.0,-13752421.0
Dangerous Liaisons,"Dec 21, 1988",Mystery,5.9,1694,14000000.0,34700000.0,20700000.0
Dangerous Liaisons,"Nov 9, 2012",Romance,5.9,1694,24200000.0,10447579.0,-13752421.0
Dangerous Liaisons,"Dec 21, 1988",Romance,5.9,1694,14000000.0,34700000.0,20700000.0
Shanghai,"Oct 2, 2015",Crime,7.2,9047,50000000.0,15505922.0,-34494078.0
Shanghai,"Oct 2, 2015",Mystery,7.2,9047,50000000.0,15505922.0,-34494078.0
Shanghai,"Oct 2, 2015",Thriller,7.2,9047,50000000.0,15505922.0,-34494078.0
The Client,"Jul 20, 1994",Drama,6.9,1186,45000000.0,117615211.0,72615211.0
The Client,"Jul 20, 1994",Thriller,6.9,1186,45000000.0,117615211.0,72615211.0
Dawn Patrol,"Jun 5, 2015",Drama,4.8,615,3500000.0,0.0,-3500000.0
Dawn Patrol,"Jun 5, 2015",Thriller,4.8,615,3500000.0,0.0,-3500000.0
Lovesick,"Feb 18, 1983",Comedy,5.0,126,10100000.0,10143618.0,43618.0
Lovesick,"Feb 18, 1983",Fantasy,5.0,126,10100000.0,10143618.0,43618.0
Lovesick,"Feb 18, 1983",Romance,5.0,126,10100000.0,10143618.0,43618.0
Holy Motors,"Oct 17, 2012",Drama,7.1,36874,4000000.0,4230426.0,230426.0
Holy Motors,"Oct 17, 2012",Fantasy,7.1,36874,4000000.0,4230426.0,230426.0
Hush,"Apr 8, 2016",Drama,4.5,244,1000000.0,0.0,-1000000.0
Hush,"Apr 8, 2016",Thriller,4.5,244,1000000.0,0.0,-1000000.0
Steve Jobs,"Oct 9, 2015",Biography,7.2,138668,30000000.0,35579007.0,5579007.0
Steve Jobs,"Oct 9, 2015",Drama,7.2,138668,30000000.0,35579007.0,5579007.0
Hansel & Gretel Get Baked,"Jun 25, 2013",Comedy,4.3,3225,4500000.0,0.0,-4500000.0
Hansel & Gretel Get Baked,"Jun 25, 2013",Horror,4.3,3225,4500000.0,0.0,-4500000.0
The Adventures of Huck Finn,"Apr 2, 1993",Adventure,5.8,249,6500000.0,24103594.0,17603594.0
The Adventures of Huck Finn,"Apr 2, 1993",Family,5.8,249,6500000.0,24103594.0,17603594.0
The Best Man Holiday,"Nov 15, 2013",Comedy,6.7,13967,17000000.0,72835710.0,55835710.0
The Best Man Holiday,"Nov 15, 2013",Drama,6.7,13967,17000000.0,72835710.0,55835710.0
Trouble with the Curve,"Sep 21, 2012",Drama,6.8,56129,60000000.0,47818913.0,-12181087.0
Trouble with the Curve,"Sep 21, 2012",Sport,6.8,56129,60000000.0,47818913.0,-12181087.0
The Imitation Game,"Nov 28, 2014",Biography,8.0,620834,15000000.0,227740463.0,212740463.0
The Imitation Game,"Nov 28, 2014",Drama,8.0,620834,15000000.0,227740463.0,212740463.0
The Imitation Game,"Nov 28, 2014",Thriller,8.0,620834,15000000.0,227740463.0,212740463.0
Amen,"Jan 24, 2003",Drama,5.6,419,14000000.0,274299.0,-13725701.0
Down and Dangerous,"Feb 14, 2014",Crime,5.2,846,50000.0,0.0,-50000.0
Down and Dangerous,"Feb 14, 2014",Thriller,5.2,846,50000.0,0.0,-50000.0
Captain Underpants: The First Epic Movie,"Jun 2, 2017",Action,6.2,21903,38000000.0,126577874.0,88577874.0
Captain Underpants: The First Epic Movie,"Jun 2, 2017",Animation,6.2,21903,38000000.0,126577874.0,88577874.0
Captain Underpants: The First Epic Movie,"Jun 2, 2017",Comedy,6.2,21903,38000000.0,126577874.0,88577874.0
Treading Water,"Mar 10, 2015",Comedy,6.2,515,4700000.0,0.0,-4700000.0
Treading Water,"Mar 10, 2015",Drama,6.2,515,4700000.0,0.0,-4700000.0
Promised Land,"Jan 4, 2013",Drama,6.6,34659,15000000.0,12394562.0,-2605438.0
Home,"Mar 27, 2015",Drama,7.5,1049,130000000.0,385997896.0,255997896.0
Home,"Jun 5, 2009",Drama,7.5,1049,12000000.0,0.0,-12000000.0
Home,"Apr 23, 2009",Drama,7.5,1049,500000.0,44793168.0,44293168.0
Much Ado About Nothing,"May 7, 1993",Comedy,7.2,15415,8000000.0,22549338.0,14549338.0
Much Ado About Nothing,"May 7, 1993",Drama,7.2,15415,8000000.0,22549338.0,14549338.0
Much Ado About Nothing,"May 7, 1993",Romance,7.2,15415,8000000.0,22549338.0,14549338.0
Grace of Monaco,"Dec 1, 2015",Biography,5.7,16685,30000000.0,25199891.0,-4800109.0
Grace of Monaco,"Dec 1, 2015",Drama,5.7,16685,30000000.0,25199891.0,-4800109.0
Grace of Monaco,"Dec 1, 2015",Romance,5.7,16685,30000000.0,25199891.0,-4800109.0
Dumb and Dumber To,"Nov 14, 2014",Adventure,5.6,118646,40000000.0,156553592.0,116553592.0
Dumb and Dumber To,"Nov 14, 2014",Comedy,5.6,118646,40000000.0,156553592.0,116553592.0
Inside Out,"Jun 19, 2015",Adventure,8.2,536181,175000000.0,854235992.0,679235992.0
Inside Out,"Jun 19, 2015",Animation,8.2,536181,175000000.0,854235992.0,679235992.0
Inside Out,"Jun 19, 2015",Comedy,8.2,536181,175000000.0,854235992.0,679235992.0
"McFarland, USA","Feb 20, 2015",Biography,7.4,31735,17000000.0,45707924.0,28707924.0
"McFarland, USA","Feb 20, 2015",Drama,7.4,31735,17000000.0,45707924.0,28707924.0
"McFarland, USA","Feb 20, 2015",Sport,7.4,31735,17000000.0,45707924.0,28707924.0
A.C.O.R.N.S.: Operation Crackdown,"Nov 1, 2016",Animation,3.9,312,8500000.0,1353287.0,-7146713.0
A.C.O.R.N.S.: Operation Crackdown,"Nov 1, 2016",Comedy,3.9,312,8500000.0,1353287.0,-7146713.0
A.C.O.R.N.S.: Operation Crackdown,"Nov 1, 2016",Family,3.9,312,8500000.0,1353287.0,-7146713.0
Antiviral,"Apr 12, 2013",Horror,5.7,11025,3100000.0,123407.0,-2976593.0
Antiviral,"Apr 12, 2013",Sci-Fi,5.7,11025,3100000.0,123407.0,-2976593.0
Antiviral,"Apr 12, 2013",Thriller,5.7,11025,3100000.0,123407.0,-2976593.0
Living Dark: The Story of Ted the Caver,"Apr 23, 2019",Horror,5.3,349,1750000.0,0.0,-1750000.0
Dead Man Down,"Mar 8, 2013",Action,6.5,61238,30000000.0,19599974.0,-10400026.0
Dead Man Down,"Mar 8, 2013",Crime,6.5,61238,30000000.0,19599974.0,-10400026.0
Dead Man Down,"Mar 8, 2013",Drama,6.5,61238,30000000.0,19599974.0,-10400026.0
Spring Breakers,"Mar 15, 2013",Comedy,5.3,126504,5000000.0,31149251.0,26149251.0
Spring Breakers,"Mar 15, 2013",Crime,5.3,126504,5000000.0,31149251.0,26149251.0
Spring Breakers,"Mar 15, 2013",Drama,5.3,126504,5000000.0,31149251.0,26149251.0
Wolf,"Jun 17, 1994",Drama,6.9,142,70000000.0,131011757.0,61011757.0
Wolf,"Jun 17, 1994",Family,6.9,142,70000000.0,131011757.0,61011757.0
Maniac,"Jan 1, 1980",Horror,6.1,32534,350000.0,10000000.0,9650000.0
Maniac,"Jan 1, 1980",Thriller,6.1,32534,350000.0,10000000.0,9650000.0
Tammy,"Jul 2, 2014",Comedy,4.9,44345,20000000.0,96407655.0,76407655.0
Tammy,"Jul 2, 2014",Romance,4.9,44345,20000000.0,96407655.0,76407655.0
Dawn of the Planet of the Apes,"Jul 11, 2014",Action,7.6,390199,170000000.0,710644566.0,540644566.0
Dawn of the Planet of the Apes,"Jul 11, 2014",Adventure,7.6,390199,170000000.0,710644566.0,540644566.0
Dawn of the Planet of the Apes,"Jul 11, 2014",Drama,7.6,390199,170000000.0,710644566.0,540644566.0
Into the Storm,"Aug 8, 2014",Action,5.8,60894,50000000.0,150429371.0,100429371.0
Into the Storm,"Aug 8, 2014",Adventure,5.8,60894,50000000.0,150429371.0,100429371.0
Into the Storm,"Aug 8, 2014",Drama,5.8,60894,50000000.0,150429371.0,100429371.0
Deadline,"Dec 31, 2009",Mystery,6.7,347,1800000.0,0.0,-1800000.0
Deadline,"Dec 31, 2009",Thriller,6.7,347,1800000.0,0.0,-1800000.0
Jackie,"Dec 2, 2016",Comedy,6.8,1952,9000000.0,36588512.0,27588512.0
Jackie,"Dec 2, 2016",Drama,6.8,1952,9000000.0,36588512.0,27588512.0
Paranormal Activity 4,"Oct 19, 2012",Horror,4.6,58408,5000000.0,142817992.0,137817992.0
Paranormal Activity 4,"Oct 19, 2012",Mystery,4.6,58408,5000000.0,142817992.0,137817992.0
Paranormal Activity 4,"Oct 19, 2012",Thriller,4.6,58408,5000000.0,142817992.0,137817992.0
Transformers: Age of Extinction,"Jun 27, 2014",Action,5.7,283486,210000000.0,1104039076.0,894039076.0
Transformers: Age of Extinction,"Jun 27, 2014",Adventure,5.7,283486,210000000.0,1104039076.0,894039076.0
Transformers: Age of Extinction,"Jun 27, 2014",Sci-Fi,5.7,283486,210000000.0,1104039076.0,894039076.0
Swelter,"Aug 12, 2014",Action,4.6,2536,8000000.0,44197.0,-7955803.0
Swelter,"Aug 12, 2014",Crime,4.6,2536,8000000.0,44197.0,-7955803.0
Swelter,"Aug 12, 2014",Drama,4.6,2536,8000000.0,44197.0,-7955803.0
Elsa & Fred,"Nov 7, 2014",Comedy,6.5,2711,10000000.0,197901.0,-9802099.0
Elsa & Fred,"Nov 7, 2014",Drama,6.5,2711,10000000.0,197901.0,-9802099.0
Elsa & Fred,"Nov 7, 2014",Romance,6.5,2711,10000000.0,197901.0,-9802099.0
The Final Girls,"Nov 3, 2015",Comedy,6.6,30219,4500000.0,0.0,-4500000.0
The Final Girls,"Nov 3, 2015",Drama,6.6,30219,4500000.0,0.0,-4500000.0
The Final Girls,"Nov 3, 2015",Fantasy,6.6,30219,4500000.0,0.0,-4500000.0
Hacksaw Ridge,"Nov 4, 2016",Biography,8.1,366904,40000000.0,168904682.0,128904682.0
Hacksaw Ridge,"Nov 4, 2016",Drama,8.1,366904,40000000.0,168904682.0,128904682.0
Hacksaw Ridge,"Nov 4, 2016",History,8.1,366904,40000000.0,168904682.0,128904682.0
Pixels,"Jul 24, 2015",Action,5.6,119789,90000000.0,244041804.0,154041804.0
Pixels,"Jul 24, 2015",Comedy,5.6,119789,90000000.0,244041804.0,154041804.0
Pixels,"Jul 24, 2015",Sci-Fi,5.6,119789,90000000.0,244041804.0,154041804.0
Alpha,"Aug 17, 2018",Crime,5.5,102,51000000.0,99624873.0,48624873.0
Home Again,"Sep 8, 2017",Drama,6.6,360,15000000.0,37336874.0,22336874.0
The Circle,"Apr 28, 2017",Drama,5.9,2396,18000000.0,40651864.0,22651864.0
The Circle,"Apr 28, 2017",Fantasy,5.9,2396,18000000.0,40651864.0,22651864.0
The Circle,"Apr 28, 2017",Horror,5.9,2396,18000000.0,40651864.0,22651864.0
3,"Sep 16, 2011",Drama,7.2,3471,7200000.0,295492.0,-6904508.0
3,"Sep 16, 2011",Mystery,7.2,3471,7200000.0,295492.0,-6904508.0
3,"Sep 16, 2011",Romance,7.2,3471,7200000.0,295492.0,-6904508.0
Underdogs,"Aug 16, 2013",Drama,5.8,882,2500000.0,1392649.0,-1107351.0
Underdogs,"Aug 16, 2013",Family,5.8,882,2500000.0,1392649.0,-1107351.0
Underdogs,"Aug 16, 2013",Sport,5.8,882,2500000.0,1392649.0,-1107351.0
An American in Hollywood,"Jul 18, 2014",Drama,7.3,200,125000.0,0.0,-125000.0
Beasts of the Southern Wild,"Jun 27, 2012",Adventure,7.3,77440,1800000.0,23265132.0,21465132.0
Beasts of the Southern Wild,"Jun 27, 2012",Drama,7.3,77440,1800000.0,23265132.0,21465132.0
Beasts of the Southern Wild,"Jun 27, 2012",Fantasy,7.3,77440,1800000.0,23265132.0,21465132.0
Collide,"Feb 24, 2017",Action,5.7,13288,29200000.0,5466698.0,-23733302.0
Collide,"Feb 24, 2017",Crime,5.7,13288,29200000.0,5466698.0,-23733302.0
Collide,"Feb 24, 2017",Thriller,5.7,13288,29200000.0,5466698.0,-23733302.0
San Andreas,"May 29, 2015",Action,6.1,192750,110000000.0,456258539.0,346258539.0
San Andreas,"May 29, 2015",Adventure,6.1,192750,110000000.0,456258539.0,346258539.0
San Andreas,"May 29, 2015",Drama,6.1,192750,110000000.0,456258539.0,346258539.0
Second Act,"Dec 21, 2018",Comedy,5.8,13109,15700000.0,63288854.0,47588854.0
Second Act,"Dec 21, 2018",Drama,5.8,13109,15700000.0,63288854.0,47588854.0
Second Act,"Dec 21, 2018",Romance,5.8,13109,15700000.0,63288854.0,47588854.0
Stitches,"Apr 1, 2013",Comedy,5.7,8214,2000000.0,63555.0,-1936445.0
Stitches,"Apr 1, 2013",Horror,5.7,8214,2000000.0,63555.0,-1936445.0
The Mule,"Dec 14, 2018",Comedy,6.3,5788,50000000.0,170857676.0,120857676.0
The Mule,"Dec 14, 2018",Crime,6.3,5788,50000000.0,170857676.0,120857676.0
The Mule,"Dec 14, 2018",Drama,6.3,5788,50000000.0,170857676.0,120857676.0
Spellbound,"Oct 31, 1945",Comedy,6.9,2485,1500000.0,7000000.0,5500000.0
Spellbound,"Oct 31, 1945",Horror,6.9,2485,1500000.0,7000000.0,5500000.0
Spellbound,"Oct 31, 1945",Romance,6.9,2485,1500000.0,7000000.0,5500000.0
Beautiful,"Sep 29, 2000",Biography,7.5,751,9000000.0,3134509.0,-5865491.0
Beautiful,"Sep 29, 2000",Drama,7.5,751,9000000.0,3134509.0,-5865491.0
Beautiful,"Sep 29, 2000",Family,7.5,751,9000000.0,3134509.0,-5865491.0
Long Shot,"May 3, 2019",Comedy,7.2,12814,40000000.0,43711031.0,3711031.0
Long Shot,"May 3, 2019",Romance,7.2,12814,40000000.0,43711031.0,3711031.0
Jane Got a Gun,"Jan 29, 2016",Action,5.9,19051,25000000.0,3771345.0,-21228655.0
Jane Got a Gun,"Jan 29, 2016",Drama,5.9,19051,25000000.0,3771345.0,-21228655.0
Jane Got a Gun,"Jan 29, 2016",Western,5.9,19051,25000000.0,3771345.0,-21228655.0
Saving Mr. Banks,"Dec 13, 2013",Biography,7.5,140678,35000000.0,114962525.0,79962525.0
Saving Mr. Banks,"Dec 13, 2013",Comedy,7.5,140678,35000000.0,114962525.0,79962525.0
Saving Mr. Banks,"Dec 13, 2013",Drama,7.5,140678,35000000.0,114962525.0,79962525.0
The Accountant,"Oct 14, 2016",Action,7.3,233022,40000000.0,152962083.0,112962083.0
The Accountant,"Oct 14, 2016",Crime,7.3,233022,40000000.0,152962083.0,112962083.0
The Accountant,"Oct 14, 2016",Drama,7.3,233022,40000000.0,152962083.0,112962083.0
Two Night Stand,"Sep 26, 2014",Comedy,6.4,60510,1600000.0,868081.0,-731919.0
Two Night Stand,"Sep 26, 2014",Romance,6.4,60510,1600000.0,868081.0,-731919.0
Food Chains,"Nov 21, 2014",Documentary,7.2,328,913000.0,176.0,-912824.0
The Forgotten,"Sep 24, 2004",Horror,5.3,472,50000000.0,117211892.0,67211892.0
Black November,"Jan 9, 2015",Action,5.4,489,7500000.0,32572.0,-7467428.0
Black November,"Jan 9, 2015",Crime,5.4,489,7500000.0,32572.0,-7467428.0
Black November,"Jan 9, 2015",Drama,5.4,489,7500000.0,32572.0,-7467428.0
Snow White: A Deadly Summer,"Mar 20, 2012",Horror,2.2,679,1000000.0,0.0,-1000000.0
Stone,"Oct 8, 2010",Crime,5.6,607,22000000.0,4065020.0,-17934980.0
Stone,"Oct 8, 2010",Drama,5.6,607,22000000.0,4065020.0,-17934980.0
Stone,"Oct 8, 2010",Thriller,5.6,607,22000000.0,4065020.0,-17934980.0
The Walk,"Sep 30, 2015",Crime,6.8,126,35000000.0,61492104.0,26492104.0
The Walk,"Sep 30, 2015",Thriller,6.8,126,35000000.0,61492104.0,26492104.0
Fear Clinic,"Feb 10, 2015",Horror,5.0,6256,1000000.0,0.0,-1000000.0
Khiladi 786,"Dec 7, 2012",Action,4.4,5648,5600000.0,14683763.0,9083763.0
Khiladi 786,"Dec 7, 2012",Comedy,4.4,5648,5600000.0,14683763.0,9083763.0
Getaway,"Aug 30, 2013",Action,4.4,22157,18000000.0,11813989.0,-6186011.0
Getaway,"Aug 30, 2013",Crime,4.4,22157,18000000.0,11813989.0,-6186011.0
Getaway,"Aug 30, 2013",Thriller,4.4,22157,18000000.0,11813989.0,-6186011.0
Bad Words,"Mar 14, 2014",Comedy,6.7,44061,10000000.0,7843145.0,-2156855.0
Bad Words,"Mar 14, 2014",Drama,6.7,44061,10000000.0,7843145.0,-2156855.0
Horrible Bosses 2,"Nov 26, 2014",Comedy,6.3,144442,40000000.0,105945357.0,65945357.0
Horrible Bosses 2,"Nov 26, 2014",Crime,6.3,144442,40000000.0,105945357.0,65945357.0
St. Vincent,"Oct 10, 2014",Comedy,7.3,89372,13000000.0,54837234.0,41837234.0
St. Vincent,"Oct 10, 2014",Drama,7.3,89372,13000000.0,54837234.0,41837234.0
The Foreigner,"Oct 13, 2017",Comedy,6.8,1526,35000000.0,140783360.0,105783360.0
The Foreigner,"Oct 13, 2017",Romance,6.8,1526,35000000.0,140783360.0,105783360.0
Happy Valley,"Mar 28, 2008",Documentary,7.1,1059,250000.0,67665.0,-182335.0
Happy Valley,"Mar 28, 2008",Drama,7.1,1059,250000.0,67665.0,-182335.0
Happy Valley,"Mar 28, 2008",Sport,7.1,1059,250000.0,67665.0,-182335.0
3 Days to Kill,"Feb 21, 2014",Action,6.2,81681,28000000.0,38959900.0,10959900.0
3 Days to Kill,"Feb 21, 2014",Drama,6.2,81681,28000000.0,38959900.0,10959900.0
3 Days to Kill,"Feb 21, 2014",Thriller,6.2,81681,28000000.0,38959900.0,10959900.0
Metallica Through the Never,"Sep 27, 2013",Music,7.2,15592,18000000.0,9082906.0,-8917094.0
Ghost,"Jul 13, 1990",Horror,2.3,205,22000000.0,517600000.0,495600000.0
Jab Tak Hai Jaan,"Nov 13, 2012",Drama,6.8,48364,9200000.0,5806666.0,-3393334.0
Jab Tak Hai Jaan,"Nov 13, 2012",Romance,6.8,48364,9200000.0,5806666.0,-3393334.0
The Monuments Men,"Feb 7, 2014",Comedy,6.1,117638,70000000.0,158702748.0,88702748.0
The Monuments Men,"Feb 7, 2014",Drama,6.1,117638,70000000.0,158702748.0,88702748.0
The Monuments Men,"Feb 7, 2014",History,6.1,117638,70000000.0,158702748.0,88702748.0
Yeh Jawaani Hai Deewani,"May 31, 2013",Comedy,7.1,33971,8300000.0,50827466.0,42527466.0
Yeh Jawaani Hai Deewani,"May 31, 2013",Drama,7.1,33971,8300000.0,50827466.0,42527466.0
Yeh Jawaani Hai Deewani,"May 31, 2013",Musical,7.1,33971,8300000.0,50827466.0,42527466.0
Drones,"Dec 31, 2010",Thriller,4.5,719,500000.0,0.0,-500000.0
American Sniper,"Dec 25, 2014",Action,7.3,401915,58000000.0,547326372.0,489326372.0
American Sniper,"Dec 25, 2014",Biography,7.3,401915,58000000.0,547326372.0,489326372.0
American Sniper,"Dec 25, 2014",Drama,7.3,401915,58000000.0,547326372.0,489326372.0
Crowsnest,"Sep 7, 2012",Horror,3.9,1481,1200000.0,0.0,-1200000.0
Crowsnest,"Sep 7, 2012",Mystery,3.9,1481,1200000.0,0.0,-1200000.0
Crowsnest,"Sep 7, 2012",Thriller,3.9,1481,1200000.0,0.0,-1200000.0
Into the Woods,"Dec 25, 2014",Adventure,6.0,123577,56200000.0,213116401.0,156916401.0
Into the Woods,"Dec 25, 2014",Comedy,6.0,123577,56200000.0,213116401.0,156916401.0
Into the Woods,"Dec 25, 2014",Drama,6.0,123577,56200000.0,213116401.0,156916401.0
Song One,"Jan 23, 2015",Drama,5.8,8559,6000000.0,437089.0,-5562911.0
Song One,"Jan 23, 2015",Music,5.8,8559,6000000.0,437089.0,-5562911.0
Earth to Echo,"Jul 2, 2014",Adventure,5.8,17627,13000000.0,42174545.0,29174545.0
Earth to Echo,"Jul 2, 2014",Family,5.8,17627,13000000.0,42174545.0,29174545.0
Earth to Echo,"Jul 2, 2014",Sci-Fi,5.8,17627,13000000.0,42174545.0,29174545.0
The Purge,"Jun 7, 2013",Horror,5.7,183549,3000000.0,91266581.0,88266581.0
The Purge,"Jun 7, 2013",Thriller,5.7,183549,3000000.0,91266581.0,88266581.0
Escape from Tomorrow,"Oct 11, 2013",Drama,5.2,8665,650000.0,171962.0,-478038.0
Escape from Tomorrow,"Oct 11, 2013",Fantasy,5.2,8665,650000.0,171962.0,-478038.0
Escape from Tomorrow,"Oct 11, 2013",Horror,5.2,8665,650000.0,171962.0,-478038.0
Grown Ups 2,"Jul 12, 2013",Comedy,5.4,128500,80000000.0,247023808.0,167023808.0
The Counselor,"Oct 25, 2013",Crime,5.3,92096,25000000.0,71009334.0,46009334.0
The Counselor,"Oct 25, 2013",Drama,5.3,92096,25000000.0,71009334.0,46009334.0
The Counselor,"Oct 25, 2013",Thriller,5.3,92096,25000000.0,71009334.0,46009334.0
About Time,"Nov 1, 2013",Comedy,7.8,263136,12000000.0,89309178.0,77309178.0
About Time,"Nov 1, 2013",Drama,7.8,263136,12000000.0,89309178.0,77309178.0
About Time,"Nov 1, 2013",Fantasy,7.8,263136,12000000.0,89309178.0,77309178.0
Run All Night,"Mar 13, 2015",Action,6.6,94131,50000000.0,66961644.0,16961644.0
Run All Night,"Mar 13, 2015",Drama,6.6,94131,50000000.0,66961644.0,16961644.0
Run All Night,"Mar 13, 2015",Thriller,6.6,94131,50000000.0,66961644.0,16961644.0
Into the Woods,"Dec 25, 2014",Thriller,2.6,167,56200000.0,213116401.0,156916401.0
The Other Woman,"Apr 25, 2014",Comedy,6.0,122889,40000000.0,195111193.0,155111193.0
The Other Woman,"Apr 25, 2014",Romance,6.0,122889,40000000.0,195111193.0,155111193.0
Addicted,"Oct 10, 2014",Drama,5.2,7640,5000000.0,17499242.0,12499242.0
Addicted,"Oct 10, 2014",Thriller,5.2,7640,5000000.0,17499242.0,12499242.0
Before Midnight,"May 24, 2013",Drama,7.9,123107,3000000.0,23251930.0,20251930.0
Before Midnight,"May 24, 2013",Romance,7.9,123107,3000000.0,23251930.0,20251930.0
Transcendence,"Apr 18, 2014",Action,6.3,204481,100000000.0,103039258.0,3039258.0
Transcendence,"Apr 18, 2014",Drama,6.3,204481,100000000.0,103039258.0,3039258.0
Transcendence,"Apr 18, 2014",Sci-Fi,6.3,204481,100000000.0,103039258.0,3039258.0
Highway,"Dec 31, 2012",Drama,6.7,195,2000000.0,0.0,-2000000.0
The Timber,"Oct 6, 2015",Action,4.9,1292,2100000.0,0.0,-2100000.0
The Timber,"Oct 6, 2015",Adventure,4.9,1292,2100000.0,0.0,-2100000.0
The Timber,"Oct 6, 2015",Drama,4.9,1292,2100000.0,0.0,-2100000.0
Katy Perry: Part of Me,"Jul 5, 2012",Documentary,5.9,13034,12000000.0,32700439.0,20700439.0
Katy Perry: Part of Me,"Jul 5, 2012",Music,5.9,13034,12000000.0,32700439.0,20700439.0
Gamer,"Sep 4, 2009",Drama,5.0,416,50000000.0,42002029.0,-7997971.0
Crossroads,"Feb 15, 2002",Drama,6.1,122,12000000.0,57000000.0,45000000.0
Crossroads,"Jun 23, 2015",Drama,6.1,122,500000.0,0.0,-500000.0
Crossroads,"Feb 15, 2002",Mystery,6.1,122,12000000.0,57000000.0,45000000.0
Crossroads,"Jun 23, 2015",Mystery,6.1,122,500000.0,0.0,-500000.0
Crossroads,"Feb 15, 2002",War,6.1,122,12000000.0,57000000.0,45000000.0
Crossroads,"Jun 23, 2015",War,6.1,122,500000.0,0.0,-500000.0
Now You See Me,"May 31, 2013",Drama,7.0,237,75000000.0,342769200.0,267769200.0
Now You See Me,"May 31, 2013",Horror,7.0,237,75000000.0,342769200.0,267769200.0
Now You See Me,"May 31, 2013",Thriller,7.0,237,75000000.0,342769200.0,267769200.0
Down to Earth,"Feb 16, 2001",Adventure,6.6,260,30000000.0,71172251.0,41172251.0
Down to Earth,"Feb 16, 2001",Documentary,6.6,260,30000000.0,71172251.0,41172251.0
Draft Day,"Apr 11, 2014",Drama,6.8,48812,25000000.0,29847480.0,4847480.0
Draft Day,"Apr 11, 2014",Sport,6.8,48812,25000000.0,29847480.0,4847480.0
Home,"Mar 27, 2015",Adventure,6.6,85831,130000000.0,385997896.0,255997896.0
Home,"Jun 5, 2009",Adventure,6.6,85831,12000000.0,0.0,-12000000.0
Home,"Apr 23, 2009",Adventure,6.6,85831,500000.0,44793168.0,44293168.0
Home,"Mar 27, 2015",Animation,6.6,85831,130000000.0,385997896.0,255997896.0
Home,"Jun 5, 2009",Animation,6.6,85831,12000000.0,0.0,-12000000.0
Home,"Apr 23, 2009",Animation,6.6,85831,500000.0,44793168.0,44293168.0
Home,"Mar 27, 2015",Comedy,6.6,85831,130000000.0,385997896.0,255997896.0
Home,"Jun 5, 2009",Comedy,6.6,85831,12000000.0,0.0,-12000000.0
Home,"Apr 23, 2009",Comedy,6.6,85831,500000.0,44793168.0,44293168.0
Plush,"Sep 13, 2013",Drama,5.4,3462,2000000.0,28864.0,-1971136.0
Plush,"Sep 13, 2013",Music,5.4,3462,2000000.0,28864.0,-1971136.0
Plush,"Sep 13, 2013",Thriller,5.4,3462,2000000.0,28864.0,-1971136.0
Enter the Dangerous Mind,"Feb 6, 2015",Thriller,5.2,915,3000000.0,0.0,-3000000.0
Don Jon,"Sep 27, 2013",Comedy,6.6,216350,5500000.0,41268579.0,35768579.0
Don Jon,"Sep 27, 2013",Drama,6.6,216350,5500000.0,41268579.0,35768579.0
Don Jon,"Sep 27, 2013",Romance,6.6,216350,5500000.0,41268579.0,35768579.0
Wild Card,"Jan 30, 2015",Action,5.6,46463,30000000.0,4315789.0,-25684211.0
Wild Card,"Jan 30, 2015",Crime,5.6,46463,30000000.0,4315789.0,-25684211.0
Wild Card,"Jan 30, 2015",Drama,5.6,46463,30000000.0,4315789.0,-25684211.0
Rampage,"Apr 13, 2018",Action,6.1,115891,120000000.0,428056280.0,308056280.0
Rampage,"Apr 13, 2018",Adventure,6.1,115891,120000000.0,428056280.0,308056280.0
Rampage,"Apr 13, 2018",Sci-Fi,6.1,115891,120000000.0,428056280.0,308056280.0
Coffee Town,"Jul 9, 2013",Comedy,6.6,4666,2000000.0,0.0,-2000000.0
The Internship,"Jun 7, 2013",Comedy,6.3,179817,58000000.0,93672764.0,35672764.0
Dear White People,"Oct 17, 2014",Comedy,6.1,23321,1250000.0,5403771.0,4153771.0
Dear White People,"Oct 17, 2014",Drama,6.1,23321,1250000.0,5403771.0,4153771.0
Dear White People,"Oct 17, 2014",Romance,6.1,23321,1250000.0,5403771.0,4153771.0
Copycat,"Oct 27, 1995",Comedy,5.1,157,20000000.0,32051917.0,12051917.0
Valerian and the City of a Thousand Planets,"Jul 21, 2017",Action,6.5,139792,180000000.0,215098356.0,35098356.0
Valerian and the City of a Thousand Planets,"Jul 21, 2017",Adventure,6.5,139792,180000000.0,215098356.0,35098356.0
Valerian and the City of a Thousand Planets,"Jul 21, 2017",Fantasy,6.5,139792,180000000.0,215098356.0,35098356.0
Think Like a Man Too,"Jun 20, 2014",Comedy,5.8,18533,24000000.0,70027933.0,46027933.0
Think Like a Man Too,"Jun 20, 2014",Romance,5.8,18533,24000000.0,70027933.0,46027933.0
The Color Purple,"Dec 18, 1985",Action,6.6,1299,15000000.0,93589701.0,78589701.0
The Color Purple,"Dec 18, 1985",Drama,6.6,1299,15000000.0,93589701.0,78589701.0
Money Monster,"May 13, 2016",Crime,6.5,86607,27000000.0,93466095.0,66466095.0
Money Monster,"May 13, 2016",Drama,6.5,86607,27000000.0,93466095.0,66466095.0
Money Monster,"May 13, 2016",Thriller,6.5,86607,27000000.0,93466095.0,66466095.0
Under the Rainbow,"Jul 31, 1981",Comedy,5.9,1174,20000000.0,18826490.0,-1173510.0
Under the Rainbow,"Jul 31, 1981",Drama,5.9,1174,20000000.0,18826490.0,-1173510.0
Under the Rainbow,"Jul 31, 1981",Romance,5.9,1174,20000000.0,18826490.0,-1173510.0
A Haunted House,"Jan 11, 2013",Comedy,5.1,40308,2500000.0,59922558.0,57422558.0
A Haunted House,"Jan 11, 2013",Fantasy,5.1,40308,2500000.0,59922558.0,57422558.0
Big Hero 6,"Nov 7, 2014",Action,7.8,371204,165000000.0,652127828.0,487127828.0
Big Hero 6,"Nov 7, 2014",Adventure,7.8,371204,165000000.0,652127828.0,487127828.0
Big Hero 6,"Nov 7, 2014",Animation,7.8,371204,165000000.0,652127828.0,487127828.0
When the Game Stands Tall,"Aug 22, 2014",Drama,6.7,14498,15000000.0,30138912.0,15138912.0
When the Game Stands Tall,"Aug 22, 2014",Family,6.7,14498,15000000.0,30138912.0,15138912.0
When the Game Stands Tall,"Aug 22, 2014",Sport,6.7,14498,15000000.0,30138912.0,15138912.0
Departure,"Mar 7, 2017",Drama,6.7,1680,1100000.0,27561.0,-1072439.0
Departure,"Mar 7, 2017",Romance,6.7,1680,1100000.0,27561.0,-1072439.0
Trapped,"Sep 20, 2002",Adventure,5.0,138,30000000.0,6916869.0,-23083131.0
Trapped,"Sep 20, 2002",Drama,5.0,138,30000000.0,6916869.0,-23083131.0
Trapped,"Sep 20, 2002",Thriller,5.0,138,30000000.0,6916869.0,-23083131.0
Zulu,"Dec 31, 2013",Crime,6.7,16607,16000000.0,1844228.0,-14155772.0
Zulu,"Dec 31, 2013",Drama,6.7,16607,16000000.0,1844228.0,-14155772.0
Zulu,"Dec 31, 2013",Thriller,6.7,16607,16000000.0,1844228.0,-14155772.0
Spider-Man: Homecoming,"Jul 7, 2017",Action,7.5,426302,175000000.0,880166350.0,705166350.0
Spider-Man: Homecoming,"Jul 7, 2017",Adventure,7.5,426302,175000000.0,880166350.0,705166350.0
Spider-Man: Homecoming,"Jul 7, 2017",Sci-Fi,7.5,426302,175000000.0,880166350.0,705166350.0
The Divide,"Jan 13, 2012",Documentary,6.7,163,3000000.0,156362.0,-2843638.0
Rush,"Sep 20, 2013",Crime,3.8,780,38000000.0,98230839.0,60230839.0
Rush,"Sep 20, 2013",Thriller,3.8,780,38000000.0,98230839.0,60230839.0
Sunday,"Aug 22, 1997",Drama,6.2,146,450000.0,450349.0,349.0
Sunday,"Aug 22, 1997",Romance,6.2,146,450000.0,450349.0,349.0
The Book of Life,"Oct 17, 2014",Adventure,7.3,59486,50000000.0,97651543.0,47651543.0
The Book of Life,"Oct 17, 2014",Animation,7.3,59486,50000000.0,97651543.0,47651543.0
The Book of Life,"Oct 17, 2014",Comedy,7.3,59486,50000000.0,97651543.0,47651543.0
The Maid's Room,"Aug 8, 2014",Thriller,4.5,882,600000.0,0.0,-600000.0
Drinking Buddies,"Aug 23, 2013",Comedy,6.1,53546,500000.0,407100.0,-92900.0
Drinking Buddies,"Aug 23, 2013",Drama,6.1,53546,500000.0,407100.0,-92900.0
Drinking Buddies,"Aug 23, 2013",Romance,6.1,53546,500000.0,407100.0,-92900.0
Kung Fu Panda 3,"Jan 29, 2016",Action,7.1,116166,140000000.0,517599142.0,377599142.0
Kung Fu Panda 3,"Jan 29, 2016",Adventure,7.1,116166,140000000.0,517599142.0,377599142.0
Kung Fu Panda 3,"Jan 29, 2016",Animation,7.1,116166,140000000.0,517599142.0,377599142.0
Gone Girl,"Oct 3, 2014",Drama,8.1,761592,61000000.0,368567189.0,307567189.0
Gone Girl,"Oct 3, 2014",Mystery,8.1,761592,61000000.0,368567189.0,307567189.0
Gone Girl,"Oct 3, 2014",Thriller,8.1,761592,61000000.0,368567189.0,307567189.0
Magic Mike XXL,"Jul 1, 2015",Comedy,5.6,48497,14500000.0,123660597.0,109160597.0
Magic Mike XXL,"Jul 1, 2015",Drama,5.6,48497,14500000.0,123660597.0,109160597.0
Magic Mike XXL,"Jul 1, 2015",Music,5.6,48497,14500000.0,123660597.0,109160597.0
Stranded,"Jul 26, 2013",Horror,3.5,3704,1900000.0,285593.0,-1614407.0
Stranded,"Jul 26, 2013",Sci-Fi,3.5,3704,1900000.0,285593.0,-1614407.0
Forsaken,"Feb 19, 2016",Action,6.3,9199,18000000.0,0.0,-18000000.0
Forsaken,"Feb 19, 2016",Drama,6.3,9199,18000000.0,0.0,-18000000.0
Forsaken,"Feb 19, 2016",Western,6.3,9199,18000000.0,0.0,-18000000.0
Hellboy,"Apr 2, 2004",Action,5.4,19534,60000000.0,99823958.0,39823958.0
Hellboy,"Apr 12, 2019",Action,5.4,19534,50000000.0,40725492.0,-9274508.0
Hellboy,"Apr 2, 2004",Adventure,5.4,19534,60000000.0,99823958.0,39823958.0
Hellboy,"Apr 12, 2019",Adventure,5.4,19534,50000000.0,40725492.0,-9274508.0
Hellboy,"Apr 2, 2004",Fantasy,5.4,19534,60000000.0,99823958.0,39823958.0
Hellboy,"Apr 12, 2019",Fantasy,5.4,19534,50000000.0,40725492.0,-9274508.0
Silence,"Dec 23, 2016",Drama,6.7,174,46500000.0,23726626.0,-22773374.0
Friend Request,"Sep 22, 2017",Thriller,4.0,116,9900000.0,11310835.0,1410835.0
Finding Dory,"Jun 17, 2016",Adventure,7.3,213542,200000000.0,1021215193.0,821215193.0
Finding Dory,"Jun 17, 2016",Animation,7.3,213542,200000000.0,1021215193.0,821215193.0
Finding Dory,"Jun 17, 2016",Comedy,7.3,213542,200000000.0,1021215193.0,821215193.0
The Grand Budapest Hotel,"Mar 7, 2014",Adventure,8.1,633604,31000000.0,163981261.0,132981261.0
The Grand Budapest Hotel,"Mar 7, 2014",Comedy,8.1,633604,31000000.0,163981261.0,132981261.0
The Grand Budapest Hotel,"Mar 7, 2014",Crime,8.1,633604,31000000.0,163981261.0,132981261.0
Love the Coopers,"Nov 13, 2015",Comedy,5.8,18018,18000000.0,42227490.0,24227490.0
Love the Coopers,"Nov 13, 2015",Fantasy,5.8,18018,18000000.0,42227490.0,24227490.0
Love the Coopers,"Nov 13, 2015",Romance,5.8,18018,18000000.0,42227490.0,24227490.0
The SpongeBob Movie: Sponge Out of Water,"Feb 6, 2015",Adventure,6.0,43560,74000000.0,311013181.0,237013181.0
The SpongeBob Movie: Sponge Out of Water,"Feb 6, 2015",Animation,6.0,43560,74000000.0,311013181.0,237013181.0
The SpongeBob Movie: Sponge Out of Water,"Feb 6, 2015",Comedy,6.0,43560,74000000.0,311013181.0,237013181.0
Muppets Most Wanted,"Mar 21, 2014",Adventure,6.4,29018,55000000.0,79312301.0,24312301.0
Muppets Most Wanted,"Mar 21, 2014",Comedy,6.4,29018,55000000.0,79312301.0,24312301.0
Muppets Most Wanted,"Mar 21, 2014",Crime,6.4,29018,55000000.0,79312301.0,24312301.0
Jumanji: Welcome to the Jungle,"Dec 20, 2017",Action,7.0,242735,90000000.0,964496193.0,874496193.0
Jumanji: Welcome to the Jungle,"Dec 20, 2017",Adventure,7.0,242735,90000000.0,964496193.0,874496193.0
Jumanji: Welcome to the Jungle,"Dec 20, 2017",Comedy,7.0,242735,90000000.0,964496193.0,874496193.0
Wings,"Aug 12, 1927",Adventure,3.2,561,2000000.0,0.0,-2000000.0
Wings,"Aug 12, 1927",Animation,3.2,561,2000000.0,0.0,-2000000.0
Wings,"Aug 12, 1927",Comedy,3.2,561,2000000.0,0.0,-2000000.0
Along the Roadside,"Mar 24, 2015",Comedy,6.8,392,250000.0,3234.0,-246766.0
Along the Roadside,"Mar 24, 2015",Music,6.8,392,250000.0,3234.0,-246766.0
Along the Roadside,"Mar 24, 2015",Romance,6.8,392,250000.0,3234.0,-246766.0
The Canyons,"Aug 2, 2013",Drama,3.8,9838,250000.0,62375.0,-187625.0
The Canyons,"Aug 2, 2013",Thriller,3.8,9838,250000.0,62375.0,-187625.0
Minions,"Jul 10, 2015",Adventure,6.4,193917,74000000.0,1160336173.0,1086336173.0
Minions,"Jul 10, 2015",Animation,6.4,193917,74000000.0,1160336173.0,1086336173.0
Minions,"Jul 10, 2015",Comedy,6.4,193917,74000000.0,1160336173.0,1086336173.0
22 Jump Street,"Jun 13, 2014",Action,7.0,319504,50000000.0,331333876.0,281333876.0
22 Jump Street,"Jun 13, 2014",Comedy,7.0,319504,50000000.0,331333876.0,281333876.0
22 Jump Street,"Jun 13, 2014",Crime,7.0,319504,50000000.0,331333876.0,281333876.0
Frozen,"Nov 22, 2013",Adventure,7.5,516998,150000000.0,1272469910.0,1122469910.0
Frozen,"Nov 22, 2013",Animation,7.5,516998,150000000.0,1272469910.0,1122469910.0
Frozen,"Nov 22, 2013",Comedy,7.5,516998,150000000.0,1272469910.0,1122469910.0
The Image Revolution,"Dec 31, 2014",Biography,7.2,156,50000.0,0.0,-50000.0
The Image Revolution,"Dec 31, 2014",Documentary,7.2,156,50000.0,0.0,-50000.0
Falcon Rising,"Sep 4, 2014",Action,5.8,6955,4500000.0,11774.0,-4488226.0
Falcon Rising,"Sep 4, 2014",Adventure,5.8,6955,4500000.0,11774.0,-4488226.0
Concussion,"Dec 25, 2015",Drama,5.7,3813,35000000.0,50363790.0,15363790.0
Sherlock Gnomes,"Mar 23, 2018",Adventure,5.1,8030,59000000.0,87527651.0,28527651.0
Sherlock Gnomes,"Mar 23, 2018",Animation,5.1,8030,59000000.0,87527651.0,28527651.0
Sherlock Gnomes,"Mar 23, 2018",Comedy,5.1,8030,59000000.0,87527651.0,28527651.0
Miss Julie,"May 5, 2015",Drama,4.1,116,5500000.0,863895.0,-4636105.0
Miss Julie,"May 5, 2015",Romance,4.1,116,5500000.0,863895.0,-4636105.0
Olympus Has Fallen,"Mar 22, 2013",Action,6.5,235443,70000000.0,172878928.0,102878928.0
Olympus Has Fallen,"Mar 22, 2013",Thriller,6.5,235443,70000000.0,172878928.0,102878928.0
23 Blast,"Oct 24, 2014",Drama,6.5,1567,1000000.0,549185.0,-450815.0
23 Blast,"Oct 24, 2014",Family,6.5,1567,1000000.0,549185.0,-450815.0
23 Blast,"Oct 24, 2014",Sport,6.5,1567,1000000.0,549185.0,-450815.0
Mandela: Long Walk to Freedom,"Nov 29, 2013",Biography,7.1,25027,35000000.0,29890402.0,-5109598.0
Mandela: Long Walk to Freedom,"Nov 29, 2013",Drama,7.1,25027,35000000.0,29890402.0,-5109598.0
Mandela: Long Walk to Freedom,"Nov 29, 2013",History,7.1,25027,35000000.0,29890402.0,-5109598.0
The 5th Wave,"Jan 22, 2016",Action,5.2,90788,38000000.0,111336398.0,73336398.0
The 5th Wave,"Jan 22, 2016",Adventure,5.2,90788,38000000.0,111336398.0,73336398.0
The 5th Wave,"Jan 22, 2016",Drama,5.2,90788,38000000.0,111336398.0,73336398.0
Wild,"Dec 3, 2014",Adventure,7.1,110138,15000000.0,52460543.0,37460543.0
Wild,"Dec 3, 2014",Biography,7.1,110138,15000000.0,52460543.0,37460543.0
Wild,"Dec 3, 2014",Drama,7.1,110138,15000000.0,52460543.0,37460543.0
The Gallows,"Jul 10, 2015",Horror,4.2,17763,100000.0,41656474.0,41556474.0
The Gallows,"Jul 10, 2015",Mystery,4.2,17763,100000.0,41656474.0,41556474.0
The Gallows,"Jul 10, 2015",Thriller,4.2,17763,100000.0,41656474.0,41556474.0
The Gatekeepers,"Feb 1, 2013",Documentary,7.6,5214,1500000.0,2592308.0,1092308.0
The Gatekeepers,"Feb 1, 2013",History,7.6,5214,1500000.0,2592308.0,1092308.0
The Gatekeepers,"Feb 1, 2013",War,7.6,5214,1500000.0,2592308.0,1092308.0
The Hobbit: The Battle of the Five Armies,"Dec 17, 2014",Adventure,7.4,438621,250000000.0,945577621.0,695577621.0
The Hobbit: The Battle of the Five Armies,"Dec 17, 2014",Fantasy,7.4,438621,250000000.0,945577621.0,695577621.0
Windsor Drive,"Aug 28, 2015",Mystery,3.2,193,850000.0,3256.0,-846744.0
Windsor Drive,"Aug 28, 2015",Thriller,3.2,193,850000.0,3256.0,-846744.0
Homefront,"Nov 27, 2013",Action,6.5,98549,22000000.0,51695362.0,29695362.0
Homefront,"Nov 27, 2013",Thriller,6.5,98549,22000000.0,51695362.0,29695362.0
Alien: Covenant,"May 19, 2017",Horror,6.4,226920,97000000.0,238521247.0,141521247.0
Alien: Covenant,"May 19, 2017",Sci-Fi,6.4,226920,97000000.0,238521247.0,141521247.0
Alien: Covenant,"May 19, 2017",Thriller,6.4,226920,97000000.0,238521247.0,141521247.0
Beauty and the Beast,"Mar 17, 2017",Drama,6.4,18100,160000000.0,1259199706.0,1099199706.0
Beauty and the Beast,"Nov 13, 1991",Drama,6.4,18100,20000000.0,608431132.0,588431132.0
Beauty and the Beast,"Mar 17, 2017",Fantasy,6.4,18100,160000000.0,1259199706.0,1099199706.0
Beauty and the Beast,"Nov 13, 1991",Fantasy,6.4,18100,20000000.0,608431132.0,588431132.0
Beauty and the Beast,"Mar 17, 2017",Romance,6.4,18100,160000000.0,1259199706.0,1099199706.0
Beauty and the Beast,"Nov 13, 1991",Romance,6.4,18100,20000000.0,608431132.0,588431132.0
Endless Love,"Feb 14, 2014",Drama,6.3,37869,20000000.0,34718173.0,14718173.0
Endless Love,"Feb 14, 2014",Romance,6.3,37869,20000000.0,34718173.0,14718173.0
Queen Crab,"Sep 29, 2015",Action,4.2,196,75000.0,0.0,-75000.0
Queen Crab,"Sep 29, 2015",Sci-Fi,4.2,196,75000.0,0.0,-75000.0
Queen Crab,"Sep 29, 2015",Thriller,4.2,196,75000.0,0.0,-75000.0
ABCD (Any Body Can Dance),"Feb 8, 2013",Drama,6.4,5695,1900000.0,10137234.0,8237234.0
ABCD (Any Body Can Dance),"Feb 8, 2013",Music,6.4,5695,1900000.0,10137234.0,8237234.0
The Babadook,"Nov 28, 2014",Drama,6.8,171411,2000000.0,7482387.0,5482387.0
The Babadook,"Nov 28, 2014",Horror,6.8,171411,2000000.0,7482387.0,5482387.0
Fifty Shades of Grey,"Feb 13, 2015",Drama,4.1,279126,40000000.0,570998101.0,530998101.0
Fifty Shades of Grey,"Feb 13, 2015",Romance,4.1,279126,40000000.0,570998101.0,530998101.0
Fifty Shades of Grey,"Feb 13, 2015",Thriller,4.1,279126,40000000.0,570998101.0,530998101.0
The Notebook,"Jun 25, 2004",Drama,7.0,2767,30000000.0,116025023.0,86025023.0
The Notebook,"Jun 25, 2004",War,7.0,2767,30000000.0,116025023.0,86025023.0
Strangerland,"Jul 10, 2015",Drama,5.2,7999,10000000.0,161097.0,-9838903.0
Strangerland,"Jul 10, 2015",Mystery,5.2,7999,10000000.0,161097.0,-9838903.0
Strangerland,"Jul 10, 2015",Thriller,5.2,7999,10000000.0,161097.0,-9838903.0
Mary Queen of Scots,"Dec 7, 2018",Biography,6.3,23866,25000000.0,46734733.0,21734733.0
Mary Queen of Scots,"Dec 7, 2018",Drama,6.3,23866,25000000.0,46734733.0,21734733.0
Mary Queen of Scots,"Dec 7, 2018",History,6.3,23866,25000000.0,46734733.0,21734733.0
The Expendables 3,"Aug 15, 2014",Action,6.1,156432,100000000.0,209461378.0,109461378.0
The Expendables 3,"Aug 15, 2014",Adventure,6.1,156432,100000000.0,209461378.0,109461378.0
The Expendables 3,"Aug 15, 2014",Thriller,6.1,156432,100000000.0,209461378.0,109461378.0
Fruitvale Station,"Jul 12, 2013",Biography,7.5,68187,900000.0,17549645.0,16649645.0
Fruitvale Station,"Jul 12, 2013",Drama,7.5,68187,900000.0,17549645.0,16649645.0
Fruitvale Station,"Jul 12, 2013",Romance,7.5,68187,900000.0,17549645.0,16649645.0
Snatched,"May 12, 2017",Action,4.5,29997,42000000.0,57852177.0,15852177.0
Snatched,"May 12, 2017",Adventure,4.5,29997,42000000.0,57852177.0,15852177.0
Snatched,"May 12, 2017",Comedy,4.5,29997,42000000.0,57852177.0,15852177.0
Blue Jasmine,"Jul 26, 2013",Drama,7.3,179453,18000000.0,102912961.0,84912961.0
White House Down,"Jun 28, 2013",Action,6.4,191791,150000000.0,205440387.0,55440387.0
White House Down,"Jun 28, 2013",Drama,6.4,191791,150000000.0,205440387.0,55440387.0
White House Down,"Jun 28, 2013",Thriller,6.4,191791,150000000.0,205440387.0,55440387.0
The Dirties,"Oct 4, 2013",Crime,6.8,5728,55000.0,0.0,-55000.0
The Dirties,"Oct 4, 2013",Drama,6.8,5728,55000.0,0.0,-55000.0
Echo Dr.,"Jun 10, 2014",Action,3.6,112,100000.0,0.0,-100000.0
Echo Dr.,"Jun 10, 2014",Drama,3.6,112,100000.0,0.0,-100000.0
Echo Dr.,"Jun 10, 2014",Sci-Fi,3.6,112,100000.0,0.0,-100000.0
Friday,"Apr 26, 1995",Family,5.9,193,3500000.0,27936778.0,24436778.0
Parkland,"Oct 4, 2013",Drama,6.4,14036,10000000.0,1616353.0,-8383647.0
Parkland,"Oct 4, 2013",History,6.4,14036,10000000.0,1616353.0,-8383647.0
Parkland,"Oct 4, 2013",Mystery,6.4,14036,10000000.0,1616353.0,-8383647.0
The Rover,"Jun 13, 2014",Action,6.4,40576,8500000.0,3180252.0,-5319748.0
The Rover,"Jun 13, 2014",Crime,6.4,40576,8500000.0,3180252.0,-5319748.0
The Rover,"Jun 13, 2014",Drama,6.4,40576,8500000.0,3180252.0,-5319748.0
The Mummy,"Jun 9, 2017",Action,5.5,154345,195000000.0,409953905.0,214953905.0
The Mummy,"May 7, 1999",Action,5.5,154345,80000000.0,416385488.0,336385488.0
The Mummy,"Jun 9, 2017",Adventure,5.5,154345,195000000.0,409953905.0,214953905.0
The Mummy,"May 7, 1999",Adventure,5.5,154345,80000000.0,416385488.0,336385488.0
The Mummy,"Jun 9, 2017",Fantasy,5.5,154345,195000000.0,409953905.0,214953905.0
The Mummy,"May 7, 1999",Fantasy,5.5,154345,80000000.0,416385488.0,336385488.0
Unforgiven,"Aug 7, 1992",Action,7.2,2010,14400000.0,159157447.0,144757447.0
Unforgiven,"Aug 7, 1992",Crime,7.2,2010,14400000.0,159157447.0,144757447.0
Unforgiven,"Aug 7, 1992",Drama,7.2,2010,14400000.0,159157447.0,144757447.0
Frances Ha,"May 17, 2013",Comedy,7.4,60026,3000000.0,11262769.0,8262769.0
Frances Ha,"May 17, 2013",Drama,7.4,60026,3000000.0,11262769.0,8262769.0
Frances Ha,"May 17, 2013",Romance,7.4,60026,3000000.0,11262769.0,8262769.0
Grace Unplugged,"Oct 4, 2013",Drama,6.2,3006,1700000.0,2507159.0,807159.0
Grace Unplugged,"Oct 4, 2013",Music,6.2,3006,1700000.0,2507159.0,807159.0
The Lunchbox,"Feb 28, 2014",Drama,7.8,42618,1700000.0,12231500.0,10531500.0
The Lunchbox,"Feb 28, 2014",Romance,7.8,42618,1700000.0,12231500.0,10531500.0
Jobs,"Aug 16, 2013",Biography,5.9,88788,18000000.0,43402515.0,25402515.0
Jobs,"Aug 16, 2013",Drama,5.9,88788,18000000.0,43402515.0,25402515.0
Rio 2,"Apr 11, 2014",Adventure,6.3,72209,130000000.0,492846291.0,362846291.0
Rio 2,"Apr 11, 2014",Animation,6.3,72209,130000000.0,492846291.0,362846291.0
Rio 2,"Apr 11, 2014",Comedy,6.3,72209,130000000.0,492846291.0,362846291.0
Honey,"Dec 5, 2003",Drama,6.8,1704,18000000.0,62646763.0,44646763.0
Unfinished Business,"Mar 6, 2015",Comedy,5.4,29004,35000000.0,13214051.0,-21785949.0
Unfinished Business,"Mar 6, 2015",Drama,5.4,29004,35000000.0,13214051.0,-21785949.0
Daylight,"Dec 6, 1996",Drama,7.0,3484,80000000.0,158908290.0,78908290.0
Daylight,"Dec 6, 1996",Mystery,7.0,3484,80000000.0,158908290.0,78908290.0
Daylight,"Dec 6, 1996",Thriller,7.0,3484,80000000.0,158908290.0,78908290.0
Blue Ruin,"Apr 25, 2014",Crime,7.1,58811,420000.0,437002.0,17002.0
Blue Ruin,"Apr 25, 2014",Drama,7.1,58811,420000.0,437002.0,17002.0
Blue Ruin,"Apr 25, 2014",Thriller,7.1,58811,420000.0,437002.0,17002.0
Live by Night,"Dec 25, 2016",Action,6.4,47243,65000000.0,21774432.0,-43225568.0
Live by Night,"Dec 25, 2016",Crime,6.4,47243,65000000.0,21774432.0,-43225568.0
Live by Night,"Dec 25, 2016",Drama,6.4,47243,65000000.0,21774432.0,-43225568.0
The Intern,"Sep 25, 2015",Comedy,7.1,191494,40000000.0,197115710.0,157115710.0
The Intern,"Sep 25, 2015",Drama,7.1,191494,40000000.0,197115710.0,157115710.0
Antarctica: A Year on Ice,"Nov 28, 2014",Adventure,7.6,3004,1000000.0,288757.0,-711243.0
Antarctica: A Year on Ice,"Nov 28, 2014",Biography,7.6,3004,1000000.0,288757.0,-711243.0
Antarctica: A Year on Ice,"Nov 28, 2014",Documentary,7.6,3004,1000000.0,288757.0,-711243.0
Daylight,"Dec 6, 1996",Drama,4.1,397,80000000.0,158908290.0,78908290.0
Daylight,"Dec 6, 1996",Horror,4.1,397,80000000.0,158908290.0,78908290.0
Daylight,"Dec 6, 1996",Mystery,4.1,397,80000000.0,158908290.0,78908290.0
The Frozen,"Dec 18, 2012",Drama,4.4,1641,250000.0,0.0,-250000.0
The Frozen,"Dec 18, 2012",Thriller,4.4,1641,250000.0,0.0,-250000.0
Runner Runner,"Oct 4, 2013",Crime,5.6,58235,30000000.0,60512680.0,30512680.0
Runner Runner,"Oct 4, 2013",Thriller,5.6,58235,30000000.0,60512680.0,30512680.0
The Disappointments Room,"Sep 9, 2016",Drama,3.9,8167,15000000.0,3503761.0,-11496239.0
The Disappointments Room,"Sep 9, 2016",Horror,3.9,8167,15000000.0,3503761.0,-11496239.0
The Disappointments Room,"Sep 9, 2016",Thriller,3.9,8167,15000000.0,3503761.0,-11496239.0
Lost River,"Apr 7, 2015",Drama,5.8,15667,2000000.0,2009644.0,9644.0
Lost River,"Apr 7, 2015",Fantasy,5.8,15667,2000000.0,2009644.0,9644.0
Lost River,"Apr 7, 2015",Mystery,5.8,15667,2000000.0,2009644.0,9644.0
Need for Speed,"Mar 14, 2014",Action,6.5,154909,66000000.0,194169619.0,128169619.0
Need for Speed,"Mar 14, 2014",Crime,6.5,154909,66000000.0,194169619.0,128169619.0
Need for Speed,"Mar 14, 2014",Thriller,6.5,154909,66000000.0,194169619.0,128169619.0
Stuck,"May 30, 2008",Documentary,7.4,141,5000000.0,67505.0,-4932495.0
Home,"Mar 27, 2015",Drama,6.8,306,130000000.0,385997896.0,255997896.0
Home,"Jun 5, 2009",Drama,6.8,306,12000000.0,0.0,-12000000.0
Home,"Apr 23, 2009",Drama,6.8,306,500000.0,44793168.0,44293168.0
Home,"Mar 27, 2015",Romance,6.8,306,130000000.0,385997896.0,255997896.0
Home,"Jun 5, 2009",Romance,6.8,306,12000000.0,0.0,-12000000.0
Home,"Apr 23, 2009",Romance,6.8,306,500000.0,44793168.0,44293168.0
Dry Spell,"Dec 31, 2014",Comedy,3.3,120,22000.0,0.0,-22000.0
Dry Spell,"Dec 31, 2014",Romance,3.3,120,22000.0,0.0,-22000.0
The Act of Killing,"Jul 19, 2013",Crime,8.2,31115,1000000.0,1227316.0,227316.0
The Act of Killing,"Jul 19, 2013",Documentary,8.2,31115,1000000.0,1227316.0,227316.0
Deliver Us from Evil,"Jul 2, 2014",Horror,6.2,63793,30000000.0,87956618.0,57956618.0
Deliver Us from Evil,"Jul 2, 2014",Mystery,6.2,63793,30000000.0,87956618.0,57956618.0
Deliver Us from Evil,"Jul 2, 2014",Thriller,6.2,63793,30000000.0,87956618.0,57956618.0
3,"Sep 16, 2011",Comedy,6.1,101,7200000.0,295492.0,-6904508.0
3,"Sep 16, 2011",Drama,6.1,101,7200000.0,295492.0,-6904508.0
Spectre,"Nov 6, 2015",Action,6.8,352504,300000000.0,879620923.0,579620923.0
Spectre,"Nov 6, 2015",Adventure,6.8,352504,300000000.0,879620923.0,579620923.0
Spectre,"Nov 6, 2015",Thriller,6.8,352504,300000000.0,879620923.0,579620923.0
Treachery,"Dec 31, 2013",Drama,3.7,391,625000.0,0.0,-625000.0
Treachery,"Dec 31, 2013",Thriller,3.7,391,625000.0,0.0,-625000.0
Coco,"Nov 22, 2017",Adventure,8.4,277194,175000000.0,798008101.0,623008101.0
Coco,"Nov 22, 2017",Animation,8.4,277194,175000000.0,798008101.0,623008101.0
Coco,"Nov 22, 2017",Comedy,8.4,277194,175000000.0,798008101.0,623008101.0
Brooklyn,"Nov 4, 2015",Drama,7.5,117021,11000000.0,62076141.0,51076141.0
Brooklyn,"Nov 4, 2015",Romance,7.5,117021,11000000.0,62076141.0,51076141.0
Focus,"Feb 27, 2015",Comedy,6.6,192147,65000000.0,168065700.0,103065700.0
Focus,"Feb 27, 2015",Crime,6.6,192147,65000000.0,168065700.0,103065700.0
Focus,"Feb 27, 2015",Drama,6.6,192147,65000000.0,168065700.0,103065700.0
Joe,"Apr 11, 2014",Crime,6.9,42825,4000000.0,373375.0,-3626625.0
Joe,"Apr 11, 2014",Drama,6.9,42825,4000000.0,373375.0,-3626625.0
Captive,"Sep 18, 2015",Action,3.8,211,2000000.0,2791973.0,791973.0
Captive,"Sep 18, 2015",Thriller,3.8,211,2000000.0,2791973.0,791973.0
How to Train Your Dragon: The Hidden World,"Feb 22, 2019",Action,7.6,60769,129000000.0,519258283.0,390258283.0
How to Train Your Dragon: The Hidden World,"Feb 22, 2019",Adventure,7.6,60769,129000000.0,519258283.0,390258283.0
How to Train Your Dragon: The Hidden World,"Feb 22, 2019",Animation,7.6,60769,129000000.0,519258283.0,390258283.0
Dark Skies,"Feb 22, 2013",Horror,6.3,65754,3500000.0,27704111.0,24204111.0
Dark Skies,"Feb 22, 2013",Sci-Fi,6.3,65754,3500000.0,27704111.0,24204111.0
Dark Skies,"Feb 22, 2013",Thriller,6.3,65754,3500000.0,27704111.0,24204111.0
Delivery Man,"Nov 22, 2013",Comedy,6.4,70706,22000000.0,70536870.0,48536870.0
Delivery Man,"Nov 22, 2013",Drama,6.4,70706,22000000.0,70536870.0,48536870.0
The Girl on the Train,"Oct 7, 2016",Thriller,4.4,819,45000000.0,174278214.0,129278214.0
Flipped,"Aug 6, 2010",Drama,6.0,440,14000000.0,4289993.0,-9710007.0
Flipped,"Aug 6, 2010",Thriller,6.0,440,14000000.0,4289993.0,-9710007.0
1982,"Mar 1, 2016",Drama,7.0,221,1000000.0,0.0,-1000000.0
Ain't Them Bodies Saints,"Aug 16, 2013",Crime,6.4,19464,5000000.0,1075009.0,-3924991.0
Ain't Them Bodies Saints,"Aug 16, 2013",Drama,6.4,19464,5000000.0,1075009.0,-3924991.0
Ain't Them Bodies Saints,"Aug 16, 2013",Romance,6.4,19464,5000000.0,1075009.0,-3924991.0
Oculus,"Apr 11, 2014",Horror,6.5,106906,5000000.0,44115496.0,39115496.0
Oculus,"Apr 11, 2014",Mystery,6.5,106906,5000000.0,44115496.0,39115496.0
Cheap Thrills,"Mar 21, 2014",Comedy,6.7,16429,100000.0,59424.0,-40576.0
Cheap Thrills,"Mar 21, 2014",Crime,6.7,16429,100000.0,59424.0,-40576.0
Cheap Thrills,"Mar 21, 2014",Drama,6.7,16429,100000.0,59424.0,-40576.0
Max,"Jun 26, 2015",Comedy,5.1,248,20000000.0,43658157.0,23658157.0
Enough Said,"Sep 18, 2013",Comedy,7.0,55698,8000000.0,25621449.0,17621449.0
Enough Said,"Sep 18, 2013",Drama,7.0,55698,8000000.0,25621449.0,17621449.0
Enough Said,"Sep 18, 2013",Romance,7.0,55698,8000000.0,25621449.0,17621449.0
Home,"Mar 27, 2015",Drama,7.0,140,130000000.0,385997896.0,255997896.0
Home,"Jun 5, 2009",Drama,7.0,140,12000000.0,0.0,-12000000.0
Home,"Apr 23, 2009",Drama,7.0,140,500000.0,44793168.0,44293168.0
Avengers: Age of Ultron,"May 1, 2015",Action,7.3,665594,330600000.0,1403013963.0,1072413963.0
Avengers: Age of Ultron,"May 1, 2015",Adventure,7.3,665594,330600000.0,1403013963.0,1072413963.0
Avengers: Age of Ultron,"May 1, 2015",Sci-Fi,7.3,665594,330600000.0,1403013963.0,1072413963.0
The Homesman,"Nov 14, 2014",Drama,6.6,27724,16000000.0,8217571.0,-7782429.0
The Homesman,"Nov 14, 2014",Western,6.6,27724,16000000.0,8217571.0,-7782429.0
Smurfs: The Lost Village,"Apr 7, 2017",Adventure,6.0,15612,60000000.0,197578586.0,137578586.0
Smurfs: The Lost Village,"Apr 7, 2017",Animation,6.0,15612,60000000.0,197578586.0,137578586.0
Smurfs: The Lost Village,"Apr 7, 2017",Comedy,6.0,15612,60000000.0,197578586.0,137578586.0
They Came Together,"Jun 27, 2014",Comedy,5.5,19832,3000000.0,82780.0,-2917220.0
They Came Together,"Jun 27, 2014",Romance,5.5,19832,3000000.0,82780.0,-2917220.0
The Invitation,"Apr 8, 2016",Drama,6.7,70213,1000000.0,354836.0,-645164.0
The Invitation,"Apr 8, 2016",Horror,6.7,70213,1000000.0,354836.0,-645164.0
The Invitation,"Apr 8, 2016",Mystery,6.7,70213,1000000.0,354836.0,-645164.0
Anomalisa,"Dec 30, 2015",Animation,7.3,58010,8000000.0,5706168.0,-2293832.0
Anomalisa,"Dec 30, 2015",Comedy,7.3,58010,8000000.0,5706168.0,-2293832.0
Anomalisa,"Dec 30, 2015",Drama,7.3,58010,8000000.0,5706168.0,-2293832.0
Dom Hemingway,"Apr 2, 2014",Comedy,6.2,24557,7000000.0,1857458.0,-5142542.0
Dom Hemingway,"Apr 2, 2014",Crime,6.2,24557,7000000.0,1857458.0,-5142542.0
Dom Hemingway,"Apr 2, 2014",Drama,6.2,24557,7000000.0,1857458.0,-5142542.0
The November Man,"Aug 27, 2014",Action,6.3,59293,15000000.0,34820335.0,19820335.0
The November Man,"Aug 27, 2014",Crime,6.3,59293,15000000.0,34820335.0,19820335.0
The November Man,"Aug 27, 2014",Thriller,6.3,59293,15000000.0,34820335.0,19820335.0
Carol,"Nov 20, 2015",Drama,7.2,100680,11800000.0,42843521.0,31043521.0
Carol,"Nov 20, 2015",Romance,7.2,100680,11800000.0,42843521.0,31043521.0
The Green Inferno,"Sep 25, 2015",Adventure,5.3,33239,1000000.0,12931420.0,11931420.0
The Green Inferno,"Sep 25, 2015",Horror,5.3,33239,1000000.0,12931420.0,11931420.0
Desert Dancer,"Apr 10, 2015",Biography,6.2,1653,4000000.0,596335.0,-3403665.0
Desert Dancer,"Apr 10, 2015",Drama,6.2,1653,4000000.0,596335.0,-3403665.0
Desert Dancer,"Apr 10, 2015",Music,6.2,1653,4000000.0,596335.0,-3403665.0
Love in the Time of Monsters,"Feb 10, 2015",Comedy,5.5,183,500000.0,0.0,-500000.0
Love in the Time of Monsters,"Feb 10, 2015",Horror,5.5,183,500000.0,0.0,-500000.0
Aroused,"May 3, 2013",Documentary,5.3,596,150000.0,0.0,-150000.0
Gods of Egypt,"Feb 26, 2016",Action,5.4,95111,140000000.0,138836756.0,-1163244.0
Gods of Egypt,"Feb 26, 2016",Adventure,5.4,95111,140000000.0,138836756.0,-1163244.0
Gods of Egypt,"Feb 26, 2016",Fantasy,5.4,95111,140000000.0,138836756.0,-1163244.0
Lovesick,"Feb 18, 1983",Comedy,5.2,2540,10100000.0,10143618.0,43618.0
Lovesick,"Feb 18, 1983",Romance,5.2,2540,10100000.0,10143618.0,43618.0
The Family,"Sep 13, 2013",Comedy,6.3,102576,30000000.0,51078541.0,21078541.0
The Family,"Sep 13, 2013",Crime,6.3,102576,30000000.0,51078541.0,21078541.0
The Family,"Sep 13, 2013",Thriller,6.3,102576,30000000.0,51078541.0,21078541.0
Woman in Gold,"Apr 1, 2015",Biography,7.3,48501,11000000.0,58586407.0,47586407.0
Woman in Gold,"Apr 1, 2015",Drama,7.3,48501,11000000.0,58586407.0,47586407.0
Woman in Gold,"Apr 1, 2015",History,7.3,48501,11000000.0,58586407.0,47586407.0
The Magnificent Seven,"Sep 23, 2016",Action,6.9,168514,90000000.0,162525156.0,72525156.0
The Magnificent Seven,"Sep 23, 2016",Adventure,6.9,168514,90000000.0,162525156.0,72525156.0
The Magnificent Seven,"Sep 23, 2016",Western,6.9,168514,90000000.0,162525156.0,72525156.0
The Heat,"Jun 28, 2013",Action,6.6,153501,43000000.0,229727774.0,186727774.0
The Heat,"Jun 28, 2013",Comedy,6.6,153501,43000000.0,229727774.0,186727774.0
The Heat,"Jun 28, 2013",Crime,6.6,153501,43000000.0,229727774.0,186727774.0
Closure,"Mar 17, 2015",Adventure,8.0,150,100000.0,0.0,-100000.0
Closure,"Mar 17, 2015",Biography,8.0,150,100000.0,0.0,-100000.0
Closure,"Mar 17, 2015",Documentary,8.0,150,100000.0,0.0,-100000.0
Atomic Blonde,"Jul 28, 2017",Action,6.7,150407,30000000.0,98345423.0,68345423.0
Atomic Blonde,"Jul 28, 2017",Mystery,6.7,150407,30000000.0,98345423.0,68345423.0
Atomic Blonde,"Jul 28, 2017",Thriller,6.7,150407,30000000.0,98345423.0,68345423.0
Test,"Jun 6, 2014",Drama,6.2,1373,250000.0,18823.0,-231177.0
Killers,"Jun 4, 2010",Action,6.5,4472,75000000.0,95572749.0,20572749.0
Killers,"Jun 4, 2010",Crime,6.5,4472,75000000.0,95572749.0,20572749.0
Killers,"Jun 4, 2010",Drama,6.5,4472,75000000.0,95572749.0,20572749.0
The Perfect Wave,"Jul 11, 2014",Adventure,4.8,1015,4000000.0,0.0,-4000000.0
The Perfect Wave,"Jul 11, 2014",Biography,4.8,1015,4000000.0,0.0,-4000000.0
The Perfect Wave,"Jul 11, 2014",Drama,4.8,1015,4000000.0,0.0,-4000000.0
Gloria,"Jan 22, 1999",Comedy,6.8,7640,30000000.0,4967493.0,-25032507.0
Gloria,"Jan 22, 1999",Drama,6.8,7640,30000000.0,4967493.0,-25032507.0
Gloria,"Jan 22, 1999",Romance,6.8,7640,30000000.0,4967493.0,-25032507.0
Hero,"Oct 2, 1992",Action,3.8,200,42000000.0,66787173.0,24787173.0
Hero,"Oct 2, 1992",Drama,3.8,200,42000000.0,66787173.0,24787173.0
Hero,"Oct 2, 1992",Thriller,3.8,200,42000000.0,66787173.0,24787173.0
Philomena,"Nov 22, 2013",Biography,7.6,88704,12000000.0,98963392.0,86963392.0
Philomena,"Nov 22, 2013",Comedy,7.6,88704,12000000.0,98963392.0,86963392.0
Philomena,"Nov 22, 2013",Drama,7.6,88704,12000000.0,98963392.0,86963392.0
Project Almanac,"Jan 30, 2015",Drama,6.4,71500,12000000.0,32909437.0,20909437.0
Project Almanac,"Jan 30, 2015",Mystery,6.4,71500,12000000.0,32909437.0,20909437.0
Project Almanac,"Jan 30, 2015",Sci-Fi,6.4,71500,12000000.0,32909437.0,20909437.0
"Run, Hide, Die","Sep 1, 2015",Horror,3.5,162,50000.0,0.0,-50000.0
"Run, Hide, Die","Sep 1, 2015",Thriller,3.5,162,50000.0,0.0,-50000.0
The Boy,"Jan 22, 2016",Drama,5.4,4251,10000000.0,68220952.0,58220952.0
The Boy,"Jan 22, 2016",Horror,5.4,4251,10000000.0,68220952.0,58220952.0
The Boy,"Jan 22, 2016",Thriller,5.4,4251,10000000.0,68220952.0,58220952.0
Taken 3,"Jan 9, 2015",Action,6.0,165072,48000000.0,327656424.0,279656424.0
Taken 3,"Jan 9, 2015",Thriller,6.0,165072,48000000.0,327656424.0,279656424.0
Zombie Hunter,"Oct 8, 2013",Action,3.5,2372,1000000.0,0.0,-1000000.0
Zombie Hunter,"Oct 8, 2013",Comedy,3.5,2372,1000000.0,0.0,-1000000.0
Zombie Hunter,"Oct 8, 2013",Horror,3.5,2372,1000000.0,0.0,-1000000.0
Joy,"Dec 25, 2015",Drama,6.6,118086,60000000.0,101134059.0,41134059.0
The Peanuts Movie,"Nov 6, 2015",Adventure,7.1,39149,99000000.0,250091610.0,151091610.0
The Peanuts Movie,"Nov 6, 2015",Animation,7.1,39149,99000000.0,250091610.0,151091610.0
The Peanuts Movie,"Nov 6, 2015",Comedy,7.1,39149,99000000.0,250091610.0,151091610.0
And So It Goes,"Jul 25, 2014",Comedy,5.8,11597,18000000.0,17920013.0,-79987.0
And So It Goes,"Jul 25, 2014",Drama,5.8,11597,18000000.0,17920013.0,-79987.0
And So It Goes,"Jul 25, 2014",Romance,5.8,11597,18000000.0,17920013.0,-79987.0
Left Behind,"Feb 2, 2001",Action,3.1,33515,18500000.0,4221341.0,-14278659.0
Left Behind,"Oct 3, 2014",Action,3.1,33515,16000000.0,20769209.0,4769209.0
Left Behind,"Feb 2, 2001",Drama,3.1,33515,18500000.0,4221341.0,-14278659.0
Left Behind,"Oct 3, 2014",Drama,3.1,33515,16000000.0,20769209.0,4769209.0
Left Behind,"Feb 2, 2001",Fantasy,3.1,33515,18500000.0,4221341.0,-14278659.0
Left Behind,"Oct 3, 2014",Fantasy,3.1,33515,16000000.0,20769209.0,4769209.0
Paranormal Activity: The Ghost Dimension,"Oct 23, 2015",Horror,4.6,22361,10000000.0,77959374.0,67959374.0
Paranormal Activity: The Ghost Dimension,"Oct 23, 2015",Mystery,4.6,22361,10000000.0,77959374.0,67959374.0
Paranormal Activity: The Ghost Dimension,"Oct 23, 2015",Thriller,4.6,22361,10000000.0,77959374.0,67959374.0
Get on Up,"Aug 1, 2014",Biography,6.9,19024,30000000.0,33339868.0,3339868.0
Get on Up,"Aug 1, 2014",Drama,6.9,19024,30000000.0,33339868.0,3339868.0
Get on Up,"Aug 1, 2014",Music,6.9,19024,30000000.0,33339868.0,3339868.0
Paranormal Activity: The Marked Ones,"Jan 3, 2014",Horror,5.0,37147,5000000.0,90904854.0,85904854.0
Paranormal Activity: The Marked Ones,"Jan 3, 2014",Mystery,5.0,37147,5000000.0,90904854.0,85904854.0
Paranormal Activity: The Marked Ones,"Jan 3, 2014",Thriller,5.0,37147,5000000.0,90904854.0,85904854.0
Mr. Turner,"Dec 19, 2014",Biography,6.8,22661,14000000.0,25187026.0,11187026.0
Mr. Turner,"Dec 19, 2014",Drama,6.8,22661,14000000.0,25187026.0,11187026.0
Mr. Turner,"Dec 19, 2014",History,6.8,22661,14000000.0,25187026.0,11187026.0
The Last Five Years,"Feb 13, 2015",Comedy,5.9,8735,2000000.0,205298.0,-1794702.0
The Last Five Years,"Feb 13, 2015",Drama,5.9,8735,2000000.0,205298.0,-1794702.0
The Last Five Years,"Feb 13, 2015",Musical,5.9,8735,2000000.0,205298.0,-1794702.0
The Ridiculous 6,"Dec 11, 2015",Comedy,4.8,38694,60000000.0,0.0,-60000000.0
The Ridiculous 6,"Dec 11, 2015",Western,4.8,38694,60000000.0,0.0,-60000000.0
Palo Alto,"May 9, 2014",Drama,6.2,25402,1000000.0,1156309.0,156309.0
The Square,"Apr 9, 2010",Documentary,8.1,7998,1900000.0,740932.0,-1159068.0
The Square,"Oct 25, 2013",Documentary,8.1,7998,1500000.0,176262.0,-1323738.0
The Square,"Apr 9, 2010",Drama,8.1,7998,1900000.0,740932.0,-1159068.0
The Square,"Oct 25, 2013",Drama,8.1,7998,1500000.0,176262.0,-1323738.0
The Square,"Apr 9, 2010",History,8.1,7998,1900000.0,740932.0,-1159068.0
The Square,"Oct 25, 2013",History,8.1,7998,1500000.0,176262.0,-1323738.0
Bone Tomahawk,"Oct 23, 2015",Adventure,7.1,70298,2000000.0,475846.0,-1524154.0
Bone Tomahawk,"Oct 23, 2015",Drama,7.1,70298,2000000.0,475846.0,-1524154.0
Bone Tomahawk,"Oct 23, 2015",Horror,7.1,70298,2000000.0,475846.0,-1524154.0
Aloft,"May 22, 2015",Drama,5.3,3001,8000000.0,237688.0,-7762312.0
Loving,"Nov 4, 2016",Drama,7.1,257,9000000.0,12898064.0,3898064.0
Loving,"Nov 4, 2016",Romance,7.1,257,9000000.0,12898064.0,3898064.0
Nerve,"Jul 27, 2016",Drama,4.6,118,20000000.0,70652284.0,50652284.0
Nerve,"Jul 27, 2016",Mystery,4.6,118,20000000.0,70652284.0,50652284.0
Nerve,"Jul 27, 2016",Thriller,4.6,118,20000000.0,70652284.0,50652284.0
Ten,"Apr 21, 2015",Adventure,5.4,623,25000.0,0.0,-25000.0
Ten,"Apr 21, 2015",Horror,5.4,623,25000.0,0.0,-25000.0
Ten,"Apr 21, 2015",Mystery,5.4,623,25000.0,0.0,-25000.0
Speak No Evil,"Dec 31, 2013",Horror,3.6,534,150000.0,32927.0,-117073.0
Burnt,"Oct 30, 2015",Comedy,6.6,95988,20000000.0,36773510.0,16773510.0
Burnt,"Oct 30, 2015",Drama,6.6,95988,20000000.0,36773510.0,16773510.0
Broken Horses,"Sep 1, 2015",Action,5.7,1957,15000000.0,3471.0,-14996529.0
Broken Horses,"Sep 1, 2015",Crime,5.7,1957,15000000.0,3471.0,-14996529.0
Broken Horses,"Sep 1, 2015",Drama,5.7,1957,15000000.0,3471.0,-14996529.0
Wolf,"Jun 17, 1994",Crime,7.3,3245,70000000.0,131011757.0,61011757.0
Wolf,"Jun 17, 1994",Drama,7.3,3245,70000000.0,131011757.0,61011757.0
Wolf,"Jun 17, 1994",Thriller,7.3,3245,70000000.0,131011757.0,61011757.0
Ask Me Anything,"Mar 3, 2015",Drama,6.1,10680,950000.0,0.0,-950000.0
Frontera,"Sep 5, 2014",Drama,6.6,6861,2300000.0,59696.0,-2240304.0
Frontera,"Sep 5, 2014",Thriller,6.6,6861,2300000.0,59696.0,-2240304.0
Frontera,"Sep 5, 2014",Western,6.6,6861,2300000.0,59696.0,-2240304.0
Hotel Transylvania 2,"Sep 25, 2015",Animation,6.7,92905,80000000.0,469500298.0,389500298.0
Hotel Transylvania 2,"Sep 25, 2015",Comedy,6.7,92905,80000000.0,469500298.0,389500298.0
Hotel Transylvania 2,"Sep 25, 2015",Family,6.7,92905,80000000.0,469500298.0,389500298.0
Escobar: Paradise Lost,"Jun 26, 2015",Crime,6.5,19419,17000000.0,3917679.0,-13082321.0
Escobar: Paradise Lost,"Jun 26, 2015",Drama,6.5,19419,17000000.0,3917679.0,-13082321.0
Escobar: Paradise Lost,"Jun 26, 2015",History,6.5,19419,17000000.0,3917679.0,-13082321.0
The Gunman,"Mar 20, 2015",Action,5.8,36053,40000000.0,18594227.0,-21405773.0
The Gunman,"Mar 20, 2015",Crime,5.8,36053,40000000.0,18594227.0,-21405773.0
The Gunman,"Mar 20, 2015",Drama,5.8,36053,40000000.0,18594227.0,-21405773.0
Benji,"Nov 15, 1974",Documentary,7.4,101,500000.0,31559560.0,31059560.0
Benji,"Nov 15, 1974",Sport,7.4,101,500000.0,31559560.0,31059560.0
Shutter,"Mar 21, 2008",Thriller,7.7,943,8000000.0,47782426.0,39782426.0
Blockers,"Apr 6, 2018",Comedy,6.2,57142,21000000.0,94045328.0,73045328.0
Arrival,"Nov 11, 2016",Drama,7.9,515483,47000000.0,203127894.0,156127894.0
Arrival,"Nov 11, 2016",Mystery,7.9,515483,47000000.0,203127894.0,156127894.0
Arrival,"Nov 11, 2016",Sci-Fi,7.9,515483,47000000.0,203127894.0,156127894.0
Wonder,"Nov 17, 2017",Drama,8.0,111632,20000000.0,304604712.0,284604712.0
Wonder,"Nov 17, 2017",Family,8.0,111632,20000000.0,304604712.0,284604712.0
Admiral,"Dec 31, 2008",Action,7.0,7978,20000000.0,38585047.0,18585047.0
Admiral,"Dec 31, 2008",Adventure,7.0,7978,20000000.0,38585047.0,18585047.0
Admiral,"Dec 31, 2008",Biography,7.0,7978,20000000.0,38585047.0,18585047.0
Home,"Mar 27, 2015",Drama,3.9,303,130000000.0,385997896.0,255997896.0
Home,"Jun 5, 2009",Drama,3.9,303,12000000.0,0.0,-12000000.0
Home,"Apr 23, 2009",Drama,3.9,303,500000.0,44793168.0,44293168.0
Home,"Mar 27, 2015",Horror,3.9,303,130000000.0,385997896.0,255997896.0
Home,"Jun 5, 2009",Horror,3.9,303,12000000.0,0.0,-12000000.0
Home,"Apr 23, 2009",Horror,3.9,303,500000.0,44793168.0,44293168.0
Home,"Mar 27, 2015",Thriller,3.9,303,130000000.0,385997896.0,255997896.0
Home,"Jun 5, 2009",Thriller,3.9,303,12000000.0,0.0,-12000000.0
Home,"Apr 23, 2009",Thriller,3.9,303,500000.0,44793168.0,44293168.0
The Light Between Oceans,"Sep 2, 2016",Drama,7.2,46247,20000000.0,22281732.0,2281732.0
The Light Between Oceans,"Sep 2, 2016",Romance,7.2,46247,20000000.0,22281732.0,2281732.0
The Queen,"Sep 30, 2006",Action,6.7,127,15000000.0,128885873.0,113885873.0
The Queen,"Sep 30, 2006",Drama,6.7,127,15000000.0,128885873.0,113885873.0
The Queen,"Sep 30, 2006",War,6.7,127,15000000.0,128885873.0,113885873.0
Control,"Oct 10, 2007",Crime,6.3,218,6400000.0,8902141.0,2502141.0
Control,"Oct 10, 2007",Mystery,6.3,218,6400000.0,8902141.0,2502141.0
Control,"Oct 10, 2007",Sci-Fi,6.3,218,6400000.0,8902141.0,2502141.0
"Cinco de Mayo, La Batalla","May 3, 2013",Drama,6.2,799,10000000.0,173472.0,-9826528.0
"Cinco de Mayo, La Batalla","May 3, 2013",History,6.2,799,10000000.0,173472.0,-9826528.0
"Cinco de Mayo, La Batalla","May 3, 2013",War,6.2,799,10000000.0,173472.0,-9826528.0
Crimson Peak,"Oct 16, 2015",Drama,6.5,119287,55000000.0,74966854.0,19966854.0
Crimson Peak,"Oct 16, 2015",Fantasy,6.5,119287,55000000.0,74966854.0,19966854.0
Crimson Peak,"Oct 16, 2015",Horror,6.5,119287,55000000.0,74966854.0,19966854.0
The Second Best Exotic Marigold Hotel,"Mar 6, 2015",Comedy,6.6,28931,10000000.0,90384306.0,80384306.0
The Second Best Exotic Marigold Hotel,"Mar 6, 2015",Drama,6.6,28931,10000000.0,90384306.0,80384306.0
Plastic,"Sep 26, 2014",Action,6.0,7234,10000000.0,575371.0,-9424629.0
Plastic,"Sep 26, 2014",Comedy,6.0,7234,10000000.0,575371.0,-9424629.0
Plastic,"Sep 26, 2014",Crime,6.0,7234,10000000.0,575371.0,-9424629.0
Pacific Rim: Uprising,"Mar 23, 2018",Action,5.6,89462,155000000.0,290930148.0,135930148.0
Pacific Rim: Uprising,"Mar 23, 2018",Adventure,5.6,89462,155000000.0,290930148.0,135930148.0
Pacific Rim: Uprising,"Mar 23, 2018",Sci-Fi,5.6,89462,155000000.0,290930148.0,135930148.0
Get Hard,"Mar 27, 2015",Comedy,6.0,111187,40000000.0,106511453.0,66511453.0
Get Hard,"Mar 27, 2015",Crime,6.0,111187,40000000.0,106511453.0,66511453.0
Birdman or (The Unexpected Virtue of Ignorance),"Oct 17, 2014",Comedy,7.7,519417,18000000.0,103215094.0,85215094.0
Birdman or (The Unexpected Virtue of Ignorance),"Oct 17, 2014",Drama,7.7,519417,18000000.0,103215094.0,85215094.0
Alice Through the Looking Glass,"May 27, 2016",Adventure,6.2,79951,170000000.0,276928112.0,106928112.0
Alice Through the Looking Glass,"May 27, 2016",Family,6.2,79951,170000000.0,276928112.0,106928112.0
Alice Through the Looking Glass,"May 27, 2016",Fantasy,6.2,79951,170000000.0,276928112.0,106928112.0
Going in Style,"Apr 7, 2017",Comedy,6.6,66418,24000000.0,78672579.0,54672579.0
Going in Style,"Apr 7, 2017",Crime,6.6,66418,24000000.0,78672579.0,54672579.0
Julia,"May 8, 2009",Horror,4.6,1523,6000000.0,1365108.0,-4634892.0
Julia,"May 8, 2009",Thriller,4.6,1523,6000000.0,1365108.0,-4634892.0
Me and Earl and the Dying Girl,"Jun 12, 2015",Comedy,7.8,112627,8000000.0,9266180.0,1266180.0
Me and Earl and the Dying Girl,"Jun 12, 2015",Drama,7.8,112627,8000000.0,9266180.0,1266180.0
Me and Earl and the Dying Girl,"Jun 12, 2015",Romance,7.8,112627,8000000.0,9266180.0,1266180.0
Shut In,"Nov 11, 2016",Drama,4.7,11030,10000000.0,11360665.0,1360665.0
Shut In,"Nov 11, 2016",Mystery,4.7,11030,10000000.0,11360665.0,1360665.0
Shut In,"Nov 11, 2016",Thriller,4.7,11030,10000000.0,11360665.0,1360665.0
Hell or High Water,"Aug 12, 2016",Action,7.6,176469,12000000.0,37584304.0,25584304.0
Hell or High Water,"Aug 12, 2016",Crime,7.6,176469,12000000.0,37584304.0,25584304.0
Hell or High Water,"Aug 12, 2016",Drama,7.6,176469,12000000.0,37584304.0,25584304.0
Whiplash,"Oct 10, 2014",Drama,8.5,616916,3300000.0,38969037.0,35669037.0
Whiplash,"Oct 10, 2014",Music,8.5,616916,3300000.0,38969037.0,35669037.0
The Fault in Our Stars,"Jun 6, 2014",Drama,7.7,315135,12000000.0,307166834.0,295166834.0
The Fault in Our Stars,"Jun 6, 2014",Romance,7.7,315135,12000000.0,307166834.0,295166834.0
Freedom,"Jun 5, 2015",Drama,6.2,1371,14500000.0,872757.0,-13627243.0
Freedom,"Jun 5, 2015",Music,6.2,1371,14500000.0,872757.0,-13627243.0
Resident Evil: The Final Chapter,"Jan 27, 2017",Action,5.6,74979,40000000.0,314101190.0,274101190.0
Resident Evil: The Final Chapter,"Jan 27, 2017",Horror,5.6,74979,40000000.0,314101190.0,274101190.0
Resident Evil: The Final Chapter,"Jan 27, 2017",Sci-Fi,5.6,74979,40000000.0,314101190.0,274101190.0
Kevin Hart: Let Me Explain,"Jul 3, 2013",Comedy,6.8,7880,2500000.0,32327255.0,29827255.0
Kevin Hart: Let Me Explain,"Jul 3, 2013",Documentary,6.8,7880,2500000.0,32327255.0,29827255.0
Gloria,"Jan 22, 1999",Biography,6.5,975,30000000.0,4967493.0,-25032507.0
Gloria,"Jan 22, 1999",Drama,6.5,975,30000000.0,4967493.0,-25032507.0
Gloria,"Jan 22, 1999",Music,6.5,975,30000000.0,4967493.0,-25032507.0
Bleeding Hearts,"Feb 3, 2015",Horror,3.4,123,1200000.0,0.0,-1200000.0
Pump,"Sep 19, 2014",Documentary,7.7,608,2000000.0,72277.0,-1927723.0
Baahubali: The Beginning,"Jul 10, 2015",Action,8.1,93243,40000000.0,26736665.0,-13263335.0
Baahubali: The Beginning,"Jul 10, 2015",Drama,8.1,93243,40000000.0,26736665.0,-13263335.0
Ted 2,"Jun 26, 2015",Comedy,6.3,165843,68000000.0,217214143.0,149214143.0
Hot Tub Time Machine 2,"Feb 20, 2015",Comedy,5.1,34444,14000000.0,12826644.0,-1173356.0
Hot Tub Time Machine 2,"Feb 20, 2015",Mystery,5.1,34444,14000000.0,12826644.0,-1173356.0
Hot Tub Time Machine 2,"Feb 20, 2015",Sci-Fi,5.1,34444,14000000.0,12826644.0,-1173356.0
Ben-Hur,"Aug 19, 2016",Action,5.7,37975,95000000.0,91669648.0,-3330352.0
Ben-Hur,"Nov 18, 1959",Action,5.7,37975,15000000.0,73259017.0,58259017.0
Ben-Hur,"Aug 19, 2016",Adventure,5.7,37975,95000000.0,91669648.0,-3330352.0
Ben-Hur,"Nov 18, 1959",Adventure,5.7,37975,15000000.0,73259017.0,58259017.0
Ben-Hur,"Aug 19, 2016",Drama,5.7,37975,95000000.0,91669648.0,-3330352.0
Ben-Hur,"Nov 18, 1959",Drama,5.7,37975,15000000.0,73259017.0,58259017.0
Independence Daysaster,"Dec 31, 2013",Action,3.4,974,1800000.0,0.0,-1800000.0
Independence Daysaster,"Dec 31, 2013",Adventure,3.4,974,1800000.0,0.0,-1800000.0
Independence Daysaster,"Dec 31, 2013",Sci-Fi,3.4,974,1800000.0,0.0,-1800000.0
Midnight Special,"Mar 18, 2016",Action,6.6,67921,18000000.0,7680250.0,-10319750.0
Midnight Special,"Mar 18, 2016",Drama,6.6,67921,18000000.0,7680250.0,-10319750.0
Midnight Special,"Mar 18, 2016",Mystery,6.6,67921,18000000.0,7680250.0,-10319750.0
Deceptive Practice: The Mysteries and Mentors of Ricky Jay,"Apr 17, 2013",Documentary,7.1,882,500000.0,152449.0,-347551.0
Bang Bang Baby,"Dec 31, 2014",Drama,5.0,469,1000000.0,0.0,-1000000.0
Bang Bang Baby,"Dec 31, 2014",Fantasy,5.0,469,1000000.0,0.0,-1000000.0
Bang Bang Baby,"Dec 31, 2014",Musical,5.0,469,1000000.0,0.0,-1000000.0
Commando,"Oct 4, 1985",Action,6.1,3839,10000000.0,35073978.0,25073978.0
Commando,"Oct 4, 1985",Thriller,6.1,3839,10000000.0,35073978.0,25073978.0
Split,"Jan 20, 2017",Comedy,2.9,557,5000000.0,278964806.0,273964806.0
Split,"Jan 20, 2017",Romance,2.9,557,5000000.0,278964806.0,273964806.0
Split,"Jan 20, 2017",Sport,2.9,557,5000000.0,278964806.0,273964806.0
Star Trek Beyond,"Jul 22, 2016",Action,7.1,209844,185000000.0,335802233.0,150802233.0
Star Trek Beyond,"Jul 22, 2016",Adventure,7.1,209844,185000000.0,335802233.0,150802233.0
Star Trek Beyond,"Jul 22, 2016",Sci-Fi,7.1,209844,185000000.0,335802233.0,150802233.0
Miss Julie,"May 5, 2015",Drama,5.5,4598,5500000.0,863895.0,-4636105.0
Miss Julie,"May 5, 2015",Romance,5.5,4598,5500000.0,863895.0,-4636105.0
Bambi,"Aug 13, 1942",Biography,7.0,101,858000.0,268000000.0,267142000.0
Bambi,"Aug 13, 1942",Documentary,7.0,101,858000.0,268000000.0,267142000.0
Youth,"Dec 4, 2015",Drama,6.1,327,13000000.0,24001573.0,11001573.0
Fences,"Dec 16, 2016",Drama,7.2,86749,24000000.0,64282881.0,40282881.0
Me Before You,"Jun 3, 2016",Drama,7.4,174567,20000000.0,208265198.0,188265198.0
Me Before You,"Jun 3, 2016",Romance,7.4,174567,20000000.0,208265198.0,188265198.0
Churchill,"Jun 2, 2017",Biography,6.3,12047,10000000.0,7582196.0,-2417804.0
Churchill,"Jun 2, 2017",Drama,6.3,12047,10000000.0,7582196.0,-2417804.0
Churchill,"Jun 2, 2017",History,6.3,12047,10000000.0,7582196.0,-2417804.0
Hitman: Agent 47,"Aug 21, 2015",Action,5.7,80510,35000000.0,82182803.0,47182803.0
Hitman: Agent 47,"Aug 21, 2015",Adventure,5.7,80510,35000000.0,82182803.0,47182803.0
Hitman: Agent 47,"Aug 21, 2015",Crime,5.7,80510,35000000.0,82182803.0,47182803.0
The D Train,"May 8, 2015",Comedy,5.0,10066,3000000.0,772366.0,-2227634.0
The D Train,"May 8, 2015",Drama,5.0,10066,3000000.0,772366.0,-2227634.0
Shooting the Warwicks,"Dec 31, 2015",Comedy,6.1,115,250000.0,0.0,-250000.0
Shooting the Warwicks,"Dec 31, 2015",Drama,6.1,115,250000.0,0.0,-250000.0
Night at the Museum: Secret of the Tomb,"Dec 19, 2014",Adventure,6.2,93103,127000000.0,353756621.0,226756621.0
Night at the Museum: Secret of the Tomb,"Dec 19, 2014",Comedy,6.2,93103,127000000.0,353756621.0,226756621.0
Night at the Museum: Secret of the Tomb,"Dec 19, 2014",Family,6.2,93103,127000000.0,353756621.0,226756621.0
Locke,"Apr 25, 2014",Drama,7.1,120703,2000000.0,2088390.0,88390.0
Amnesiac,"Aug 14, 2015",Drama,2.3,104,3000000.0,0.0,-3000000.0
Amnesiac,"Aug 14, 2015",Horror,2.3,104,3000000.0,0.0,-3000000.0
Amnesiac,"Aug 14, 2015",Thriller,2.3,104,3000000.0,0.0,-3000000.0
The Debt,"Aug 31, 2011",Drama,6.1,624,20000000.0,46604054.0,26604054.0
The Debt,"Aug 31, 2011",Mystery,6.1,624,20000000.0,46604054.0,26604054.0
The Debt,"Aug 31, 2011",Thriller,6.1,624,20000000.0,46604054.0,26604054.0
Forsaken,"Feb 19, 2016",Adventure,3.1,129,18000000.0,0.0,-18000000.0
Forsaken,"Feb 19, 2016",Drama,3.1,129,18000000.0,0.0,-18000000.0
Forsaken,"Feb 19, 2016",Sci-Fi,3.1,129,18000000.0,0.0,-18000000.0
Kingdom Come,"Apr 11, 2001",Horror,4.4,1098,7000000.0,23393939.0,16393939.0
The Boss,"Apr 8, 2016",Comedy,5.4,39096,29000000.0,78652207.0,49652207.0
Above and Beyond,"Jan 30, 2015",Adventure,7.7,506,1300000.0,288751.0,-1011249.0
Above and Beyond,"Jan 30, 2015",Documentary,7.7,506,1300000.0,288751.0,-1011249.0
Above and Beyond,"Jan 30, 2015",History,7.7,506,1300000.0,288751.0,-1011249.0
Game Night,"Feb 23, 2018",Action,7.0,163279,37000000.0,117378084.0,80378084.0
Game Night,"Feb 23, 2018",Comedy,7.0,163279,37000000.0,117378084.0,80378084.0
Game Night,"Feb 23, 2018",Crime,7.0,163279,37000000.0,117378084.0,80378084.0
Us,"Mar 22, 2019",Drama,5.3,814,20000000.0,254210310.0,234210310.0
The Secret Life of Pets,"Jul 8, 2016",Adventure,6.5,161997,75000000.0,886750534.0,811750534.0
The Secret Life of Pets,"Jul 8, 2016",Animation,6.5,161997,75000000.0,886750534.0,811750534.0
The Secret Life of Pets,"Jul 8, 2016",Comedy,6.5,161997,75000000.0,886750534.0,811750534.0
Fury,"Oct 17, 2014",Action,7.6,381993,80000000.0,210315681.0,130315681.0
Fury,"Oct 17, 2014",Drama,7.6,381993,80000000.0,210315681.0,130315681.0
Fury,"Oct 17, 2014",War,7.6,381993,80000000.0,210315681.0,130315681.0
Blackhat,"Jan 16, 2015",Action,5.4,48427,70000000.0,19665004.0,-50334996.0
Blackhat,"Jan 16, 2015",Crime,5.4,48427,70000000.0,19665004.0,-50334996.0
Blackhat,"Jan 16, 2015",Thriller,5.4,48427,70000000.0,19665004.0,-50334996.0
Ida,"May 2, 2014",Drama,7.4,46819,2600000.0,15298355.0,12698355.0
Everest,"Sep 18, 2015",Action,7.1,181133,65000000.0,221297061.0,156297061.0
Everest,"Sep 18, 2015",Adventure,7.1,181133,65000000.0,221297061.0,156297061.0
Everest,"Sep 18, 2015",Biography,7.1,181133,65000000.0,221297061.0,156297061.0
Birth of the Dragon,"Aug 25, 2017",Action,5.4,6090,31000000.0,7220490.0,-23779510.0
Birth of the Dragon,"Aug 25, 2017",Biography,5.4,6090,31000000.0,7220490.0,-23779510.0
Birth of the Dragon,"Aug 25, 2017",Drama,5.4,6090,31000000.0,7220490.0,-23779510.0
Jungle Shuffle,"Mar 10, 2015",Adventure,4.8,223,10000000.0,360898.0,-9639102.0
Jungle Shuffle,"Mar 10, 2015",Animation,4.8,223,10000000.0,360898.0,-9639102.0
The Sleepwalker,"Nov 21, 2014",Drama,4.9,632,1100000.0,2636.0,-1097364.0
The Longest Ride,"Apr 10, 2015",Drama,7.1,70327,34000000.0,63802928.0,29802928.0
The Longest Ride,"Apr 10, 2015",Romance,7.1,70327,34000000.0,63802928.0,29802928.0
Bird Box,"Dec 13, 2018",Drama,6.6,218063,19800000.0,0.0,-19800000.0
Bird Box,"Dec 13, 2018",Horror,6.6,218063,19800000.0,0.0,-19800000.0
Bird Box,"Dec 13, 2018",Sci-Fi,6.6,218063,19800000.0,0.0,-19800000.0
The Christmas Candle,"Nov 15, 2013",Drama,6.2,1538,7000000.0,1933829.0,-5066171.0
The Christmas Candle,"Nov 15, 2013",Family,6.2,1538,7000000.0,1933829.0,-5066171.0
Out of the Blue,"Oct 19, 2007",Comedy,6.2,760,4600000.0,731767.0,-3868233.0
Out of the Blue,"Oct 19, 2007",Drama,6.2,760,4600000.0,731767.0,-3868233.0
Rosewater,"Nov 14, 2014",Biography,6.6,9836,10000000.0,3185717.0,-6814283.0
Rosewater,"Nov 14, 2014",Drama,6.6,9836,10000000.0,3185717.0,-6814283.0
Devil's Due,"Jan 17, 2014",Horror,4.1,15502,7000000.0,36146087.0,29146087.0
Devil's Due,"Jan 17, 2014",Mystery,4.1,15502,7000000.0,36146087.0,29146087.0
Devil's Due,"Jan 17, 2014",Thriller,4.1,15502,7000000.0,36146087.0,29146087.0
Sinister 2,"Aug 21, 2015",Horror,5.3,41782,10000000.0,54104225.0,44104225.0
Sinister 2,"Aug 21, 2015",Mystery,5.3,41782,10000000.0,54104225.0,44104225.0
Sinister 2,"Aug 21, 2015",Thriller,5.3,41782,10000000.0,54104225.0,44104225.0
Truth or Dare,"Apr 13, 2018",Horror,4.8,554,3500000.0,95127344.0,91627344.0
Truth or Dare,"Apr 13, 2018",Thriller,4.8,554,3500000.0,95127344.0,91627344.0
Faith Connections,"Sep 12, 2014",Biography,7.1,149,550000.0,9111.0,-540889.0
Faith Connections,"Sep 12, 2014",Documentary,7.1,149,550000.0,9111.0,-540889.0
Faith Connections,"Sep 12, 2014",Drama,7.1,149,550000.0,9111.0,-540889.0
Beauty and the Beast,"Mar 17, 2017",Family,7.2,238325,160000000.0,1259199706.0,1099199706.0
Beauty and the Beast,"Nov 13, 1991",Family,7.2,238325,20000000.0,608431132.0,588431132.0
Beauty and the Beast,"Mar 17, 2017",Fantasy,7.2,238325,160000000.0,1259199706.0,1099199706.0
Beauty and the Beast,"Nov 13, 1991",Fantasy,7.2,238325,20000000.0,608431132.0,588431132.0
Beauty and the Beast,"Mar 17, 2017",Musical,7.2,238325,160000000.0,1259199706.0,1099199706.0
Beauty and the Beast,"Nov 13, 1991",Musical,7.2,238325,20000000.0,608431132.0,588431132.0
Veronica Mars,"Mar 14, 2014",Crime,6.8,46751,6000000.0,3485383.0,-2514617.0
Veronica Mars,"Mar 14, 2014",Drama,6.8,46751,6000000.0,3485383.0,-2514617.0
Veronica Mars,"Mar 14, 2014",Mystery,6.8,46751,6000000.0,3485383.0,-2514617.0
Thank You for Your Service,"Oct 27, 2017",Biography,6.5,10006,20000000.0,9985316.0,-10014684.0
Thank You for Your Service,"Oct 27, 2017",Drama,6.5,10006,20000000.0,9985316.0,-10014684.0
Thank You for Your Service,"Oct 27, 2017",War,6.5,10006,20000000.0,9985316.0,-10014684.0
Top Five,"Dec 12, 2014",Comedy,6.4,24744,12000000.0,26001741.0,14001741.0
Top Five,"Dec 12, 2014",Romance,6.4,24744,12000000.0,26001741.0,14001741.0
Amen,"Jan 24, 2003",Drama,7.8,2446,14000000.0,274299.0,-13725701.0
Amen,"Jan 24, 2003",Musical,7.8,2446,14000000.0,274299.0,-13725701.0
Amen,"Jan 24, 2003",Romance,7.8,2446,14000000.0,274299.0,-13725701.0
The Interview,"Feb 6, 2014",Comedy,6.5,286341,44000000.0,12342632.0,-31657368.0
The Opposite Sex,"Jan 20, 2015",Comedy,4.6,821,3300000.0,50206.0,-3249794.0
Annihilation,"Feb 23, 2018",Adventure,6.9,228664,55000000.0,43070915.0,-11929085.0
Annihilation,"Feb 23, 2018",Drama,6.9,228664,55000000.0,43070915.0,-11929085.0
Annihilation,"Feb 23, 2018",Horror,6.9,228664,55000000.0,43070915.0,-11929085.0
Atlas Shrugged: Who Is John Galt?,"Sep 12, 2014",Drama,4.4,2661,5000000.0,851690.0,-4148310.0
Atlas Shrugged: Who Is John Galt?,"Sep 12, 2014",Mystery,4.4,2661,5000000.0,851690.0,-4148310.0
Atlas Shrugged: Who Is John Galt?,"Sep 12, 2014",Sci-Fi,4.4,2661,5000000.0,851690.0,-4148310.0
Hawaii,"Oct 10, 1966",Drama,7.3,3753,15000000.0,34562222.0,19562222.0
Hawaii,"Oct 10, 1966",Romance,7.3,3753,15000000.0,34562222.0,19562222.0
Kingsman: The Secret Service,"Feb 13, 2015",Action,7.7,544510,94000000.0,404561724.0,310561724.0
Kingsman: The Secret Service,"Feb 13, 2015",Adventure,7.7,544510,94000000.0,404561724.0,310561724.0
Kingsman: The Secret Service,"Feb 13, 2015",Comedy,7.7,544510,94000000.0,404561724.0,310561724.0
Doomsday,"Mar 14, 2008",Action,3.8,146,33000000.0,21621188.0,-11378812.0
Doomsday,"Mar 14, 2008",Sci-Fi,3.8,146,33000000.0,21621188.0,-11378812.0
United Passions,"Jun 5, 2015",Drama,2.1,3878,30000000.0,168832.0,-29831168.0
United Passions,"Jun 5, 2015",History,2.1,3878,30000000.0,168832.0,-29831168.0
United Passions,"Jun 5, 2015",Sport,2.1,3878,30000000.0,168832.0,-29831168.0
Furious 7,"Apr 3, 2015",Action,7.2,335074,190000000.0,1518722794.0,1328722794.0
Furious 7,"Apr 3, 2015",Crime,7.2,335074,190000000.0,1518722794.0,1328722794.0
Furious 7,"Apr 3, 2015",Thriller,7.2,335074,190000000.0,1518722794.0,1328722794.0
Rock Dog,"Feb 24, 2017",Adventure,5.9,3991,60000000.0,24148488.0,-35851512.0
Rock Dog,"Feb 24, 2017",Animation,5.9,3991,60000000.0,24148488.0,-35851512.0
Rock Dog,"Feb 24, 2017",Comedy,5.9,3991,60000000.0,24148488.0,-35851512.0
Mike and Dave Need Wedding Dates,"Jul 8, 2016",Adventure,6.0,74849,33000000.0,75898100.0,42898100.0
Mike and Dave Need Wedding Dates,"Jul 8, 2016",Comedy,6.0,74849,33000000.0,75898100.0,42898100.0
Mike and Dave Need Wedding Dates,"Jul 8, 2016",Romance,6.0,74849,33000000.0,75898100.0,42898100.0
A Haunted House 2,"Apr 18, 2014",Comedy,4.7,18085,4000000.0,21206861.0,17206861.0
A Haunted House 2,"Apr 18, 2014",Fantasy,4.7,18085,4000000.0,21206861.0,17206861.0
Rebound,"Jul 1, 2005",Horror,4.2,259,45000000.0,17492014.0,-27507986.0
Rebound,"Jul 1, 2005",Mystery,4.2,259,45000000.0,17492014.0,-27507986.0
Rebound,"Jul 1, 2005",Thriller,4.2,259,45000000.0,17492014.0,-27507986.0
Amnesiac,"Aug 14, 2015",Drama,4.3,3129,3000000.0,0.0,-3000000.0
Amnesiac,"Aug 14, 2015",Horror,4.3,3129,3000000.0,0.0,-3000000.0
Amnesiac,"Aug 14, 2015",Mystery,4.3,3129,3000000.0,0.0,-3000000.0
Pitch Perfect 2,"May 15, 2015",Comedy,6.4,130692,29000000.0,287625468.0,258625468.0
Pitch Perfect 2,"May 15, 2015",Music,6.4,130692,29000000.0,287625468.0,258625468.0
Heli,"Dec 31, 2013",Crime,6.8,4379,1000000.0,552614.0,-447386.0
Heli,"Dec 31, 2013",Drama,6.8,4379,1000000.0,552614.0,-447386.0
Heli,"Dec 31, 2013",Romance,6.8,4379,1000000.0,552614.0,-447386.0
Tag,"Jun 15, 2018",Comedy,6.5,85186,28000000.0,77026186.0,49026186.0
Tiger Orange,"Jul 7, 2015",Drama,6.6,1053,100000.0,0.0,-100000.0
Ride Along 2,"Jan 15, 2016",Action,5.9,48688,40000000.0,124827316.0,84827316.0
Ride Along 2,"Jan 15, 2016",Comedy,5.9,48688,40000000.0,124827316.0,84827316.0
Ride Along 2,"Jan 15, 2016",Crime,5.9,48688,40000000.0,124827316.0,84827316.0
"As Above, So Below","Aug 29, 2014",Adventure,6.2,66892,5000000.0,41824066.0,36824066.0
"As Above, So Below","Aug 29, 2014",Horror,6.2,66892,5000000.0,41824066.0,36824066.0
"As Above, So Below","Aug 29, 2014",Mystery,6.2,66892,5000000.0,41824066.0,36824066.0
Wish I Was Here,"Jul 18, 2014",Comedy,6.7,34907,6000000.0,6591365.0,591365.0
Wish I Was Here,"Jul 18, 2014",Drama,6.7,34907,6000000.0,6591365.0,591365.0
Nightcrawler,"Oct 31, 2014",Crime,7.9,404476,8500000.0,50334418.0,41834418.0
Nightcrawler,"Oct 31, 2014",Drama,7.9,404476,8500000.0,50334418.0,41834418.0
Nightcrawler,"Oct 31, 2014",Thriller,7.9,404476,8500000.0,50334418.0,41834418.0
Out of the Dark,"Dec 31, 1989",Horror,4.8,3691,1600000.0,419428.0,-1180572.0
Out of the Dark,"Dec 31, 1989",Thriller,4.8,3691,1600000.0,419428.0,-1180572.0
Lucy,"Jul 25, 2014",Action,6.4,403194,40000000.0,457507776.0,417507776.0
Lucy,"Jul 25, 2014",Sci-Fi,6.4,403194,40000000.0,457507776.0,417507776.0
Lucy,"Jul 25, 2014",Thriller,6.4,403194,40000000.0,457507776.0,417507776.0
Red Sparrow,"Mar 2, 2018",Action,6.6,136738,69000000.0,145951861.0,76951861.0
Red Sparrow,"Mar 2, 2018",Drama,6.6,136738,69000000.0,145951861.0,76951861.0
Red Sparrow,"Mar 2, 2018",Thriller,6.6,136738,69000000.0,145951861.0,76951861.0
Black or White,"Jan 30, 2015",Drama,6.6,10659,9000000.0,21971021.0,12971021.0
I Origins,"Jul 18, 2014",Drama,7.4,104718,1000000.0,852399.0,-147601.0
I Origins,"Jul 18, 2014",Romance,7.4,104718,1000000.0,852399.0,-147601.0
I Origins,"Jul 18, 2014",Sci-Fi,7.4,104718,1000000.0,852399.0,-147601.0
Manglehorn,"Jun 19, 2015",Drama,5.6,6564,4000000.0,797439.0,-3202561.0
Brother,"Jul 20, 2001",Comedy,5.9,452,12000000.0,450594.0,-11549406.0
Brother,"Jul 20, 2001",Drama,5.9,452,12000000.0,450594.0,-11549406.0
Brother,"Jul 20, 2001",Thriller,5.9,452,12000000.0,450594.0,-11549406.0
Subconscious,"Mar 10, 2015",Action,2.2,323,500000.0,0.0,-500000.0
Subconscious,"Mar 10, 2015",Mystery,2.2,323,500000.0,0.0,-500000.0
Subconscious,"Mar 10, 2015",Thriller,2.2,323,500000.0,0.0,-500000.0
Obvious Child,"Jun 6, 2014",Comedy,6.8,21536,1000000.0,3324070.0,2324070.0
Obvious Child,"Jun 6, 2014",Drama,6.8,21536,1000000.0,3324070.0,2324070.0
Obvious Child,"Jun 6, 2014",Romance,6.8,21536,1000000.0,3324070.0,2324070.0
The Signal,"Jun 13, 2014",Drama,6.1,58407,4000000.0,2665322.0,-1334678.0
The Signal,"Feb 22, 2008",Drama,6.1,58407,50000.0,406299.0,356299.0
The Signal,"Jun 13, 2014",Mystery,6.1,58407,4000000.0,2665322.0,-1334678.0
The Signal,"Feb 22, 2008",Mystery,6.1,58407,50000.0,406299.0,356299.0
The Signal,"Jun 13, 2014",Sci-Fi,6.1,58407,4000000.0,2665322.0,-1334678.0
The Signal,"Feb 22, 2008",Sci-Fi,6.1,58407,50000.0,406299.0,356299.0
The Dressmaker,"Sep 23, 2016",Comedy,7.1,46833,11900000.0,24041617.0,12141617.0
The Dressmaker,"Sep 23, 2016",Drama,7.1,46833,11900000.0,24041617.0,12141617.0
John Wick,"Oct 24, 2014",Action,7.4,449942,30000000.0,76235001.0,46235001.0
John Wick,"Oct 24, 2014",Crime,7.4,449942,30000000.0,76235001.0,46235001.0
John Wick,"Oct 24, 2014",Thriller,7.4,449942,30000000.0,76235001.0,46235001.0
The Looking Glass,"Oct 23, 2015",Drama,5.8,156,300000.0,1711.0,-298289.0
The Looking Glass,"Oct 23, 2015",Music,5.8,156,300000.0,1711.0,-298289.0
R100,"Jan 23, 2015",Comedy,6.1,2133,5500000.0,24956.0,-5475044.0
R100,"Jan 23, 2015",Drama,6.1,2133,5500000.0,24956.0,-5475044.0
The Lazarus Effect,"Feb 27, 2015",Horror,5.2,37675,5000000.0,38359310.0,33359310.0
The Lazarus Effect,"Feb 27, 2015",Mystery,5.2,37675,5000000.0,38359310.0,33359310.0
The Lazarus Effect,"Feb 27, 2015",Sci-Fi,5.2,37675,5000000.0,38359310.0,33359310.0
American Heist,"Jul 21, 2015",Action,5.1,15547,10000000.0,2341218.0,-7658782.0
American Heist,"Jul 21, 2015",Crime,5.1,15547,10000000.0,2341218.0,-7658782.0
American Heist,"Jul 21, 2015",Drama,5.1,15547,10000000.0,2341218.0,-7658782.0
The Gambler,"Dec 10, 2014",Drama,7.2,1479,25000000.0,38718031.0,13718031.0
The Gambler,"Aug 4, 1999",Drama,7.2,1479,3000000.0,101773.0,-2898227.0
The Gambler,"Dec 10, 2014",Thriller,7.2,1479,25000000.0,38718031.0,13718031.0
The Gambler,"Aug 4, 1999",Thriller,7.2,1479,3000000.0,101773.0,-2898227.0
Higher Power,"May 11, 2018",Action,5.3,2152,500000.0,528.0,-499472.0
Higher Power,"May 11, 2018",Sci-Fi,5.3,2152,500000.0,528.0,-499472.0
Higher Power,"May 11, 2018",Thriller,5.3,2152,500000.0,528.0,-499472.0
Father Figures,"Dec 22, 2017",Documentary,6.8,102,25000000.0,21038441.0,-3961559.0
A Most Violent Year,"Dec 31, 2014",Crime,7.0,60165,20000000.0,8846875.0,-11153125.0
A Most Violent Year,"Dec 31, 2014",Drama,7.0,60165,20000000.0,8846875.0,-11153125.0
A Most Violent Year,"Dec 31, 2014",Thriller,7.0,60165,20000000.0,8846875.0,-11153125.0
The Hatching,"Mar 15, 2016",Action,4.0,662,5000000.0,0.0,-5000000.0
The Hatching,"Mar 15, 2016",Adventure,4.0,662,5000000.0,0.0,-5000000.0
The Hatching,"Mar 15, 2016",Comedy,4.0,662,5000000.0,0.0,-5000000.0
The Transporter Refueled,"Sep 4, 2015",Action,5.2,36201,22000000.0,69698495.0,47698495.0
The Transporter Refueled,"Sep 4, 2015",Adventure,5.2,36201,22000000.0,69698495.0,47698495.0
The Transporter Refueled,"Sep 4, 2015",Crime,5.2,36201,22000000.0,69698495.0,47698495.0
Traffic,"Dec 27, 2000",Adventure,6.7,2290,48000000.0,208300000.0,160300000.0
Traffic,"Dec 27, 2000",Drama,6.7,2290,48000000.0,208300000.0,160300000.0
Traffic,"Dec 27, 2000",Thriller,6.7,2290,48000000.0,208300000.0,160300000.0
The Rise of the Krays,"Feb 2, 2016",Crime,5.0,1723,2500000.0,0.0,-2500000.0
The Rise of the Krays,"Feb 2, 2016",Drama,5.0,1723,2500000.0,0.0,-2500000.0
Zootopia,"Mar 4, 2016",Adventure,8.0,383446,150000000.0,1019429616.0,869429616.0
Zootopia,"Mar 4, 2016",Animation,8.0,383446,150000000.0,1019429616.0,869429616.0
Zootopia,"Mar 4, 2016",Comedy,8.0,383446,150000000.0,1019429616.0,869429616.0
Life,"Apr 16, 1999",Biography,6.1,6604,75000000.0,73521587.0,-1478413.0
Life,"Mar 24, 2017",Biography,6.1,6604,58000000.0,100929666.0,42929666.0
Life,"Apr 16, 1999",Drama,6.1,6604,75000000.0,73521587.0,-1478413.0
Life,"Mar 24, 2017",Drama,6.1,6604,58000000.0,100929666.0,42929666.0
Greater,"Aug 26, 2016",Biography,7.2,3438,9000000.0,2000093.0,-6999907.0
Greater,"Aug 26, 2016",Family,7.2,3438,9000000.0,2000093.0,-6999907.0
Greater,"Aug 26, 2016",Sport,7.2,3438,9000000.0,2000093.0,-6999907.0
State of Play,"Apr 17, 2009",Documentary,6.5,156,60000000.0,88832210.0,28832210.0
State of Play,"Apr 17, 2009",Drama,6.5,156,60000000.0,88832210.0,28832210.0
State of Play,"Apr 17, 2009",Sport,6.5,156,60000000.0,88832210.0,28832210.0
Happy Christmas,"Jul 25, 2014",Comedy,5.5,7217,70000.0,30312.0,-39688.0
Happy Christmas,"Jul 25, 2014",Drama,5.5,7217,70000.0,30312.0,-39688.0
Grace,"Aug 14, 2009",Drama,6.0,176,5000000.0,8297.0,-4991703.0
The Face of an Angel,"Apr 24, 2015",Crime,4.6,4211,26000000.0,0.0,-26000000.0
The Face of an Angel,"Apr 24, 2015",Drama,4.6,4211,26000000.0,0.0,-26000000.0
Hot Pursuit,"May 8, 2015",Action,5.1,44723,35000000.0,45671512.0,10671512.0
Hot Pursuit,"May 8, 2015",Comedy,5.1,44723,35000000.0,45671512.0,10671512.0
Hot Pursuit,"May 8, 2015",Crime,5.1,44723,35000000.0,45671512.0,10671512.0
Drive Hard,"Oct 3, 2014",Action,4.4,3907,12000000.0,0.0,-12000000.0
Drive Hard,"Oct 3, 2014",Comedy,4.4,3907,12000000.0,0.0,-12000000.0
Drive Hard,"Oct 3, 2014",Crime,4.4,3907,12000000.0,0.0,-12000000.0
Alvin and the Chipmunks: The Road Chip,"Dec 18, 2015",Adventure,5.1,14507,90000000.0,249517956.0,159517956.0
Alvin and the Chipmunks: The Road Chip,"Dec 18, 2015",Animation,5.1,14507,90000000.0,249517956.0,159517956.0
Alvin and the Chipmunks: The Road Chip,"Dec 18, 2015",Comedy,5.1,14507,90000000.0,249517956.0,159517956.0
The Purge: Anarchy,"Jul 18, 2014",Action,6.5,126203,9000000.0,111534881.0,102534881.0
The Purge: Anarchy,"Jul 18, 2014",Horror,6.5,126203,9000000.0,111534881.0,102534881.0
The Purge: Anarchy,"Jul 18, 2014",Sci-Fi,6.5,126203,9000000.0,111534881.0,102534881.0
Batman v Superman: Dawn of Justice,"Mar 25, 2016",Action,6.5,576909,250000000.0,867500281.0,617500281.0
Batman v Superman: Dawn of Justice,"Mar 25, 2016",Adventure,6.5,576909,250000000.0,867500281.0,617500281.0
Batman v Superman: Dawn of Justice,"Mar 25, 2016",Fantasy,6.5,576909,250000000.0,867500281.0,617500281.0
Dolphin Tale 2,"Sep 12, 2014",Drama,6.4,7579,36000000.0,57824533.0,21824533.0
Dolphin Tale 2,"Sep 12, 2014",Family,6.4,7579,36000000.0,57824533.0,21824533.0
A Hologram for the King,"Apr 22, 2016",Comedy,6.1,36062,35000000.0,11846010.0,-23153990.0
A Hologram for the King,"Apr 22, 2016",Drama,6.1,36062,35000000.0,11846010.0,-23153990.0
A Hologram for the King,"Apr 22, 2016",Romance,6.1,36062,35000000.0,11846010.0,-23153990.0
The Theory of Everything,"Nov 7, 2014",Biography,7.7,361534,15000000.0,123327692.0,108327692.0
The Theory of Everything,"Nov 7, 2014",Drama,7.7,361534,15000000.0,123327692.0,108327692.0
The Theory of Everything,"Nov 7, 2014",Romance,7.7,361534,15000000.0,123327692.0,108327692.0
The Hundred-Foot Journey,"Aug 8, 2014",Comedy,7.3,69562,22000000.0,94270488.0,72270488.0
The Hundred-Foot Journey,"Aug 8, 2014",Drama,7.3,69562,22000000.0,94270488.0,72270488.0
Let's Kill Ward's Wife,"Jan 9, 2015",Comedy,5.4,5164,5000000.0,0.0,-5000000.0
Let's Kill Ward's Wife,"Jan 9, 2015",Crime,5.4,5164,5000000.0,0.0,-5000000.0
Highway,"Dec 31, 2012",Crime,7.7,23434,2000000.0,0.0,-2000000.0
Highway,"Dec 31, 2012",Drama,7.7,23434,2000000.0,0.0,-2000000.0
Highway,"Dec 31, 2012",Romance,7.7,23434,2000000.0,0.0,-2000000.0
Camp X-Ray,"Oct 17, 2014",Drama,6.9,36700,1000000.0,101053.0,-898947.0
Camp X-Ray,"Oct 17, 2014",War,6.9,36700,1000000.0,101053.0,-898947.0
The Water Diviner,"Apr 24, 2015",Drama,7.1,66595,22500000.0,31054727.0,8554727.0
The Water Diviner,"Apr 24, 2015",History,7.1,66595,22500000.0,31054727.0,8554727.0
The Water Diviner,"Apr 24, 2015",War,7.1,66595,22500000.0,31054727.0,8554727.0
Miracle,"Feb 6, 2004",Drama,5.8,114,28000000.0,64474705.0,36474705.0
The Lego Ninjago Movie,"Sep 22, 2017",Action,6.0,18926,70000000.0,122737201.0,52737201.0
The Lego Ninjago Movie,"Sep 22, 2017",Adventure,6.0,18926,70000000.0,122737201.0,52737201.0
The Lego Ninjago Movie,"Sep 22, 2017",Animation,6.0,18926,70000000.0,122737201.0,52737201.0
Criminal,"Apr 15, 2016",Action,6.3,51666,31500000.0,38771262.0,7271262.0
Criminal,"Apr 15, 2016",Crime,6.3,51666,31500000.0,38771262.0,7271262.0
Criminal,"Apr 15, 2016",Drama,6.3,51666,31500000.0,38771262.0,7271262.0
Stonewall,"Jul 26, 1996",Drama,5.1,3011,2000000.0,304602.0,-1695398.0
Stonewall,"Jul 26, 1996",History,5.1,3011,2000000.0,304602.0,-1695398.0
Diane,"Jan 12, 1956",Crime,4.6,127,2660000.0,0.0,-2660000.0
Diane,"Jan 12, 1956",Drama,4.6,127,2660000.0,0.0,-2660000.0
Diane,"Jan 12, 1956",Horror,4.6,127,2660000.0,0.0,-2660000.0
Eden,"Jan 19, 2016",Drama,4.7,2576,2300000.0,0.0,-2300000.0
Eden,"Jan 19, 2016",Thriller,4.7,2576,2300000.0,0.0,-2300000.0
The Jungle Book,"Apr 15, 2016",Adventure,7.4,240821,175000000.0,962854547.0,787854547.0
The Jungle Book,"Dec 25, 1994",Adventure,7.4,240821,27000000.0,44342956.0,17342956.0
The Jungle Book,"Apr 15, 2016",Drama,7.4,240821,175000000.0,962854547.0,787854547.0
The Jungle Book,"Dec 25, 1994",Drama,7.4,240821,27000000.0,44342956.0,17342956.0
The Jungle Book,"Apr 15, 2016",Family,7.4,240821,175000000.0,962854547.0,787854547.0
The Jungle Book,"Dec 25, 1994",Family,7.4,240821,27000000.0,44342956.0,17342956.0
The Vatican Exorcisms,"Dec 31, 2013",Horror,2.5,413,1100000.0,0.0,-1100000.0
Mortdecai,"Jan 23, 2015",Action,5.5,61366,60000000.0,30396134.0,-29603866.0
Mortdecai,"Jan 23, 2015",Comedy,5.5,61366,60000000.0,30396134.0,-29603866.0
Mortdecai,"Jan 23, 2015",Crime,5.5,61366,60000000.0,30396134.0,-29603866.0
Inferno,"Oct 28, 2016",Action,6.2,138978,75000000.0,219519367.0,144519367.0
Inferno,"Oct 28, 2016",Adventure,6.2,138978,75000000.0,219519367.0,144519367.0
Inferno,"Oct 28, 2016",Crime,6.2,138978,75000000.0,219519367.0,144519367.0
Unstoppable,"Nov 12, 2010",Documentary,4.3,551,95000000.0,165720921.0,70720921.0
Hardcore Henry,"Apr 8, 2016",Action,6.7,78226,2000000.0,17187434.0,15187434.0
Hardcore Henry,"Apr 8, 2016",Adventure,6.7,78226,2000000.0,17187434.0,15187434.0
Hardcore Henry,"Apr 8, 2016",Sci-Fi,6.7,78226,2000000.0,17187434.0,15187434.0
The Past is a Grotesque Animal,"Jun 19, 2014",Biography,7.2,118,100000.0,20056.0,-79944.0
The Past is a Grotesque Animal,"Jun 19, 2014",Documentary,7.2,118,100000.0,20056.0,-79944.0
The Past is a Grotesque Animal,"Jun 19, 2014",Music,7.2,118,100000.0,20056.0,-79944.0
Creed,"Nov 25, 2015",Drama,7.6,224671,37000000.0,173567581.0,136567581.0
Creed,"Nov 25, 2015",Sport,7.6,224671,37000000.0,173567581.0,136567581.0
Suffragette,"Oct 23, 2015",Biography,6.9,34306,14000000.0,34044909.0,20044909.0
Suffragette,"Oct 23, 2015",Drama,6.9,34306,14000000.0,34044909.0,20044909.0
Suffragette,"Oct 23, 2015",History,6.9,34306,14000000.0,34044909.0,20044909.0
Phantom,"Mar 1, 2013",Drama,7.7,1165,18000000.0,1199510.0,-16800490.0
Eden,"Jan 19, 2016",Biography,6.4,3772,2300000.0,0.0,-2300000.0
Eden,"Jan 19, 2016",Drama,6.4,3772,2300000.0,0.0,-2300000.0
Eden,"Jan 19, 2016",Music,6.4,3772,2300000.0,0.0,-2300000.0
Monster Trucks,"Jan 13, 2017",Action,5.7,13525,125000000.0,61642798.0,-63357202.0
Monster Trucks,"Jan 13, 2017",Adventure,5.7,13525,125000000.0,61642798.0,-63357202.0
Monster Trucks,"Jan 13, 2017",Comedy,5.7,13525,125000000.0,61642798.0,-63357202.0
Tusk,"Sep 19, 2014",Comedy,5.3,40827,3000000.0,1887554.0,-1112446.0
Tusk,"Sep 19, 2014",Drama,5.3,40827,3000000.0,1887554.0,-1112446.0
Tusk,"Sep 19, 2014",Horror,5.3,40827,3000000.0,1887554.0,-1112446.0
Barfi,"Sep 14, 2012",Comedy,6.5,114,4600000.0,36751984.0,32151984.0
Barfi,"Sep 14, 2012",Romance,6.5,114,4600000.0,36751984.0,32151984.0
The Masked Saint,"Jan 8, 2016",Action,4.6,559,3500000.0,182695.0,-3317305.0
The Masked Saint,"Jan 8, 2016",Biography,4.6,559,3500000.0,182695.0,-3317305.0
The Masked Saint,"Jan 8, 2016",Crime,4.6,559,3500000.0,182695.0,-3317305.0
Da Sweet Blood of Jesus,"Jan 13, 2015",Comedy,4.1,1212,1250000.0,0.0,-1250000.0
Da Sweet Blood of Jesus,"Jan 13, 2015",Romance,4.1,1212,1250000.0,0.0,-1250000.0
Da Sweet Blood of Jesus,"Jan 13, 2015",Thriller,4.1,1212,1250000.0,0.0,-1250000.0
Crazy Rich Asians,"Aug 15, 2018",Comedy,7.0,96617,30000000.0,238099711.0,208099711.0
Crazy Rich Asians,"Aug 15, 2018",Romance,7.0,96617,30000000.0,238099711.0,208099711.0
Road Hard,"Mar 6, 2015",Comedy,6.1,1681,1500000.0,113169.0,-1386831.0
Now You See Me 2,"Jun 10, 2016",Action,6.5,216219,90000000.0,328325007.0,238325007.0
Now You See Me 2,"Jun 10, 2016",Adventure,6.5,216219,90000000.0,328325007.0,238325007.0
Now You See Me 2,"Jun 10, 2016",Comedy,6.5,216219,90000000.0,328325007.0,238325007.0
8 Days,"Oct 13, 2015",Drama,5.0,102,2500000.0,0.0,-2500000.0
8 Days,"Oct 13, 2015",Thriller,5.0,102,2500000.0,0.0,-2500000.0
Circle,"Aug 27, 2010",Drama,6.0,30645,2000000.0,10024.0,-1989976.0
Circle,"Aug 27, 2010",Mystery,6.0,30645,2000000.0,10024.0,-1989976.0
Circle,"Aug 27, 2010",Sci-Fi,6.0,30645,2000000.0,10024.0,-1989976.0
Beyond the Lights,"Nov 14, 2014",Drama,6.9,14122,7000000.0,14618727.0,7618727.0
Beyond the Lights,"Nov 14, 2014",Music,6.9,14122,7000000.0,14618727.0,7618727.0
Beyond the Lights,"Nov 14, 2014",Romance,6.9,14122,7000000.0,14618727.0,7618727.0
Coming Home,"Jan 1, 1978",Drama,7.3,4552,3000000.0,32653000.0,29653000.0
Coming Home,"Jan 1, 1978",Romance,7.3,4552,3000000.0,32653000.0,29653000.0
Unsullied,"Apr 22, 2016",Action,4.3,278,1500000.0,510957.0,-989043.0
Unsullied,"Apr 22, 2016",Horror,4.3,278,1500000.0,510957.0,-989043.0
Unsullied,"Apr 22, 2016",Thriller,4.3,278,1500000.0,510957.0,-989043.0
The Journey,"Jul 11, 2003",Comedy,7.5,545,500000.0,19800.0,-480200.0
The Journey,"Jul 11, 2003",Drama,7.5,545,500000.0,19800.0,-480200.0
The Journey,"Jul 11, 2003",Family,7.5,545,500000.0,19800.0,-480200.0
Hits,"Feb 13, 2015",Comedy,5.8,1706,1000000.0,15156.0,-984844.0
Hits,"Feb 13, 2015",Drama,5.8,1706,1000000.0,15156.0,-984844.0
Thunder and the House of Magic,"Sep 5, 2014",Adventure,6.3,5626,34000000.0,62582520.0,28582520.0
Thunder and the House of Magic,"Sep 5, 2014",Animation,6.3,5626,34000000.0,62582520.0,28582520.0
Thunder and the House of Magic,"Sep 5, 2014",Comedy,6.3,5626,34000000.0,62582520.0,28582520.0
The Circle,"Apr 28, 2017",Biography,7.3,1316,18000000.0,40651864.0,22651864.0
The Circle,"Apr 28, 2017",Drama,7.3,1316,18000000.0,40651864.0,22651864.0
The Circle,"Apr 28, 2017",Romance,7.3,1316,18000000.0,40651864.0,22651864.0
The Hunted,"Mar 14, 2003",Horror,4.7,1058,55000000.0,47213095.0,-7786905.0
The Hunted,"Mar 14, 2003",Mystery,4.7,1058,55000000.0,47213095.0,-7786905.0
The Hunted,"Mar 14, 2003",Thriller,4.7,1058,55000000.0,47213095.0,-7786905.0
Fight to the Finish,"Dec 31, 2015",Action,3.6,109,500000.0,0.0,-500000.0
Fight to the Finish,"Dec 31, 2015",Romance,3.6,109,500000.0,0.0,-500000.0
Fight to the Finish,"Dec 31, 2015",Sport,3.6,109,500000.0,0.0,-500000.0
Trainwreck,"Jul 17, 2015",Comedy,6.2,121860,35000000.0,141123897.0,106123897.0
Trainwreck,"Jul 17, 2015",Drama,6.2,121860,35000000.0,141123897.0,106123897.0
Trainwreck,"Jul 17, 2015",Romance,6.2,121860,35000000.0,141123897.0,106123897.0
Hide and Seek,"Jan 28, 2005",Action,6.4,1287,25000000.0,123696741.0,98696741.0
Hide and Seek,"Jan 28, 2005",Horror,6.4,1287,25000000.0,123696741.0,98696741.0
Hide and Seek,"Jan 28, 2005",Mystery,6.4,1287,25000000.0,123696741.0,98696741.0
Rock the Kasbah,"Oct 23, 2015",Comedy,5.5,9587,15000000.0,3386153.0,-11613847.0
Rock the Kasbah,"Oct 23, 2015",Music,5.5,9587,15000000.0,3386153.0,-11613847.0
Rock the Kasbah,"Oct 23, 2015",War,5.5,9587,15000000.0,3386153.0,-11613847.0
Room,"Oct 16, 2015",Drama,8.2,316791,13000000.0,36262783.0,23262783.0
Room,"Oct 16, 2015",Thriller,8.2,316791,13000000.0,36262783.0,23262783.0
The Diary of a Teenage Girl,"Aug 7, 2015",Comedy,6.9,27003,2000000.0,2279959.0,279959.0
The Diary of a Teenage Girl,"Aug 7, 2015",Drama,6.9,27003,2000000.0,2279959.0,279959.0
The Diary of a Teenage Girl,"Aug 7, 2015",Romance,6.9,27003,2000000.0,2279959.0,279959.0
The Boy Next Door,"Jan 23, 2015",Horror,4.7,34816,4000000.0,53401938.0,49401938.0
The Boy Next Door,"Jan 23, 2015",Thriller,4.7,34816,4000000.0,53401938.0,49401938.0
Factory Girl,"Feb 2, 2007",Drama,7.3,1010,7000000.0,1661464.0,-5338536.0
Factory Girl,"Feb 2, 2007",Romance,7.3,1010,7000000.0,1661464.0,-5338536.0
Bitter Harvest,"Feb 24, 2017",Drama,6.1,3057,21000000.0,606162.0,-20393838.0
Bitter Harvest,"Feb 24, 2017",Romance,6.1,3057,21000000.0,606162.0,-20393838.0
Bitter Harvest,"Feb 24, 2017",War,6.1,3057,21000000.0,606162.0,-20393838.0
Fantastic Beasts and Where to Find Them,"Nov 18, 2016",Adventure,7.3,365353,180000000.0,802402853.0,622402853.0
Fantastic Beasts and Where to Find Them,"Nov 18, 2016",Family,7.3,365353,180000000.0,802402853.0,622402853.0
Fantastic Beasts and Where to Find Them,"Nov 18, 2016",Fantasy,7.3,365353,180000000.0,802402853.0,622402853.0
Barbecue,"Dec 26, 2014",Comedy,6.1,2301,10000000.0,247565.0,-9752435.0
Son of God,"Feb 28, 2014",Biography,5.8,17606,22000000.0,70949793.0,48949793.0
Son of God,"Feb 28, 2014",Drama,5.8,17606,22000000.0,70949793.0,48949793.0
Son of God,"Feb 28, 2014",History,5.8,17606,22000000.0,70949793.0,48949793.0
Western Religion,"Oct 9, 2015",Adventure,4.0,190,250000.0,0.0,-250000.0
Western Religion,"Oct 9, 2015",Drama,4.0,190,250000.0,0.0,-250000.0
Western Religion,"Oct 9, 2015",Fantasy,4.0,190,250000.0,0.0,-250000.0
I Am Wrath,"Apr 15, 2016",Action,5.4,11198,18000000.0,309608.0,-17690392.0
I Am Wrath,"Apr 15, 2016",Crime,5.4,11198,18000000.0,309608.0,-17690392.0
I Am Wrath,"Apr 15, 2016",Drama,5.4,11198,18000000.0,309608.0,-17690392.0
Hostage,"Mar 11, 2005",Comedy,6.3,101,75000000.0,77636443.0,2636443.0
Hostage,"Mar 11, 2005",Drama,6.3,101,75000000.0,77636443.0,2636443.0
Hostage,"Mar 11, 2005",History,6.3,101,75000000.0,77636443.0,2636443.0
Dreamcatcher,"Mar 21, 2003",Crime,7.1,395,68000000.0,75685268.0,7685268.0
Dreamcatcher,"Mar 21, 2003",Documentary,7.1,395,68000000.0,75685268.0,7685268.0
Dreamcatcher,"Mar 21, 2003",Drama,7.1,395,68000000.0,75685268.0,7685268.0
Incarnate,"Dec 2, 2016",Horror,5.3,10217,5000000.0,9371036.0,4371036.0
Incarnate,"Dec 2, 2016",Thriller,5.3,10217,5000000.0,9371036.0,4371036.0
Inferno,"Oct 28, 2016",Drama,6.3,183,75000000.0,219519367.0,144519367.0
Timeline,"Nov 26, 2003",Romance,6.9,283,80000000.0,26703184.0,-53296816.0
Risen,"Feb 19, 2016",Action,6.3,22813,20000000.0,46255763.0,26255763.0
Risen,"Feb 19, 2016",Adventure,6.3,22813,20000000.0,46255763.0,26255763.0
Risen,"Feb 19, 2016",Drama,6.3,22813,20000000.0,46255763.0,26255763.0
It Follows,"Mar 13, 2015",Horror,6.9,182839,2000000.0,23250755.0,21250755.0
It Follows,"Mar 13, 2015",Mystery,6.9,182839,2000000.0,23250755.0,21250755.0
Survivor,"May 29, 2015",Action,5.6,28614,20000000.0,1703281.0,-18296719.0
Survivor,"May 29, 2015",Crime,5.6,28614,20000000.0,1703281.0,-18296719.0
Survivor,"May 29, 2015",Thriller,5.6,28614,20000000.0,1703281.0,-18296719.0
The Bounce Back,"Dec 9, 2016",Comedy,5.0,492,3000000.0,421404.0,-2578596.0
The Bounce Back,"Dec 9, 2016",Romance,5.0,492,3000000.0,421404.0,-2578596.0
Shorts,"Aug 21, 2009",Drama,6.5,408,20000000.0,29870801.0,9870801.0
Brotherly Love,"Apr 24, 2015",Drama,6.7,1587,1900000.0,478595.0,-1421405.0
Sully,"Sep 9, 2016",Biography,7.5,202718,60000000.0,238524556.0,178524556.0
Sully,"Sep 9, 2016",Drama,7.5,202718,60000000.0,238524556.0,178524556.0
She's the One,"Aug 23, 1996",Drama,6.7,127,3500000.0,13795053.0,10295053.0
She's the One,"Aug 23, 1996",Romance,6.7,127,3500000.0,13795053.0,10295053.0
Captive,"Sep 18, 2015",Action,5.4,6017,2000000.0,2791973.0,791973.0
Captive,"Sep 18, 2015",Crime,5.4,6017,2000000.0,2791973.0,791973.0
Captive,"Sep 18, 2015",Drama,5.4,6017,2000000.0,2791973.0,791973.0
Trapped,"Sep 20, 2002",Drama,6.5,646,30000000.0,6916869.0,-23083131.0
Trapped,"Sep 20, 2002",Thriller,6.5,646,30000000.0,6916869.0,-23083131.0
The Three Musketeers,"Oct 21, 2011",Adventure,3.7,213,90000000.0,139877913.0,49877913.0
Heist,"Nov 9, 2001",Action,6.1,24740,35000000.0,28906817.0,-6093183.0
Heist,"Nov 13, 2015",Action,6.1,24740,8900000.0,3324131.0,-5575869.0
Heist,"Nov 9, 2001",Crime,6.1,24740,35000000.0,28906817.0,-6093183.0
Heist,"Nov 13, 2015",Crime,6.1,24740,8900000.0,3324131.0,-5575869.0
Heist,"Nov 9, 2001",Thriller,6.1,24740,35000000.0,28906817.0,-6093183.0
Heist,"Nov 13, 2015",Thriller,6.1,24740,8900000.0,3324131.0,-5575869.0
Creative Control,"Mar 11, 2016",Drama,5.4,1951,1000000.0,63014.0,-936986.0
Creative Control,"Mar 11, 2016",Sci-Fi,5.4,1951,1000000.0,63014.0,-936986.0
Domino,"Oct 14, 2005",Crime,4.6,758,50000000.0,23574057.0,-26425943.0
Domino,"Oct 14, 2005",Thriller,4.6,758,50000000.0,23574057.0,-26425943.0
Hidden Away,"Jan 7, 2014",Drama,7.1,1820,1000000.0,0.0,-1000000.0
Hidden Away,"Jan 7, 2014",Romance,7.1,1820,1000000.0,0.0,-1000000.0
Welcome to Marwen,"Dec 21, 2018",Biography,6.1,8920,45000000.0,12874922.0,-32125078.0
Welcome to Marwen,"Dec 21, 2018",Comedy,6.1,8920,45000000.0,12874922.0,-32125078.0
Welcome to Marwen,"Dec 21, 2018",Drama,6.1,8920,45000000.0,12874922.0,-32125078.0
Animals,"Dec 31, 2008",Drama,6.3,836,5500000.0,0.0,-5500000.0
Survivor,"May 29, 2015",Action,4.1,1750,20000000.0,1703281.0,-18296719.0
Survivor,"May 29, 2015",Adventure,4.1,1750,20000000.0,1703281.0,-18296719.0
Survivor,"May 29, 2015",Fantasy,4.1,1750,20000000.0,1703281.0,-18296719.0
London Has Fallen,"Mar 4, 2016",Action,5.9,124757,60000000.0,195194085.0,135194085.0
London Has Fallen,"Mar 4, 2016",Thriller,5.9,124757,60000000.0,195194085.0,135194085.0
Stung,"Jul 3, 2015",Action,5.1,4257,2500000.0,0.0,-2500000.0
Stung,"Jul 3, 2015",Adventure,5.1,4257,2500000.0,0.0,-2500000.0
Stung,"Jul 3, 2015",Comedy,5.1,4257,2500000.0,0.0,-2500000.0
Obsessed,"Apr 24, 2009",Drama,6.2,758,20000000.0,73964713.0,53964713.0
Jackpot,"Jul 27, 2001",Comedy,2.1,647,400000.0,44452.0,-355548.0
Jackpot,"Jul 27, 2001",Thriller,2.1,647,400000.0,44452.0,-355548.0
Vessel,"Jan 9, 2015",Adventure,7.5,194,800000.0,0.0,-800000.0
Vessel,"Jan 9, 2015",Biography,7.5,194,800000.0,0.0,-800000.0
Vessel,"Jan 9, 2015",Documentary,7.5,194,800000.0,0.0,-800000.0
Youth,"Dec 4, 2015",Comedy,7.3,64418,13000000.0,24001573.0,11001573.0
Youth,"Dec 4, 2015",Drama,7.3,64418,13000000.0,24001573.0,11001573.0
Youth,"Dec 4, 2015",Music,7.3,64418,13000000.0,24001573.0,11001573.0
Coriolanus,"Jan 20, 2012",Drama,8.7,1347,10000000.0,2179623.0,-7820377.0
Coriolanus,"Jan 20, 2012",History,8.7,1347,10000000.0,2179623.0,-7820377.0
Coriolanus,"Jan 20, 2012",War,8.7,1347,10000000.0,2179623.0,-7820377.0
War Horse,"Dec 25, 2011",Drama,8.6,143,70000000.0,156815529.0,86815529.0
Logan,"Mar 3, 2017",Action,8.1,560270,127000000.0,615461394.0,488461394.0
Logan,"Mar 3, 2017",Drama,8.1,560270,127000000.0,615461394.0,488461394.0
Logan,"Mar 3, 2017",Sci-Fi,8.1,560270,127000000.0,615461394.0,488461394.0
Split,"Jan 20, 2017",Drama,3.6,380,5000000.0,278964806.0,273964806.0
Split,"Jan 20, 2017",Fantasy,3.6,380,5000000.0,278964806.0,273964806.0
American Ultra,"Aug 21, 2015",Action,6.1,76769,28000000.0,30295028.0,2295028.0
American Ultra,"Aug 21, 2015",Comedy,6.1,76769,28000000.0,30295028.0,2295028.0
American Ultra,"Aug 21, 2015",Sci-Fi,6.1,76769,28000000.0,30295028.0,2295028.0
Still Alice,"Jan 16, 2015",Drama,7.5,116832,5000000.0,41699612.0,36699612.0
Emma,"Aug 2, 1996",Thriller,4.7,133,5900000.0,37831658.0,31931658.0
Regression,"Oct 30, 2015",Crime,5.7,33335,20000000.0,15824374.0,-4175626.0
Regression,"Oct 30, 2015",Horror,5.7,33335,20000000.0,15824374.0,-4175626.0
Regression,"Oct 30, 2015",Mystery,5.7,33335,20000000.0,15824374.0,-4175626.0
Concussion,"Dec 25, 2015",Biography,7.1,77576,35000000.0,50363790.0,15363790.0
Concussion,"Dec 25, 2015",Drama,7.1,77576,35000000.0,50363790.0,15363790.0
Concussion,"Dec 25, 2015",Sport,7.1,77576,35000000.0,50363790.0,15363790.0
Annabelle,"Oct 3, 2014",Horror,5.4,122039,6500000.0,256862920.0,250362920.0
Annabelle,"Oct 3, 2014",Mystery,5.4,122039,6500000.0,256862920.0,250362920.0
Annabelle,"Oct 3, 2014",Thriller,5.4,122039,6500000.0,256862920.0,250362920.0
Pan,"Oct 9, 2015",Adventure,5.8,55867,150000000.0,151525973.0,1525973.0
Pan,"Oct 9, 2015",Comedy,5.8,55867,150000000.0,151525973.0,1525973.0
Pan,"Oct 9, 2015",Family,5.8,55867,150000000.0,151525973.0,1525973.0
Antibirth,"Sep 2, 2016",Horror,4.9,2759,2500000.0,0.0,-2500000.0
Firestorm,"Jan 9, 1998",Action,6.2,2391,19000000.0,8123860.0,-10876140.0
Firestorm,"Jan 9, 1998",Crime,6.2,2391,19000000.0,8123860.0,-10876140.0
Firestorm,"Jan 9, 1998",Thriller,6.2,2391,19000000.0,8123860.0,-10876140.0
The Veil,"Dec 31, 2015",Action,3.5,1236,4000000.0,0.0,-4000000.0
The Veil,"Dec 31, 2015",Adventure,3.5,1236,4000000.0,0.0,-4000000.0
The Veil,"Dec 31, 2015",Sci-Fi,3.5,1236,4000000.0,0.0,-4000000.0
Zipper,"Aug 28, 2015",Drama,5.8,6120,4500000.0,0.0,-4500000.0
Zipper,"Aug 28, 2015",Thriller,5.8,6120,4500000.0,0.0,-4500000.0
Jigsaw,"Oct 27, 2017",Crime,5.8,57184,10000000.0,102445196.0,92445196.0
Jigsaw,"Oct 27, 2017",Horror,5.8,57184,10000000.0,102445196.0,92445196.0
Jigsaw,"Oct 27, 2017",Mystery,5.8,57184,10000000.0,102445196.0,92445196.0
Friend Request,"Sep 22, 2017",Horror,5.3,21704,9900000.0,11310835.0,1410835.0
Friend Request,"Sep 22, 2017",Thriller,5.3,21704,9900000.0,11310835.0,1410835.0
Doc Holliday's Revenge,"Dec 31, 2014",Western,3.8,104,1000000.0,0.0,-1000000.0
Compadres,"Apr 22, 2016",Action,4.7,876,3000000.0,7445044.0,4445044.0
Compadres,"Apr 22, 2016",Comedy,4.7,876,3000000.0,7445044.0,4445044.0
Compadres,"Apr 22, 2016",Crime,4.7,876,3000000.0,7445044.0,4445044.0
Max,"Jun 26, 2015",Adventure,6.8,23976,20000000.0,43658157.0,23658157.0
Max,"Jun 26, 2015",Drama,6.8,23976,20000000.0,43658157.0,23658157.0
Max,"Jun 26, 2015",Family,6.8,23976,20000000.0,43658157.0,23658157.0
Transformers: The Last Knight,"Jun 21, 2017",Action,5.2,119007,217000000.0,602893340.0,385893340.0
Transformers: The Last Knight,"Jun 21, 2017",Adventure,5.2,119007,217000000.0,602893340.0,385893340.0
Transformers: The Last Knight,"Jun 21, 2017",Sci-Fi,5.2,119007,217000000.0,602893340.0,385893340.0
The Brothers Grimsby,"Mar 11, 2016",Action,6.2,82123,35000000.0,28720470.0,-6279530.0
The Brothers Grimsby,"Mar 11, 2016",Adventure,6.2,82123,35000000.0,28720470.0,-6279530.0
The Brothers Grimsby,"Mar 11, 2016",Comedy,6.2,82123,35000000.0,28720470.0,-6279530.0
Breakdown,"May 2, 1997",Drama,5.3,689,36000000.0,50159144.0,14159144.0
Breakdown,"May 2, 1997",Thriller,5.3,689,36000000.0,50159144.0,14159144.0
X-Men: Apocalypse,"May 27, 2016",Action,7.0,356556,178000000.0,542537546.0,364537546.0
X-Men: Apocalypse,"May 27, 2016",Adventure,7.0,356556,178000000.0,542537546.0,364537546.0
X-Men: Apocalypse,"May 27, 2016",Sci-Fi,7.0,356556,178000000.0,542537546.0,364537546.0
The Forest,"Jan 8, 2016",Horror,4.8,36423,10000000.0,40749230.0,30749230.0
The Forest,"Jan 8, 2016",Mystery,4.8,36423,10000000.0,40749230.0,30749230.0
The Forest,"Jan 8, 2016",Thriller,4.8,36423,10000000.0,40749230.0,30749230.0
Night of the Living Dead,"Oct 19, 1990",Horror,5.3,277,4200000.0,5835247.0,1635247.0
Night of the Living Dead,"Oct 1, 1968",Horror,5.3,277,114000.0,30087064.0,29973064.0
Jack Reacher: Never Go Back,"Oct 21, 2016",Action,6.1,121892,60000000.0,159946489.0,99946489.0
Jack Reacher: Never Go Back,"Oct 21, 2016",Thriller,6.1,121892,60000000.0,159946489.0,99946489.0
Sicario,"Sep 18, 2015",Action,7.6,328548,30000000.0,84393749.0,54393749.0
Sicario,"Sep 18, 2015",Crime,7.6,328548,30000000.0,84393749.0,54393749.0
Sicario,"Sep 18, 2015",Drama,7.6,328548,30000000.0,84393749.0,54393749.0
Oddball,"Dec 6, 2016",Adventure,6.4,2124,7000000.0,10237229.0,3237229.0
Oddball,"Dec 6, 2016",Family,6.4,2124,7000000.0,10237229.0,3237229.0
Fist Fight,"Feb 17, 2017",Comedy,5.6,35136,25000000.0,40286416.0,15286416.0
Murder on the Orient Express,"Nov 10, 2017",Crime,6.5,178603,55000000.0,345922730.0,290922730.0
Murder on the Orient Express,"Nov 10, 2017",Drama,6.5,178603,55000000.0,345922730.0,290922730.0
Murder on the Orient Express,"Nov 10, 2017",Mystery,6.5,178603,55000000.0,345922730.0,290922730.0
Chemical Cut,"Dec 31, 2016",Drama,5.4,111,1000000.0,0.0,-1000000.0
Ferdinand,"Dec 15, 2017",Adventure,6.7,40229,111000000.0,289847930.0,178847930.0
Ferdinand,"Dec 15, 2017",Animation,6.7,40229,111000000.0,289847930.0,178847930.0
Ferdinand,"Dec 15, 2017",Comedy,6.7,40229,111000000.0,289847930.0,178847930.0
A Monster Calls,"Jan 6, 2017",Animation,7.5,70416,43000000.0,46414530.0,3414530.0
A Monster Calls,"Jan 6, 2017",Drama,7.5,70416,43000000.0,46414530.0,3414530.0
A Monster Calls,"Jan 6, 2017",Fantasy,7.5,70416,43000000.0,46414530.0,3414530.0
Ice Age: Collision Course,"Jul 22, 2016",Adventure,5.7,48932,105000000.0,402156682.0,297156682.0
Ice Age: Collision Course,"Jul 22, 2016",Animation,5.7,48932,105000000.0,402156682.0,297156682.0
Ice Age: Collision Course,"Jul 22, 2016",Comedy,5.7,48932,105000000.0,402156682.0,297156682.0
Silence,"Dec 23, 2016",Drama,4.6,170,46500000.0,23726626.0,-22773374.0
Silence,"Dec 23, 2016",Thriller,4.6,170,46500000.0,23726626.0,-22773374.0
The House,"Jun 30, 2017",Thriller,4.5,476,40000000.0,31192425.0,-8807575.0
Aberdeen,"Aug 17, 2001",Family,6.2,566,6500000.0,64148.0,-6435852.0
The Messenger,"Nov 13, 2009",Drama,5.1,906,6500000.0,1744952.0,-4755048.0
The Messenger,"Nov 13, 2009",Mystery,5.1,906,6500000.0,1744952.0,-4755048.0
The Messenger,"Nov 13, 2009",Thriller,5.1,906,6500000.0,1744952.0,-4755048.0
Paul Blart: Mall Cop 2,"Apr 17, 2015",Action,4.4,30828,38000000.0,107650646.0,69650646.0
Paul Blart: Mall Cop 2,"Apr 17, 2015",Comedy,4.4,30828,38000000.0,107650646.0,69650646.0
Paul Blart: Mall Cop 2,"Apr 17, 2015",Crime,4.4,30828,38000000.0,107650646.0,69650646.0
War for the Planet of the Apes,"Jul 14, 2017",Action,7.5,201943,152000000.0,489592267.0,337592267.0
War for the Planet of the Apes,"Jul 14, 2017",Adventure,7.5,201943,152000000.0,489592267.0,337592267.0
War for the Planet of the Apes,"Jul 14, 2017",Drama,7.5,201943,152000000.0,489592267.0,337592267.0
10 Days in a Madhouse,"Nov 11, 2015",Drama,6.7,1114,12000000.0,14616.0,-11985384.0
The Gospel of John,"Sep 26, 2003",Drama,7.8,563,11000000.0,4234355.0,-6765645.0
Happiness,"Oct 16, 1998",Documentary,7.1,270,3000000.0,5746453.0,2746453.0
Happiness,"Oct 16, 1998",Drama,7.1,270,3000000.0,5746453.0,2746453.0
Happiness,"Oct 16, 1998",Family,7.1,270,3000000.0,5746453.0,2746453.0
The Hateful Eight,"Dec 25, 2015",Crime,7.8,434966,62000000.0,147864886.0,85864886.0
The Hateful Eight,"Dec 25, 2015",Drama,7.8,434966,62000000.0,147864886.0,85864886.0
The Hateful Eight,"Dec 25, 2015",Mystery,7.8,434966,62000000.0,147864886.0,85864886.0
Unforgettable,"Feb 23, 1996",Drama,5.1,11489,18000000.0,2483790.0,-15516210.0
Unforgettable,"Apr 21, 2017",Drama,5.1,11489,12000000.0,16221211.0,4221211.0
Unforgettable,"Feb 23, 1996",Thriller,5.1,11489,18000000.0,2483790.0,-15516210.0
Unforgettable,"Apr 21, 2017",Thriller,5.1,11489,12000000.0,16221211.0,4221211.0
The Lobster,"Mar 25, 2016",Comedy,7.1,182622,4500000.0,18019834.0,13519834.0
The Lobster,"Mar 25, 2016",Drama,7.1,182622,4500000.0,18019834.0,13519834.0
The Lobster,"Mar 25, 2016",Romance,7.1,182622,4500000.0,18019834.0,13519834.0
Despicable Me 3,"Jun 30, 2017",Adventure,6.3,92580,75000000.0,1034727750.0,959727750.0
Despicable Me 3,"Jun 30, 2017",Animation,6.3,92580,75000000.0,1034727750.0,959727750.0
Despicable Me 3,"Jun 30, 2017",Comedy,6.3,92580,75000000.0,1034727750.0,959727750.0
Phantom,"Mar 1, 2013",Action,5.8,7739,18000000.0,1199510.0,-16800490.0
Phantom,"Mar 1, 2013",Drama,5.8,7739,18000000.0,1199510.0,-16800490.0
Phantom,"Mar 1, 2013",Thriller,5.8,7739,18000000.0,1199510.0,-16800490.0
Z Storm,"Aug 18, 2015",Action,5.4,612,7000000.0,2053330.0,-4946670.0
Z Storm,"Aug 18, 2015",Crime,5.4,612,7000000.0,2053330.0,-4946670.0
Jack,"Aug 9, 1996",Drama,7.3,900,45000000.0,58617334.0,13617334.0
Sing,"Dec 21, 2016",Animation,7.1,115951,75000000.0,634454789.0,559454789.0
Sing,"Dec 21, 2016",Comedy,7.1,115951,75000000.0,634454789.0,559454789.0
Sing,"Dec 21, 2016",Family,7.1,115951,75000000.0,634454789.0,559454789.0
The Gift,"Dec 19, 2000",Action,7.5,489,10000000.0,44567606.0,34567606.0
The Gift,"Aug 7, 2015",Action,7.5,489,5000000.0,58978477.0,53978477.0
The Gift,"Dec 19, 2000",Drama,7.5,489,10000000.0,44567606.0,34567606.0
The Gift,"Aug 7, 2015",Drama,7.5,489,5000000.0,58978477.0,53978477.0
The Gift,"Dec 19, 2000",Thriller,7.5,489,10000000.0,44567606.0,34567606.0
The Gift,"Aug 7, 2015",Thriller,7.5,489,5000000.0,58978477.0,53978477.0
Vice,"Dec 25, 2018",Action,4.2,14436,60000000.0,70883171.0,10883171.0
Vice,"Dec 25, 2018",Adventure,4.2,14436,60000000.0,70883171.0,10883171.0
Vice,"Dec 25, 2018",Sci-Fi,4.2,14436,60000000.0,70883171.0,10883171.0
Pirates,"Jul 1, 1986",Action,6.6,2387,40000000.0,6341825.0,-33658175.0
Pirates,"Jul 1, 1986",Adventure,6.6,2387,40000000.0,6341825.0,-33658175.0
Pirates,"Jul 1, 1986",Comedy,6.6,2387,40000000.0,6341825.0,-33658175.0
The Nut Job 2: Nutty by Nature,"Aug 11, 2017",Adventure,5.5,4820,40000000.0,57438389.0,17438389.0
The Nut Job 2: Nutty by Nature,"Aug 11, 2017",Animation,5.5,4820,40000000.0,57438389.0,17438389.0
The Nut Job 2: Nutty by Nature,"Aug 11, 2017",Comedy,5.5,4820,40000000.0,57438389.0,17438389.0
Pound of Flesh,"May 15, 2015",Action,5.2,5511,7500000.0,0.0,-7500000.0
Pound of Flesh,"May 15, 2015",Thriller,5.2,5511,7500000.0,0.0,-7500000.0
The Walk,"Sep 30, 2015",Adventure,7.3,109714,35000000.0,61492104.0,26492104.0
The Walk,"Sep 30, 2015",Biography,7.3,109714,35000000.0,61492104.0,26492104.0
The Walk,"Sep 30, 2015",Drama,7.3,109714,35000000.0,61492104.0,26492104.0
Captain America: Civil War,"May 6, 2016",Action,7.8,583507,250000000.0,1140069413.0,890069413.0
Captain America: Civil War,"May 6, 2016",Adventure,7.8,583507,250000000.0,1140069413.0,890069413.0
Captain America: Civil War,"May 6, 2016",Sci-Fi,7.8,583507,250000000.0,1140069413.0,890069413.0
Race,"Feb 19, 2016",Biography,7.1,30777,5000000.0,23745772.0,18745772.0
Race,"Feb 19, 2016",Drama,7.1,30777,5000000.0,23745772.0,18745772.0
Race,"Feb 19, 2016",Sport,7.1,30777,5000000.0,23745772.0,18745772.0
The Walking Deceased,"Mar 20, 2015",Comedy,3.5,2914,2000000.0,0.0,-2000000.0
The Walking Deceased,"Mar 20, 2015",Horror,3.5,2914,2000000.0,0.0,-2000000.0
Thor: Ragnarok,"Nov 3, 2017",Action,7.9,482995,180000000.0,846980024.0,666980024.0
Thor: Ragnarok,"Nov 3, 2017",Adventure,7.9,482995,180000000.0,846980024.0,666980024.0
Thor: Ragnarok,"Nov 3, 2017",Comedy,7.9,482995,180000000.0,846980024.0,666980024.0
Housebound,"Oct 17, 2014",Comedy,6.8,29757,1500000.0,236863.0,-1263137.0
Housebound,"Oct 17, 2014",Horror,6.8,29757,1500000.0,236863.0,-1263137.0
Housebound,"Oct 17, 2014",Mystery,6.8,29757,1500000.0,236863.0,-1263137.0
Another Year,"Dec 29, 2010",Drama,6.6,294,8000000.0,20005613.0,12005613.0
Another Year,"Dec 29, 2010",Romance,6.6,294,8000000.0,20005613.0,12005613.0
The Word,"Mar 14, 2014",Drama,4.9,344,200000.0,3648.0,-196352.0
The Word,"Mar 14, 2014",Thriller,4.9,344,200000.0,3648.0,-196352.0
Close Range,"Dec 11, 2015",Action,5.0,3974,3000000.0,0.0,-3000000.0
Close Range,"Dec 11, 2015",Crime,5.0,3974,3000000.0,0.0,-3000000.0
The Disaster Artist,"Dec 1, 2017",Biography,7.4,111737,10000000.0,28717667.0,18717667.0
The Disaster Artist,"Dec 1, 2017",Comedy,7.4,111737,10000000.0,28717667.0,18717667.0
The Disaster Artist,"Dec 1, 2017",Drama,7.4,111737,10000000.0,28717667.0,18717667.0
Moana,"Nov 23, 2016",Adventure,7.6,224253,150000000.0,637517365.0,487517365.0
Moana,"Nov 23, 2016",Animation,7.6,224253,150000000.0,637517365.0,487517365.0
Moana,"Nov 23, 2016",Comedy,7.6,224253,150000000.0,637517365.0,487517365.0
Mechanic: Resurrection,"Aug 26, 2016",Action,5.7,67275,40000000.0,109738840.0,69738840.0
Mechanic: Resurrection,"Aug 26, 2016",Adventure,5.7,67275,40000000.0,109738840.0,69738840.0
Mechanic: Resurrection,"Aug 26, 2016",Thriller,5.7,67275,40000000.0,109738840.0,69738840.0
#Horror,"Nov 20, 2015",Crime,3.0,3092,1500000.0,0.0,-1500000.0
#Horror,"Nov 20, 2015",Drama,3.0,3092,1500000.0,0.0,-1500000.0
#Horror,"Nov 20, 2015",Horror,3.0,3092,1500000.0,0.0,-1500000.0
The Night Before,"Nov 20, 2015",Adventure,6.4,58455,25000000.0,52427346.0,27427346.0
The Night Before,"Nov 20, 2015",Comedy,6.4,58455,25000000.0,52427346.0,27427346.0
The Night Before,"Nov 20, 2015",Fantasy,6.4,58455,25000000.0,52427346.0,27427346.0
Nerve,"Jul 27, 2016",Action,6.5,102782,20000000.0,70652284.0,50652284.0
Nerve,"Jul 27, 2016",Adventure,6.5,102782,20000000.0,70652284.0,50652284.0
Nerve,"Jul 27, 2016",Crime,6.5,102782,20000000.0,70652284.0,50652284.0
American Made,"Sep 29, 2017",Action,7.2,131043,50000000.0,135569212.0,85569212.0
American Made,"Sep 29, 2017",Biography,7.2,131043,50000000.0,135569212.0,85569212.0
American Made,"Sep 29, 2017",Comedy,7.2,131043,50000000.0,135569212.0,85569212.0
The Veil,"Dec 31, 2015",Horror,4.8,6895,4000000.0,0.0,-4000000.0
Unnatural,"Dec 31, 2015",Action,4.0,1590,3000000.0,0.0,-3000000.0
Unnatural,"Dec 31, 2015",Horror,4.0,1590,3000000.0,0.0,-3000000.0
Unnatural,"Dec 31, 2015",Sci-Fi,4.0,1590,3000000.0,0.0,-3000000.0
Whiskey Tango Foxtrot,"Mar 4, 2016",Biography,6.6,46265,35000000.0,25350747.0,-9649253.0
Whiskey Tango Foxtrot,"Mar 4, 2016",Comedy,6.6,46265,35000000.0,25350747.0,-9649253.0
Whiskey Tango Foxtrot,"Mar 4, 2016",Drama,6.6,46265,35000000.0,25350747.0,-9649253.0
Legend,"Apr 18, 1986",Action,6.5,1568,25000000.0,23506237.0,-1493763.0
Legend,"Nov 20, 2015",Action,6.5,1568,25000000.0,42425450.0,17425450.0
Legend,"Apr 18, 1986",Drama,6.5,1568,25000000.0,23506237.0,-1493763.0
Legend,"Nov 20, 2015",Drama,6.5,1568,25000000.0,42425450.0,17425450.0
Girls Trip,"Jul 21, 2017",Comedy,6.2,29321,28000000.0,140886353.0,112886353.0
Girls Trip,"Jul 21, 2017",Drama,6.2,29321,28000000.0,140886353.0,112886353.0
Vaalu,"Dec 31, 2015",Comedy,4.9,701,1900000.0,12444.0,-1887556.0
Vaalu,"Dec 31, 2015",Romance,4.9,701,1900000.0,12444.0,-1887556.0
The Visit,"Sep 11, 2015",Horror,6.2,102459,5000000.0,98677816.0,93677816.0
The Visit,"Sep 11, 2015",Mystery,6.2,102459,5000000.0,98677816.0,93677816.0
The Visit,"Sep 11, 2015",Thriller,6.2,102459,5000000.0,98677816.0,93677816.0
Legend,"Apr 18, 1986",Biography,7.0,138947,25000000.0,23506237.0,-1493763.0
Legend,"Nov 20, 2015",Biography,7.0,138947,25000000.0,42425450.0,17425450.0
Legend,"Apr 18, 1986",Crime,7.0,138947,25000000.0,23506237.0,-1493763.0
Legend,"Nov 20, 2015",Crime,7.0,138947,25000000.0,42425450.0,17425450.0
Legend,"Apr 18, 1986",Drama,7.0,138947,25000000.0,23506237.0,-1493763.0
Legend,"Nov 20, 2015",Drama,7.0,138947,25000000.0,42425450.0,17425450.0
Not Cool,"Sep 19, 2014",Comedy,4.5,5089,800000.0,35688.0,-764312.0
Not Cool,"Sep 19, 2014",Drama,4.5,5089,800000.0,35688.0,-764312.0
Not Cool,"Sep 19, 2014",Romance,4.5,5089,800000.0,35688.0,-764312.0
Bilal: A New Breed of Hero,"Feb 2, 2018",Action,8.0,16854,30000000.0,648599.0,-29351401.0
Bilal: A New Breed of Hero,"Feb 2, 2018",Adventure,8.0,16854,30000000.0,648599.0,-29351401.0
Bilal: A New Breed of Hero,"Feb 2, 2018",Animation,8.0,16854,30000000.0,648599.0,-29351401.0
Boomerang,"Jul 1, 1992",Drama,6.6,790,42000000.0,131052444.0,89052444.0
Boomerang,"Jul 1, 1992",Romance,6.6,790,42000000.0,131052444.0,89052444.0
Steel,"Aug 15, 1997",Drama,5.5,537,16000000.0,1686429.0,-14313571.0
Steel,"Aug 15, 1997",Mystery,5.5,537,16000000.0,1686429.0,-14313571.0
Steel,"Aug 15, 1997",Romance,5.5,537,16000000.0,1686429.0,-14313571.0
Monster,"Dec 24, 2003",Action,6.5,798,5000000.0,64240813.0,59240813.0
Monster,"Dec 24, 2003",Drama,6.5,798,5000000.0,64240813.0,59240813.0
Monster,"Dec 24, 2003",Thriller,6.5,798,5000000.0,64240813.0,59240813.0
Knock Knock,"Oct 9, 2015",Drama,4.9,68328,2000000.0,6328516.0,4328516.0
Knock Knock,"Oct 9, 2015",Thriller,4.9,68328,2000000.0,6328516.0,4328516.0
Cars 3,"Jun 16, 2017",Adventure,6.8,59408,175000000.0,383541369.0,208541369.0
Cars 3,"Jun 16, 2017",Animation,6.8,59408,175000000.0,383541369.0,208541369.0
Cars 3,"Jun 16, 2017",Comedy,6.8,59408,175000000.0,383541369.0,208541369.0
Incredibles 2,"Jun 15, 2018",Action,7.7,203510,200000000.0,1242520711.0,1042520711.0
Incredibles 2,"Jun 15, 2018",Adventure,7.7,203510,200000000.0,1242520711.0,1042520711.0
Incredibles 2,"Jun 15, 2018",Animation,7.7,203510,200000000.0,1242520711.0,1042520711.0
A Street Cat Named Bob,"Nov 18, 2016",Biography,7.4,23204,8000000.0,17382693.0,9382693.0
A Street Cat Named Bob,"Nov 18, 2016",Comedy,7.4,23204,8000000.0,17382693.0,9382693.0
A Street Cat Named Bob,"Nov 18, 2016",Drama,7.4,23204,8000000.0,17382693.0,9382693.0
Mommy,"Jan 23, 2015",Drama,8.1,43020,4900000.0,17536004.0,12636004.0
Jem and the Holograms,"Oct 23, 2015",Adventure,4.1,6683,5000000.0,2368937.0,-2631063.0
Jem and the Holograms,"Oct 23, 2015",Drama,4.1,6683,5000000.0,2368937.0,-2631063.0
Jem and the Holograms,"Oct 23, 2015",Family,4.1,6683,5000000.0,2368937.0,-2631063.0
Creature,"Sep 9, 2011",Action,3.2,1141,3000000.0,331000.0,-2669000.0
Creature,"Sep 9, 2011",Horror,3.2,1141,3000000.0,331000.0,-2669000.0
Creature,"Sep 9, 2011",Sci-Fi,3.2,1141,3000000.0,331000.0,-2669000.0
Paper Towns,"Jul 24, 2015",Comedy,6.3,87742,12000000.0,85450484.0,73450484.0
Paper Towns,"Jul 24, 2015",Drama,6.3,87742,12000000.0,85450484.0,73450484.0
Paper Towns,"Jul 24, 2015",Mystery,6.3,87742,12000000.0,85450484.0,73450484.0
Ricki and the Flash,"Aug 7, 2015",Comedy,5.9,20932,18000000.0,41166033.0,23166033.0
Ricki and the Flash,"Aug 7, 2015",Drama,5.9,20932,18000000.0,41166033.0,23166033.0
Ricki and the Flash,"Aug 7, 2015",Music,5.9,20932,18000000.0,41166033.0,23166033.0
Mutant World,"May 26, 2015",Sci-Fi,2.8,587,1500000.0,0.0,-1500000.0
Barbershop: The Next Cut,"Apr 15, 2016",Comedy,5.9,13306,20000000.0,54404202.0,34404202.0
Barbershop: The Next Cut,"Apr 15, 2016",Drama,5.9,13306,20000000.0,54404202.0,34404202.0
The Girl on the Train,"Oct 7, 2016",Crime,6.5,150977,45000000.0,174278214.0,129278214.0
The Girl on the Train,"Oct 7, 2016",Drama,6.5,150977,45000000.0,174278214.0,129278214.0
The Girl on the Train,"Oct 7, 2016",Mystery,6.5,150977,45000000.0,174278214.0,129278214.0
Allied,"Nov 23, 2016",Action,7.1,125741,106000000.0,119266661.0,13266661.0
Allied,"Nov 23, 2016",Drama,7.1,125741,106000000.0,119266661.0,13266661.0
Allied,"Nov 23, 2016",Romance,7.1,125741,106000000.0,119266661.0,13266661.0
Brothers,"Dec 4, 2009",Documentary,7.7,310,26000000.0,45043870.0,19043870.0
Brothers,"Aug 14, 2015",Documentary,7.7,310,13000000.0,17856688.0,4856688.0
Misconduct,"Feb 5, 2016",Crime,5.3,13550,11000000.0,2352511.0,-8647489.0
Misconduct,"Feb 5, 2016",Drama,5.3,13550,11000000.0,2352511.0,-8647489.0
Misconduct,"Feb 5, 2016",Mystery,5.3,13550,11000000.0,2352511.0,-8647489.0
The Martian,"Oct 2, 2015",Adventure,8.0,680116,108000000.0,655271443.0,547271443.0
The Martian,"Oct 2, 2015",Drama,8.0,680116,108000000.0,655271443.0,547271443.0
The Martian,"Oct 2, 2015",Sci-Fi,8.0,680116,108000000.0,655271443.0,547271443.0
H.,"Dec 31, 2014",Drama,5.9,443,200000.0,0.0,-200000.0
H.,"Dec 31, 2014",Sci-Fi,5.9,443,200000.0,0.0,-200000.0
H.,"Dec 31, 2014",Thriller,5.9,443,200000.0,0.0,-200000.0
Closer,"Dec 3, 2004",Drama,5.7,172,35000000.0,116177695.0,81177695.0
Bodom,"Dec 31, 2016",Horror,5.6,308,1250000.0,726460.0,-523540.0
Bodom,"Dec 31, 2016",Mystery,5.6,308,1250000.0,726460.0,-523540.0
Bodom,"Dec 31, 2016",Thriller,5.6,308,1250000.0,726460.0,-523540.0
Anna,"Jun 6, 2014",Drama,6.8,106,4357373.0,1200000.0,-3157373.0
Bridge of Spies,"Oct 16, 2015",Drama,7.6,263004,40000000.0,162498338.0,122498338.0
Bridge of Spies,"Oct 16, 2015",History,7.6,263004,40000000.0,162498338.0,122498338.0
Bridge of Spies,"Oct 16, 2015",Thriller,7.6,263004,40000000.0,162498338.0,122498338.0
Fugly,"Nov 7, 2014",Drama,4.7,920,4500000.0,0.0,-4500000.0
Fugly,"Nov 7, 2014",Thriller,4.7,920,4500000.0,0.0,-4500000.0
Criminal Activities,"Nov 20, 2015",Crime,5.8,7739,7000000.0,386744.0,-6613256.0
Criminal Activities,"Nov 20, 2015",Drama,5.8,7739,7000000.0,386744.0,-6613256.0
Criminal Activities,"Nov 20, 2015",Thriller,5.8,7739,7000000.0,386744.0,-6613256.0
The BFG,"Jul 1, 2016",Adventure,6.4,69340,140000000.0,199646680.0,59646680.0
The BFG,"Jul 1, 2016",Family,6.4,69340,140000000.0,199646680.0,59646680.0
The BFG,"Jul 1, 2016",Fantasy,6.4,69340,140000000.0,199646680.0,59646680.0
Stuck,"May 30, 2008",Drama,6.2,200,5000000.0,67505.0,-4932495.0
Stuck,"May 30, 2008",Musical,6.2,200,5000000.0,67505.0,-4932495.0
Bait,"Sep 15, 2000",Drama,5.5,448,35000000.0,15471969.0,-19528031.0
Bait,"Sep 15, 2000",Thriller,5.5,448,35000000.0,15471969.0,-19528031.0
The Other Side of the Door,"Mar 4, 2016",Horror,5.3,15813,5000000.0,12905107.0,7905107.0
Cursed,"Feb 25, 2005",Drama,6.2,376,35000000.0,25114901.0,-9885099.0
Cursed,"Feb 25, 2005",War,6.2,376,35000000.0,25114901.0,-9885099.0
By the Sea,"Nov 13, 2015",Drama,5.3,16206,20000000.0,3727746.0,-16272254.0
By the Sea,"Nov 13, 2015",Romance,5.3,16206,20000000.0,3727746.0,-16272254.0
Unfriended,"Apr 17, 2015",Horror,5.6,62043,1000000.0,64364198.0,63364198.0
Unfriended,"Apr 17, 2015",Mystery,5.6,62043,1000000.0,64364198.0,63364198.0
Unfriended,"Apr 17, 2015",Thriller,5.6,62043,1000000.0,64364198.0,63364198.0
Underworld: Blood Wars,"Jan 6, 2017",Action,5.8,62942,35000000.0,81209222.0,46209222.0
Underworld: Blood Wars,"Jan 6, 2017",Adventure,5.8,62942,35000000.0,81209222.0,46209222.0
Underworld: Blood Wars,"Jan 6, 2017",Fantasy,5.8,62942,35000000.0,81209222.0,46209222.0
Power Rangers,"Mar 24, 2017",Action,6.0,92013,120000000.0,142531552.0,22531552.0
Power Rangers,"Mar 24, 2017",Adventure,6.0,92013,120000000.0,142531552.0,22531552.0
Power Rangers,"Mar 24, 2017",Sci-Fi,6.0,92013,120000000.0,142531552.0,22531552.0
My All-American,"Nov 13, 2015",Biography,7.2,5058,20000000.0,2246000.0,-17754000.0
My All-American,"Nov 13, 2015",Drama,7.2,5058,20000000.0,2246000.0,-17754000.0
My All-American,"Nov 13, 2015",Sport,7.2,5058,20000000.0,2246000.0,-17754000.0
American Honey,"Sep 30, 2016",Adventure,7.0,31663,3500000.0,2611750.0,-888250.0
American Honey,"Sep 30, 2016",Drama,7.0,31663,3500000.0,2611750.0,-888250.0
American Honey,"Sep 30, 2016",Romance,7.0,31663,3500000.0,2611750.0,-888250.0
The Lady in the Van,"Jan 15, 2016",Biography,6.7,23105,6000000.0,42320503.0,36320503.0
The Lady in the Van,"Jan 15, 2016",Comedy,6.7,23105,6000000.0,42320503.0,36320503.0
The Lady in the Van,"Jan 15, 2016",Drama,6.7,23105,6000000.0,42320503.0,36320503.0
Kong: Skull Island,"Mar 10, 2017",Action,6.6,237720,185000000.0,561072059.0,376072059.0
Kong: Skull Island,"Mar 10, 2017",Adventure,6.6,237720,185000000.0,561072059.0,376072059.0
Kong: Skull Island,"Mar 10, 2017",Fantasy,6.6,237720,185000000.0,561072059.0,376072059.0
Godzilla: King of the Monsters,"May 31, 2019",Action,6.7,36479,170000000.0,299276941.0,129276941.0
Godzilla: King of the Monsters,"May 31, 2019",Adventure,6.7,36479,170000000.0,299276941.0,129276941.0
Godzilla: King of the Monsters,"May 31, 2019",Fantasy,6.7,36479,170000000.0,299276941.0,129276941.0
Lion,"Nov 25, 2016",Biography,8.1,181601,12000000.0,149570720.0,137570720.0
Lion,"Nov 25, 2016",Drama,8.1,181601,12000000.0,149570720.0,137570720.0
Rogue One: A Star Wars Story,"Dec 16, 2016",Action,7.8,478592,200000000.0,1049102856.0,849102856.0
Rogue One: A Star Wars Story,"Dec 16, 2016",Adventure,7.8,478592,200000000.0,1049102856.0,849102856.0
Rogue One: A Star Wars Story,"Dec 16, 2016",Sci-Fi,7.8,478592,200000000.0,1049102856.0,849102856.0
My Big Fat Greek Wedding 2,"Mar 25, 2016",Comedy,6.0,25933,18000000.0,92096558.0,74096558.0
My Big Fat Greek Wedding 2,"Mar 25, 2016",Romance,6.0,25933,18000000.0,92096558.0,74096558.0
Zoom,"Aug 11, 2006",Animation,6.1,2323,35000000.0,12506188.0,-22493812.0
Zoom,"Aug 11, 2006",Comedy,6.1,2323,35000000.0,12506188.0,-22493812.0
Zoom,"Aug 11, 2006",Drama,6.1,2323,35000000.0,12506188.0,-22493812.0
The Equalizer 2,"Jul 20, 2018",Action,6.7,97963,77000000.0,190453132.0,113453132.0
The Equalizer 2,"Jul 20, 2018",Crime,6.7,97963,77000000.0,190453132.0,113453132.0
The Equalizer 2,"Jul 20, 2018",Thriller,6.7,97963,77000000.0,190453132.0,113453132.0
Snowden,"Sep 16, 2016",Biography,7.3,119149,50000000.0,35380918.0,-14619082.0
Snowden,"Sep 16, 2016",Drama,7.3,119149,50000000.0,35380918.0,-14619082.0
Snowden,"Sep 16, 2016",Thriller,7.3,119149,50000000.0,35380918.0,-14619082.0
Solo: A Star Wars Story,"May 25, 2018",Action,7.0,226243,275000000.0,393151347.0,118151347.0
Solo: A Star Wars Story,"May 25, 2018",Adventure,7.0,226243,275000000.0,393151347.0,118151347.0
Solo: A Star Wars Story,"May 25, 2018",Fantasy,7.0,226243,275000000.0,393151347.0,118151347.0
Checkmate,"Sep 8, 2015",Action,2.9,931,1500000.0,0.0,-1500000.0
Checkmate,"Sep 8, 2015",Crime,2.9,931,1500000.0,0.0,-1500000.0
Checkmate,"Sep 8, 2015",Thriller,2.9,931,1500000.0,0.0,-1500000.0
La La Land,"Dec 9, 2016",Comedy,8.0,436070,20000000.0,426351163.0,406351163.0
La La Land,"Dec 9, 2016",Drama,8.0,436070,20000000.0,426351163.0,406351163.0
La La Land,"Dec 9, 2016",Music,8.0,436070,20000000.0,426351163.0,406351163.0
We Are Your Friends,"Aug 28, 2015",Drama,6.2,32327,2000000.0,10153415.0,8153415.0
We Are Your Friends,"Aug 28, 2015",Music,6.2,32327,2000000.0,10153415.0,8153415.0
We Are Your Friends,"Aug 28, 2015",Romance,6.2,32327,2000000.0,10153415.0,8153415.0
The Nice Guys,"May 20, 2016",Action,7.4,240337,50000000.0,59596747.0,9596747.0
The Nice Guys,"May 20, 2016",Comedy,7.4,240337,50000000.0,59596747.0,9596747.0
The Nice Guys,"May 20, 2016",Crime,7.4,240337,50000000.0,59596747.0,9596747.0
Brothers,"Dec 4, 2009",Action,6.7,10689,26000000.0,45043870.0,19043870.0
Brothers,"Aug 14, 2015",Action,6.7,10689,13000000.0,17856688.0,4856688.0
Brothers,"Dec 4, 2009",Drama,6.7,10689,26000000.0,45043870.0,19043870.0
Brothers,"Aug 14, 2015",Drama,6.7,10689,13000000.0,17856688.0,4856688.0
Brothers,"Dec 4, 2009",Sport,6.7,10689,26000000.0,45043870.0,19043870.0
Brothers,"Aug 14, 2015",Sport,6.7,10689,13000000.0,17856688.0,4856688.0
Cop Car,"Aug 7, 2015",Crime,6.3,27081,5000000.0,143658.0,-4856342.0
Cop Car,"Aug 7, 2015",Thriller,6.3,27081,5000000.0,143658.0,-4856342.0
The Predator,"Sep 14, 2018",Action,5.4,94888,88000000.0,159487563.0,71487563.0
The Predator,"Sep 14, 2018",Adventure,5.4,94888,88000000.0,159487563.0,71487563.0
The Predator,"Sep 14, 2018",Sci-Fi,5.4,94888,88000000.0,159487563.0,71487563.0
Only the Brave,"Oct 20, 2017",Action,7.7,45482,38000000.0,24555177.0,-13444823.0
Only the Brave,"Oct 20, 2017",Biography,7.7,45482,38000000.0,24555177.0,-13444823.0
Only the Brave,"Oct 20, 2017",Drama,7.7,45482,38000000.0,24555177.0,-13444823.0
Cabin Fever,"Sep 12, 2003",Horror,3.7,7873,1500000.0,30351664.0,28851664.0
War Room,"Aug 28, 2015",Drama,6.5,11716,3000000.0,73975239.0,70975239.0
Bride Wars,"Jan 9, 2009",Comedy,4.4,147,30000000.0,115150424.0,85150424.0
31,"Oct 21, 2016",Horror,5.1,15055,1500000.0,922727.0,-577273.0
31,"Oct 21, 2016",Thriller,5.1,15055,1500000.0,922727.0,-577273.0
Yoga Hosers,"Sep 2, 2016",Action,4.3,10483,5000000.0,22958.0,-4977042.0
Yoga Hosers,"Sep 2, 2016",Comedy,4.3,10483,5000000.0,22958.0,-4977042.0
Yoga Hosers,"Sep 2, 2016",Fantasy,4.3,10483,5000000.0,22958.0,-4977042.0
The Tempest,"Dec 10, 2010",Comedy,8.5,171,20000000.0,277943.0,-19722057.0
The Tempest,"Dec 10, 2010",Drama,8.5,171,20000000.0,277943.0,-19722057.0
The Overnight,"Jun 19, 2015",Comedy,6.1,14828,200000.0,1165996.0,965996.0
The Overnight,"Jun 19, 2015",Mystery,6.1,14828,200000.0,1165996.0,965996.0
Dope,"Jun 19, 2015",Comedy,7.2,76557,7000000.0,18190831.0,11190831.0
Dope,"Jun 19, 2015",Crime,7.2,76557,7000000.0,18190831.0,11190831.0
Dope,"Jun 19, 2015",Drama,7.2,76557,7000000.0,18190831.0,11190831.0
Krampus,"Dec 4, 2015",Comedy,6.2,55400,15000000.0,61788393.0,46788393.0
Krampus,"Dec 4, 2015",Fantasy,6.2,55400,15000000.0,61788393.0,46788393.0
Krampus,"Dec 4, 2015",Horror,6.2,55400,15000000.0,61788393.0,46788393.0
The Bronze,"Mar 18, 2016",Comedy,6.0,9043,3500000.0,615816.0,-2884184.0
The Bronze,"Mar 18, 2016",Drama,6.0,9043,3500000.0,615816.0,-2884184.0
The Bronze,"Mar 18, 2016",Sport,6.0,9043,3500000.0,615816.0,-2884184.0
Cargo,"Oct 21, 2011",Drama,6.3,27339,4200000.0,313230.0,-3886770.0
Cargo,"Oct 21, 2011",Horror,6.3,27339,4200000.0,313230.0,-3886770.0
Cargo,"Oct 21, 2011",Sci-Fi,6.3,27339,4200000.0,313230.0,-3886770.0
Dumbo,"Mar 29, 2019",Adventure,6.6,25072,170000000.0,345004422.0,175004422.0
Dumbo,"Mar 29, 2019",Family,6.6,25072,170000000.0,345004422.0,175004422.0
Dumbo,"Mar 29, 2019",Fantasy,6.6,25072,170000000.0,345004422.0,175004422.0
The Perfect Guy,"Sep 11, 2015",Crime,5.6,8998,18000000.0,60278166.0,42278166.0
The Perfect Guy,"Sep 11, 2015",Drama,5.6,8998,18000000.0,60278166.0,42278166.0
The Perfect Guy,"Sep 11, 2015",Horror,5.6,8998,18000000.0,60278166.0,42278166.0
Bajrangi Bhaijaan,"Jul 17, 2015",Action,8.0,63747,13000000.0,121778347.0,108778347.0
Bajrangi Bhaijaan,"Jul 17, 2015",Comedy,8.0,63747,13000000.0,121778347.0,108778347.0
Bajrangi Bhaijaan,"Jul 17, 2015",Drama,8.0,63747,13000000.0,121778347.0,108778347.0
All or Nothing,"Oct 25, 2002",Comedy,4.8,299,9000000.0,184255.0,-8815745.0
All or Nothing,"Oct 25, 2002",Romance,4.8,299,9000000.0,184255.0,-8815745.0
The Boss Baby,"Mar 31, 2017",Adventure,6.3,93730,125000000.0,510878762.0,385878762.0
The Boss Baby,"Mar 31, 2017",Animation,6.3,93730,125000000.0,510878762.0,385878762.0
The Boss Baby,"Mar 31, 2017",Comedy,6.3,93730,125000000.0,510878762.0,385878762.0
Stronger,"Sep 22, 2017",Biography,7.0,33464,30000000.0,8786752.0,-21213248.0
Stronger,"Sep 22, 2017",Drama,7.0,33464,30000000.0,8786752.0,-21213248.0
The Boy,"Jan 22, 2016",Horror,6.0,68957,10000000.0,68220952.0,58220952.0
The Boy,"Jan 22, 2016",Mystery,6.0,68957,10000000.0,68220952.0,58220952.0
The Boy,"Jan 22, 2016",Thriller,6.0,68957,10000000.0,68220952.0,58220952.0
Baby Driver,"Jun 28, 2017",Action,7.6,363977,34000000.0,228104185.0,194104185.0
Baby Driver,"Jun 28, 2017",Crime,7.6,363977,34000000.0,228104185.0,194104185.0
Baby Driver,"Jun 28, 2017",Drama,7.6,363977,34000000.0,228104185.0,194104185.0
Alleluia! The Devil's Carnival,"Aug 11, 2015",Horror,6.9,534,500000.0,0.0,-500000.0
Alleluia! The Devil's Carnival,"Aug 11, 2015",Musical,6.9,534,500000.0,0.0,-500000.0
Gun Shy,"Feb 4, 2000",Action,4.1,2216,10000000.0,1638202.0,-8361798.0
Gun Shy,"Feb 4, 2000",Adventure,4.1,2216,10000000.0,1638202.0,-8361798.0
Gun Shy,"Feb 4, 2000",Comedy,4.1,2216,10000000.0,1638202.0,-8361798.0
Butterfly,"Dec 31, 2010",Comedy,6.2,224,250000.0,0.0,-250000.0
Butterfly,"Dec 31, 2010",Drama,6.2,224,250000.0,0.0,-250000.0
Butterfly,"Dec 31, 2010",Romance,6.2,224,250000.0,0.0,-250000.0
The Space Between Us,"Feb 3, 2017",Adventure,6.4,41031,30000000.0,16481405.0,-13518595.0
The Space Between Us,"Feb 3, 2017",Drama,6.4,41031,30000000.0,16481405.0,-13518595.0
The Space Between Us,"Feb 3, 2017",Romance,6.4,41031,30000000.0,16481405.0,-13518595.0
Teenage Mutant Ninja Turtles: Out of the Shadows,"Jun 3, 2016",Action,6.0,77234,135000000.0,245328374.0,110328374.0
Teenage Mutant Ninja Turtles: Out of the Shadows,"Jun 3, 2016",Adventure,6.0,77234,135000000.0,245328374.0,110328374.0
Teenage Mutant Ninja Turtles: Out of the Shadows,"Jun 3, 2016",Comedy,6.0,77234,135000000.0,245328374.0,110328374.0
Prophecy,"Jun 15, 1979",Mystery,6.5,501,12000000.0,22673340.0,10673340.0
Popstar: Never Stop Never Stopping,"Jun 3, 2016",Comedy,6.7,47278,20000000.0,9537120.0,-10462880.0
Popstar: Never Stop Never Stopping,"Jun 3, 2016",Music,6.7,47278,20000000.0,9537120.0,-10462880.0
Darkness,"Dec 25, 2004",Drama,5.2,194,10600000.0,34409206.0,23809206.0
Dragonfly,"Feb 22, 2002",Drama,4.8,104,60000000.0,30063805.0,-29936195.0
Mustang,"Nov 20, 2015",Drama,7.6,30899,1400000.0,5552584.0,4152584.0
Meet the Mormons,"Oct 10, 2014",Documentary,6.9,1897,2000000.0,6049171.0,4049171.0
Gifted,"Apr 7, 2017",Crime,5.6,107,7000000.0,36964656.0,29964656.0
Gifted,"Apr 7, 2017",Drama,5.6,107,7000000.0,36964656.0,29964656.0
Gifted,"Apr 7, 2017",Thriller,5.6,107,7000000.0,36964656.0,29964656.0
The Bye Bye Man,"Jan 13, 2017",Drama,4.3,17743,7400000.0,31187727.0,23787727.0
The Bye Bye Man,"Jan 13, 2017",Fantasy,4.3,17743,7400000.0,31187727.0,23787727.0
The Bye Bye Man,"Jan 13, 2017",Horror,4.3,17743,7400000.0,31187727.0,23787727.0
Manchester by the Sea,"Nov 18, 2016",Drama,7.8,214557,8500000.0,77733867.0,69233867.0
Swiss Army Man,"Jun 24, 2016",Adventure,7.0,91736,3000000.0,5837111.0,2837111.0
Swiss Army Man,"Jun 24, 2016",Comedy,7.0,91736,3000000.0,5837111.0,2837111.0
Swiss Army Man,"Jun 24, 2016",Drama,7.0,91736,3000000.0,5837111.0,2837111.0
Adulterers,"Jan 5, 2016",Crime,5.2,1377,750000.0,0.0,-750000.0
Adulterers,"Jan 5, 2016",Drama,5.2,1377,750000.0,0.0,-750000.0
Adulterers,"Jan 5, 2016",Thriller,5.2,1377,750000.0,0.0,-750000.0
Maze Runner: The Scorch Trials,"Sep 18, 2015",Action,6.3,201143,61000000.0,310566162.0,249566162.0
Maze Runner: The Scorch Trials,"Sep 18, 2015",Sci-Fi,6.3,201143,61000000.0,310566162.0,249566162.0
Maze Runner: The Scorch Trials,"Sep 18, 2015",Thriller,6.3,201143,61000000.0,310566162.0,249566162.0
Home,"Mar 27, 2015",Drama,7.2,811,130000000.0,385997896.0,255997896.0
Home,"Jun 5, 2009",Drama,7.2,811,12000000.0,0.0,-12000000.0
Home,"Apr 23, 2009",Drama,7.2,811,500000.0,44793168.0,44293168.0
The Shallows,"Jun 24, 2016",Drama,6.3,106927,13000000.0,118763442.0,105763442.0
The Shallows,"Jun 24, 2016",Horror,6.3,106927,13000000.0,118763442.0,105763442.0
The Shallows,"Jun 24, 2016",Thriller,6.3,106927,13000000.0,118763442.0,105763442.0
Do You Believe?,"Mar 20, 2015",Drama,6.1,6462,2300000.0,14304931.0,12004931.0
Code of Honor,"May 6, 2016",Action,4.2,1961,8000000.0,0.0,-8000000.0
Code of Honor,"May 6, 2016",Crime,4.2,1961,8000000.0,0.0,-8000000.0
Code of Honor,"May 6, 2016",Thriller,4.2,1961,8000000.0,0.0,-8000000.0
Green Room,"Apr 15, 2016",Horror,7.0,90773,5000000.0,3807503.0,-1192497.0
Green Room,"Apr 15, 2016",Music,7.0,90773,5000000.0,3807503.0,-1192497.0
Green Room,"Apr 15, 2016",Thriller,7.0,90773,5000000.0,3807503.0,-1192497.0
Rodeo Girl,"Dec 31, 2015",Adventure,5.8,175,500000.0,0.0,-500000.0
Rodeo Girl,"Dec 31, 2015",Family,5.8,175,500000.0,0.0,-500000.0
The Dog Lover,"Jul 8, 2016",Drama,5.6,620,2000000.0,0.0,-2000000.0
Shine,"Nov 22, 1996",Drama,4.9,150,5500000.0,36672493.0,31172493.0
Shine,"Nov 22, 1996",Music,4.9,150,5500000.0,36672493.0,31172493.0
Wild,"Dec 3, 2014",Drama,6.5,1224,15000000.0,52460543.0,37460543.0
The Darkest Minds,"Aug 3, 2018",Action,5.7,21340,34000000.0,38361428.0,4361428.0
The Darkest Minds,"Aug 3, 2018",Adventure,5.7,21340,34000000.0,38361428.0,4361428.0
The Darkest Minds,"Aug 3, 2018",Drama,5.7,21340,34000000.0,38361428.0,4361428.0
Thirteen,"Aug 20, 2003",Drama,6.3,535,2000000.0,9505996.0,7505996.0
Sardaar Ji,"Dec 31, 2015",Comedy,6.5,1182,2700000.0,8200000.0,5500000.0
Sardaar Ji,"Dec 31, 2015",Fantasy,6.5,1182,2700000.0,8200000.0,5500000.0
Sardaar Ji,"Dec 31, 2015",Horror,6.5,1182,2700000.0,8200000.0,5500000.0
Dheepan,"May 6, 2016",Crime,7.2,12312,9000000.0,7704357.0,-1295643.0
Dheepan,"May 6, 2016",Drama,7.2,12312,9000000.0,7704357.0,-1295643.0
Billy Elliot,"Oct 13, 2000",Comedy,8.5,1109,5000000.0,109253745.0,104253745.0
Billy Elliot,"Oct 13, 2000",Drama,8.5,1109,5000000.0,109253745.0,104253745.0
Billy Elliot,"Oct 13, 2000",Music,8.5,1109,5000000.0,109253745.0,104253745.0
Frankenstein,"Nov 4, 1994",Horror,5.1,2089,45000000.0,112006296.0,67006296.0
Frankenstein,"Nov 4, 1994",Sci-Fi,5.1,2089,45000000.0,112006296.0,67006296.0
Frankenstein,"Nov 4, 1994",Thriller,5.1,2089,45000000.0,112006296.0,67006296.0
The Purge: Election Year,"Jul 1, 2016",Action,6.0,80254,10000000.0,118514727.0,108514727.0
The Purge: Election Year,"Jul 1, 2016",Horror,6.0,80254,10000000.0,118514727.0,108514727.0
The Purge: Election Year,"Jul 1, 2016",Sci-Fi,6.0,80254,10000000.0,118514727.0,108514727.0
Forever My Girl,"Jan 19, 2018",Drama,6.7,10316,3500000.0,16376066.0,12876066.0
Forever My Girl,"Jan 19, 2018",Music,6.7,10316,3500000.0,16376066.0,12876066.0
Forever My Girl,"Jan 19, 2018",Romance,6.7,10316,3500000.0,16376066.0,12876066.0
War,"Aug 24, 2007",Drama,6.8,204,25000000.0,40686409.0,15686409.0
The Lego Batman Movie,"Feb 10, 2017",Action,7.3,116433,80000000.0,310660018.0,230660018.0
The Lego Batman Movie,"Feb 10, 2017",Animation,7.3,116433,80000000.0,310660018.0,230660018.0
The Lego Batman Movie,"Feb 10, 2017",Comedy,7.3,116433,80000000.0,310660018.0,230660018.0
The Master,"Sep 14, 2012",Documentary,8.0,130,37500000.0,50647416.0,13147416.0
Fantastic Beasts: The Crimes of Grindelwald,"Nov 16, 2018",Adventure,6.6,163151,200000000.0,652220086.0,452220086.0
Fantastic Beasts: The Crimes of Grindelwald,"Nov 16, 2018",Family,6.6,163151,200000000.0,652220086.0,452220086.0
Fantastic Beasts: The Crimes of Grindelwald,"Nov 16, 2018",Fantasy,6.6,163151,200000000.0,652220086.0,452220086.0
After,"Dec 31, 2012",Drama,5.6,7699,650000.0,0.0,-650000.0
After,"Dec 31, 2012",Romance,5.6,7699,650000.0,0.0,-650000.0
Test,"Jun 6, 2014",Drama,7.2,423,250000.0,18823.0,-231177.0
Florence Foster Jenkins,"Aug 12, 2016",Biography,6.8,44970,29000000.0,56000339.0,27000339.0
Florence Foster Jenkins,"Aug 12, 2016",Comedy,6.8,44970,29000000.0,56000339.0,27000339.0
Florence Foster Jenkins,"Aug 12, 2016",Drama,6.8,44970,29000000.0,56000339.0,27000339.0
Keanu,"Apr 29, 2016",Action,6.3,41560,15000000.0,20688141.0,5688141.0
Keanu,"Apr 29, 2016",Comedy,6.3,41560,15000000.0,20688141.0,5688141.0
Keanu,"Apr 29, 2016",Crime,6.3,41560,15000000.0,20688141.0,5688141.0
Bound,"Oct 4, 1996",Drama,3.5,1931,4500000.0,7011317.0,2511317.0
Bound,"Oct 4, 1996",Thriller,3.5,1931,4500000.0,7011317.0,2511317.0
Captain Marvel,"Mar 8, 2019",Action,7.0,296225,175000000.0,1123061550.0,948061550.0
Captain Marvel,"Mar 8, 2019",Adventure,7.0,296225,175000000.0,1123061550.0,948061550.0
Captain Marvel,"Mar 8, 2019",Sci-Fi,7.0,296225,175000000.0,1123061550.0,948061550.0
Avengers: Infinity War,"Apr 27, 2018",Action,8.5,670926,300000000.0,2048134200.0,1748134200.0
Avengers: Infinity War,"Apr 27, 2018",Adventure,8.5,670926,300000000.0,2048134200.0,1748134200.0
Avengers: Infinity War,"Apr 27, 2018",Sci-Fi,8.5,670926,300000000.0,2048134200.0,1748134200.0
Replicas,"Nov 9, 2012",Drama,5.4,17336,4000000.0,0.0,-4000000.0
Replicas,"Nov 9, 2012",Sci-Fi,5.4,17336,4000000.0,0.0,-4000000.0
Replicas,"Nov 9, 2012",Thriller,5.4,17336,4000000.0,0.0,-4000000.0
Iris,"Dec 14, 2001",Biography,7.1,3947,5500000.0,5580479.0,80479.0
Iris,"Dec 14, 2001",Documentary,7.1,3947,5500000.0,5580479.0,80479.0
Iris,"Dec 14, 2001",History,7.1,3947,5500000.0,5580479.0,80479.0
Free Fire,"Apr 21, 2017",Action,6.4,35954,10000000.0,3793739.0,-6206261.0
Free Fire,"Apr 21, 2017",Comedy,6.4,35954,10000000.0,3793739.0,-6206261.0
Free Fire,"Apr 21, 2017",Crime,6.4,35954,10000000.0,3793739.0,-6206261.0
Rotor DR1,"Oct 20, 2015",Family,3.4,280,350000.0,0.0,-350000.0
Rotor DR1,"Oct 20, 2015",Sci-Fi,3.4,280,350000.0,0.0,-350000.0
The Gift,"Dec 19, 2000",Drama,7.1,123834,10000000.0,44567606.0,34567606.0
The Gift,"Aug 7, 2015",Drama,7.1,123834,5000000.0,58978477.0,53978477.0
The Gift,"Dec 19, 2000",Mystery,7.1,123834,10000000.0,44567606.0,34567606.0
The Gift,"Aug 7, 2015",Mystery,7.1,123834,5000000.0,58978477.0,53978477.0
The Gift,"Dec 19, 2000",Thriller,7.1,123834,10000000.0,44567606.0,34567606.0
The Gift,"Aug 7, 2015",Thriller,7.1,123834,5000000.0,58978477.0,53978477.0
Woodlawn,"Oct 16, 2015",Drama,6.5,6070,13000000.0,14403703.0,1403703.0
Woodlawn,"Oct 16, 2015",Sport,6.5,6070,13000000.0,14403703.0,1403703.0
Meet the Blacks,"Apr 1, 2016",Comedy,5.9,34669,900000.0,9097072.0,8197072.0
Meet the Blacks,"Apr 1, 2016",Horror,5.9,34669,900000.0,9097072.0,8197072.0
Forget Me Not,"May 24, 2011",Drama,6.7,225,1300000.0,13465.0,-1286535.0
Forget Me Not,"May 24, 2011",Romance,6.7,225,1300000.0,13465.0,-1286535.0
The Birth of a Nation,"Oct 7, 2016",Biography,6.4,18442,10000000.0,16891011.0,6891011.0
The Birth of a Nation,"Feb 8, 1915",Biography,6.4,18442,110000.0,11000000.0,10890000.0
The Birth of a Nation,"Oct 7, 2016",Drama,6.4,18442,10000000.0,16891011.0,6891011.0
The Birth of a Nation,"Feb 8, 1915",Drama,6.4,18442,110000.0,11000000.0,10890000.0
The Birth of a Nation,"Oct 7, 2016",History,6.4,18442,10000000.0,16891011.0,6891011.0
The Birth of a Nation,"Feb 8, 1915",History,6.4,18442,110000.0,11000000.0,10890000.0
Jason Bourne,"Jul 29, 2016",Action,6.6,190596,120000000.0,416168316.0,296168316.0
Jason Bourne,"Jul 29, 2016",Thriller,6.6,190596,120000000.0,416168316.0,296168316.0
Widows,"Nov 16, 2018",Crime,7.0,61615,40000000.0,73866088.0,33866088.0
Widows,"Nov 16, 2018",Drama,7.0,61615,40000000.0,73866088.0,33866088.0
Widows,"Nov 16, 2018",Thriller,7.0,61615,40000000.0,73866088.0,33866088.0
The Wall,"May 12, 2017",Action,6.2,20391,3000000.0,4495262.0,1495262.0
The Wall,"May 12, 2017",Drama,6.2,20391,3000000.0,4495262.0,1495262.0
The Wall,"May 12, 2017",Thriller,6.2,20391,3000000.0,4495262.0,1495262.0
Top Spin,"Aug 21, 2015",Documentary,6.9,513,150000.0,5858.0,-144142.0
Hero,"Oct 2, 1992",Crime,6.3,263,42000000.0,66787173.0,24787173.0
Hero,"Oct 2, 1992",Drama,6.3,263,42000000.0,66787173.0,24787173.0
Supernova,"Jan 14, 2000",Drama,6.6,274,60000000.0,14816494.0,-45183506.0
Supernova,"Jan 14, 2000",Mystery,6.6,274,60000000.0,14816494.0,-45183506.0
Supernova,"Jan 14, 2000",Sci-Fi,6.6,274,60000000.0,14816494.0,-45183506.0
The Fits,"Jun 3, 2016",Drama,6.7,4053,170000.0,169242.0,-758.0
The Fits,"Jun 3, 2016",Music,6.7,4053,170000.0,169242.0,-758.0
Alpha,"Aug 17, 2018",Adventure,6.7,41882,51000000.0,99624873.0,48624873.0
Alpha,"Aug 17, 2018",Drama,6.7,41882,51000000.0,99624873.0,48624873.0
Alpha,"Aug 17, 2018",Family,6.7,41882,51000000.0,99624873.0,48624873.0
Kicks,"Sep 9, 2016",Adventure,6.3,3789,10000000.0,150191.0,-9849809.0
Kicks,"Sep 9, 2016",Drama,6.3,3789,10000000.0,150191.0,-9849809.0
Miracles from Heaven,"Mar 16, 2016",Biography,7.1,17734,13000000.0,73798736.0,60798736.0
Miracles from Heaven,"Mar 16, 2016",Drama,7.1,17734,13000000.0,73798736.0,60798736.0
Miracles from Heaven,"Mar 16, 2016",Family,7.1,17734,13000000.0,73798736.0,60798736.0
The Witch,"Feb 19, 2016",Horror,6.8,154278,3500000.0,40454520.0,36954520.0
The Witch,"Feb 19, 2016",Mystery,6.8,154278,3500000.0,40454520.0,36954520.0
Krisha,"Mar 18, 2016",Drama,7.2,5917,30000.0,144822.0,114822.0
The Founder,"Jan 20, 2017",Biography,7.2,97841,15000000.0,24403192.0,9403192.0
The Founder,"Jan 20, 2017",Drama,7.2,97841,15000000.0,24403192.0,9403192.0
The Founder,"Jan 20, 2017",History,7.2,97841,15000000.0,24403192.0,9403192.0
Fight Valley,"Jul 22, 2016",Action,2.7,494,20000000.0,0.0,-20000000.0
Fight Valley,"Jul 22, 2016",Drama,2.7,494,20000000.0,0.0,-20000000.0
The Circle,"Apr 28, 2017",Drama,5.3,72536,18000000.0,40651864.0,22651864.0
The Circle,"Apr 28, 2017",Sci-Fi,5.3,72536,18000000.0,40651864.0,22651864.0
The Circle,"Apr 28, 2017",Thriller,5.3,72536,18000000.0,40651864.0,22651864.0
Evolution,"Jun 8, 2001",Drama,6.0,5266,80000000.0,98341932.0,18341932.0
Evolution,"Jun 8, 2001",Mystery,6.0,5266,80000000.0,98341932.0,18341932.0
Evolution,"Jun 8, 2001",Sci-Fi,6.0,5266,80000000.0,98341932.0,18341932.0
Kubo and the Two Strings,"Aug 19, 2016",Action,7.8,105578,55000000.0,77548122.0,22548122.0
Kubo and the Two Strings,"Aug 19, 2016",Adventure,7.8,105578,55000000.0,77548122.0,22548122.0
Kubo and the Two Strings,"Aug 19, 2016",Animation,7.8,105578,55000000.0,77548122.0,22548122.0
Black Hawk Down,"Dec 28, 2001",Documentary,7.8,167,95000000.0,159691085.0,64691085.0
They Will Have to Kill Us First,"Mar 4, 2016",Documentary,7.3,112,600000.0,7943.0,-592057.0
90 Minutes in Heaven,"Sep 11, 2015",Drama,4.8,3105,5000000.0,4816142.0,-183858.0
Chain of Command,"Sep 8, 2015",Action,3.5,1189,4000000.0,0.0,-4000000.0
Chain of Command,"Sep 8, 2015",Thriller,3.5,1189,4000000.0,0.0,-4000000.0
Queen of Katwe,"Sep 23, 2016",Biography,7.4,13039,15000000.0,10055481.0,-4944519.0
Queen of Katwe,"Sep 23, 2016",Drama,7.4,13039,15000000.0,10055481.0,-4944519.0
Queen of Katwe,"Sep 23, 2016",Sport,7.4,13039,15000000.0,10055481.0,-4944519.0
Ouija: Origin of Evil,"Oct 21, 2016",Drama,6.1,47099,9000000.0,81831866.0,72831866.0
Ouija: Origin of Evil,"Oct 21, 2016",Horror,6.1,47099,9000000.0,81831866.0,72831866.0
Ouija: Origin of Evil,"Oct 21, 2016",Mystery,6.1,47099,9000000.0,81831866.0,72831866.0
Julija in alfa Romeo,"Dec 31, 2015",Comedy,5.8,116,560000.0,8462.0,-551538.0
Slam,"Oct 9, 1998",Comedy,6.2,883,1000000.0,1087521.0,87521.0
Slam,"Oct 9, 1998",Drama,6.2,883,1000000.0,1087521.0,87521.0
Slam,"Oct 9, 1998",Romance,6.2,883,1000000.0,1087521.0,87521.0
Chocolat,"Dec 15, 2000",Biography,7.0,5772,25000000.0,152500343.0,127500343.0
Chocolat,"Dec 15, 2000",Drama,7.0,5772,25000000.0,152500343.0,127500343.0
In Dubious Battle,"Feb 17, 2017",Drama,6.1,3189,15000000.0,214182.0,-14785818.0
Two Lovers and a Bear,"Jan 31, 2017",Adventure,6.1,1518,6840000.0,22273.0,-6817727.0
Two Lovers and a Bear,"Jan 31, 2017",Drama,6.1,1518,6840000.0,22273.0,-6817727.0
Two Lovers and a Bear,"Jan 31, 2017",Romance,6.1,1518,6840000.0,22273.0,-6817727.0
Shark Lake,"Dec 1, 2015",Action,3.5,1686,2000000.0,0.0,-2000000.0
Shark Lake,"Dec 1, 2015",Adventure,3.5,1686,2000000.0,0.0,-2000000.0
Shark Lake,"Dec 1, 2015",Crime,3.5,1686,2000000.0,0.0,-2000000.0
Ice Age,"Mar 15, 2002",Crime,6.2,754,65000000.0,386116343.0,321116343.0
Ice Age,"Mar 15, 2002",Drama,6.2,754,65000000.0,386116343.0,321116343.0
Ice Age,"Mar 15, 2002",Family,6.2,754,65000000.0,386116343.0,321116343.0
The Crew,"Aug 25, 2000",Crime,6.3,3030,23000000.0,13019253.0,-9980747.0
The Crew,"Aug 25, 2000",Drama,6.3,3030,23000000.0,13019253.0,-9980747.0
The Crew,"Aug 25, 2000",Thriller,6.3,3030,23000000.0,13019253.0,-9980747.0
Neighbors 2: Sorority Rising,"May 20, 2016",Comedy,5.7,102793,35000000.0,108757621.0,73757621.0
Tag,"Jun 15, 2018",Action,6.1,4331,28000000.0,77026186.0,49026186.0
Tag,"Jun 15, 2018",Fantasy,6.1,4331,28000000.0,77026186.0,49026186.0
Tag,"Jun 15, 2018",Horror,6.1,4331,28000000.0,77026186.0,49026186.0
Wonderland,"Oct 3, 2003",Drama,6.1,206,5500000.0,1060512.0,-4439488.0
Counting,"Jul 31, 2015",Documentary,6.0,126,50000.0,8374.0,-41626.0
Fifty Shades Darker,"Feb 10, 2017",Drama,4.6,81706,55000000.0,381398492.0,326398492.0
Fifty Shades Darker,"Feb 10, 2017",Romance,4.6,81706,55000000.0,381398492.0,326398492.0
Sahara,"Apr 8, 2005",Adventure,5.6,1943,145000000.0,121671925.0,-23328075.0
Sahara,"Apr 8, 2005",Animation,5.6,1943,145000000.0,121671925.0,-23328075.0
Sahara,"Apr 8, 2005",Comedy,5.6,1943,145000000.0,121671925.0,-23328075.0
Hero,"Oct 2, 1992",Action,3.7,1998,42000000.0,66787173.0,24787173.0
Hero,"Oct 2, 1992",Drama,3.7,1998,42000000.0,66787173.0,24787173.0
Hero,"Oct 2, 1992",Romance,3.7,1998,42000000.0,66787173.0,24787173.0
Hamlet,"Dec 25, 1996",Drama,8.6,1587,18000000.0,7129670.0,-10870330.0
Hamlet,"May 12, 2000",Drama,8.6,1587,2000000.0,2419669.0,419669.0
Fifty Shades Freed,"Feb 9, 2018",Drama,4.5,43893,55000000.0,371350619.0,316350619.0
Fifty Shades Freed,"Feb 9, 2018",Romance,4.5,43893,55000000.0,371350619.0,316350619.0
Fifty Shades Freed,"Feb 9, 2018",Thriller,4.5,43893,55000000.0,371350619.0,316350619.0
Gifted,"Apr 7, 2017",Drama,7.6,82426,7000000.0,36964656.0,29964656.0
The House,"Jun 30, 2017",Comedy,5.6,33365,40000000.0,31192425.0,-8807575.0
The House,"Jun 30, 2017",Crime,5.6,33365,40000000.0,31192425.0,-8807575.0
Why Him?,"Dec 23, 2016",Comedy,6.2,89628,38000000.0,117425156.0,79425156.0
The Meddler,"Apr 22, 2016",Comedy,6.3,10629,3200000.0,5526942.0,2326942.0
The Meddler,"Apr 22, 2016",Drama,6.3,10629,3200000.0,5526942.0,2326942.0
The Meddler,"Apr 22, 2016",Romance,6.3,10629,3200000.0,5526942.0,2326942.0
The Prodigy,"Feb 8, 2019",Horror,5.9,11456,6000000.0,19789712.0,13789712.0
The Prodigy,"Feb 8, 2019",Thriller,5.9,11456,6000000.0,19789712.0,13789712.0
Restoration,"Dec 29, 1995",Horror,4.0,808,18000000.0,4100000.0,-13900000.0
Morgan,"Sep 2, 2016",Action,5.8,35487,8000000.0,7298786.0,-701214.0
Morgan,"Sep 2, 2016",Horror,5.8,35487,8000000.0,7298786.0,-701214.0
Morgan,"Sep 2, 2016",Sci-Fi,5.8,35487,8000000.0,7298786.0,-701214.0
Robin Hood,"May 14, 2010",Action,5.3,41588,210000000.0,322459006.0,112459006.0
Robin Hood,"Nov 21, 2018",Action,5.3,41588,99000000.0,84747441.0,-14252559.0
Robin Hood,"May 14, 2010",Adventure,5.3,41588,210000000.0,322459006.0,112459006.0
Robin Hood,"Nov 21, 2018",Adventure,5.3,41588,99000000.0,84747441.0,-14252559.0
Robin Hood,"May 14, 2010",Thriller,5.3,41588,210000000.0,322459006.0,112459006.0
Robin Hood,"Nov 21, 2018",Thriller,5.3,41588,99000000.0,84747441.0,-14252559.0
White Boy Rick,"Sep 14, 2018",Crime,6.4,16255,30000000.0,25947983.0,-4052017.0
White Boy Rick,"Sep 14, 2018",Drama,6.4,16255,30000000.0,25947983.0,-4052017.0
Miss Sloane,"Nov 25, 2016",Drama,7.5,52788,18000000.0,7719630.0,-10280370.0
Miss Sloane,"Nov 25, 2016",Thriller,7.5,52788,18000000.0,7719630.0,-10280370.0
Drop Dead Gorgeous,"Jul 23, 1999",Comedy,4.8,239,10000000.0,10571408.0,571408.0
Nocturnal Animals,"Nov 18, 2016",Drama,7.5,205240,22500000.0,32398681.0,9898681.0
Nocturnal Animals,"Nov 18, 2016",Thriller,7.5,205240,22500000.0,32398681.0,9898681.0
Darkest Hour,"Nov 22, 2017",Biography,7.4,136546,30000000.0,150807172.0,120807172.0
Darkest Hour,"Nov 22, 2017",Drama,7.4,136546,30000000.0,150807172.0,120807172.0
Darkest Hour,"Nov 22, 2017",History,7.4,136546,30000000.0,150807172.0,120807172.0
Mile 22,"Aug 17, 2018",Action,6.1,47862,35000000.0,66295121.0,31295121.0
Mile 22,"Aug 17, 2018",Adventure,6.1,47862,35000000.0,66295121.0,31295121.0
Mile 22,"Aug 17, 2018",Thriller,6.1,47862,35000000.0,66295121.0,31295121.0
Patriots Day,"Dec 21, 2016",Action,7.4,76204,40000000.0,52837989.0,12837989.0
Patriots Day,"Dec 21, 2016",Crime,7.4,76204,40000000.0,52837989.0,12837989.0
Patriots Day,"Dec 21, 2016",Drama,7.4,76204,40000000.0,52837989.0,12837989.0
Sleight,"Apr 28, 2017",Action,5.9,7074,250000.0,3934450.0,3684450.0
Sleight,"Apr 28, 2017",Drama,5.9,7074,250000.0,3934450.0,3684450.0
Sleight,"Apr 28, 2017",Sci-Fi,5.9,7074,250000.0,3934450.0,3684450.0
Christopher Robin,"Aug 3, 2018",Adventure,7.3,52737,75000000.0,197504758.0,122504758.0
Christopher Robin,"Aug 3, 2018",Animation,7.3,52737,75000000.0,197504758.0,122504758.0
Christopher Robin,"Aug 3, 2018",Comedy,7.3,52737,75000000.0,197504758.0,122504758.0
The Star,"Nov 17, 2017",Adventure,6.1,5159,20000000.0,62758010.0,42758010.0
The Star,"Nov 17, 2017",Animation,6.1,5159,20000000.0,62758010.0,42758010.0
The Star,"Nov 17, 2017",Comedy,6.1,5159,20000000.0,62758010.0,42758010.0
Karachi se Lahore,"Dec 31, 2015",Adventure,6.6,1198,1000000.0,17721.0,-982279.0
Karachi se Lahore,"Dec 31, 2015",Comedy,6.6,1198,1000000.0,17721.0,-982279.0
Karachi se Lahore,"Dec 31, 2015",Family,6.6,1198,1000000.0,17721.0,-982279.0
Highway,"Dec 31, 2012",Drama,6.2,102,2000000.0,0.0,-2000000.0
Can You Ever Forgive Me?,"Oct 19, 2018",Biography,7.2,29473,10000000.0,11752387.0,1752387.0
Can You Ever Forgive Me?,"Oct 19, 2018",Comedy,7.2,29473,10000000.0,11752387.0,1752387.0
Can You Ever Forgive Me?,"Oct 19, 2018",Crime,7.2,29473,10000000.0,11752387.0,1752387.0
Bobby,"Nov 17, 2006",Biography,7.1,383,14000000.0,20597806.0,6597806.0
Bobby,"Nov 17, 2006",Documentary,7.1,383,14000000.0,20597806.0,6597806.0
Bobby,"Nov 17, 2006",Sport,7.1,383,14000000.0,20597806.0,6597806.0
Romantic Schemer,"Dec 31, 2015",Romance,5.3,178,125000.0,0.0,-125000.0
Like Crazy,"Oct 28, 2011",Comedy,7.2,7156,250000.0,3728400.0,3478400.0
Like Crazy,"Oct 28, 2011",Drama,7.2,7156,250000.0,3728400.0,3478400.0
Battle of the Sexes,"Sep 22, 2017",Biography,6.7,43245,25000000.0,18445379.0,-6554621.0
Battle of the Sexes,"Sep 22, 2017",Comedy,6.7,43245,25000000.0,18445379.0,-6554621.0
Battle of the Sexes,"Sep 22, 2017",Drama,6.7,43245,25000000.0,18445379.0,-6554621.0
Wolves,"Nov 14, 2014",Drama,5.6,884,18000000.0,94953.0,-17905047.0
Wolves,"Nov 14, 2014",Sport,5.6,884,18000000.0,94953.0,-17905047.0
Storks,"Sep 23, 2016",Adventure,6.8,50448,70000000.0,183353431.0,113353431.0
Storks,"Sep 23, 2016",Animation,6.8,50448,70000000.0,183353431.0,113353431.0
Storks,"Sep 23, 2016",Comedy,6.8,50448,70000000.0,183353431.0,113353431.0
The Fate of the Furious,"Apr 14, 2017",Action,6.7,179774,250000000.0,1234846267.0,984846267.0
The Fate of the Furious,"Apr 14, 2017",Crime,6.7,179774,250000000.0,1234846267.0,984846267.0
The Fate of the Furious,"Apr 14, 2017",Thriller,6.7,179774,250000000.0,1234846267.0,984846267.0
Braid,"Feb 1, 2019",Horror,5.3,1115,1660000.0,80745.0,-1579255.0
Braid,"Feb 1, 2019",Mystery,5.3,1115,1660000.0,80745.0,-1579255.0
Braid,"Feb 1, 2019",Thriller,5.3,1115,1660000.0,80745.0,-1579255.0
Denial,"Sep 30, 2016",Biography,6.7,16593,10000000.0,9263940.0,-736060.0
Denial,"Sep 30, 2016",Drama,6.7,16593,10000000.0,9263940.0,-736060.0
Almost Christmas,"Nov 11, 2016",Comedy,6.1,5212,17000000.0,42493506.0,25493506.0
Almost Christmas,"Nov 11, 2016",Drama,6.1,5212,17000000.0,42493506.0,25493506.0
Kingsman: The Golden Circle,"Sep 22, 2017",Action,6.8,230797,104000000.0,408803696.0,304803696.0
Kingsman: The Golden Circle,"Sep 22, 2017",Adventure,6.8,230797,104000000.0,408803696.0,304803696.0
Kingsman: The Golden Circle,"Sep 22, 2017",Comedy,6.8,230797,104000000.0,408803696.0,304803696.0
Much Ado About Nothing,"May 7, 1993",Drama,6.6,517,8000000.0,22549338.0,14549338.0
Bad Moms,"Jul 29, 2016",Comedy,6.2,100952,20000000.0,180998716.0,160998716.0
Driving Miss Daisy,"Dec 13, 1989",Comedy,8.2,122,7500000.0,106593296.0,99093296.0
Driving Miss Daisy,"Dec 13, 1989",Drama,8.2,122,7500000.0,106593296.0,99093296.0
All Saints,"Aug 25, 2017",Drama,6.0,1220,2000000.0,5941994.0,3941994.0
Fifty Shades of Black,"Jan 29, 2016",Comedy,3.5,17189,5000000.0,22113075.0,17113075.0
Kevin Hart: What Now?,"Oct 14, 2016",Comedy,5.9,8134,10000000.0,23591043.0,13591043.0
Kevin Hart: What Now?,"Oct 14, 2016",Documentary,5.9,8134,10000000.0,23591043.0,13591043.0
On the Basis of Sex,"Dec 25, 2018",Biography,6.9,12083,20000000.0,38073377.0,18073377.0
On the Basis of Sex,"Dec 25, 2018",Drama,6.9,12083,20000000.0,38073377.0,18073377.0
Loving,"Nov 4, 2016",Biography,7.0,28079,9000000.0,12898064.0,3898064.0
Loving,"Nov 4, 2016",Drama,7.0,28079,9000000.0,12898064.0,3898064.0
Loving,"Nov 4, 2016",Romance,7.0,28079,9000000.0,12898064.0,3898064.0
The Return,"Feb 6, 2004",Drama,7.7,119,15000000.0,5953886.0,-9046114.0
The Return,"Feb 6, 2004",Thriller,7.7,119,15000000.0,5953886.0,-9046114.0
Collateral Beauty,"Dec 16, 2016",Drama,6.8,78764,36000000.0,85309093.0,49309093.0
Collateral Beauty,"Dec 16, 2016",Romance,6.8,78764,36000000.0,85309093.0,49309093.0
Lion,"Nov 25, 2016",Action,3.6,282,12000000.0,149570720.0,137570720.0
Lion,"Nov 25, 2016",Drama,3.6,282,12000000.0,149570720.0,137570720.0
Lion,"Nov 25, 2016",Romance,3.6,282,12000000.0,149570720.0,137570720.0
It Comes at Night,"Jun 9, 2017",Horror,6.2,69039,5000000.0,19720203.0,14720203.0
It Comes at Night,"Jun 9, 2017",Mystery,6.2,69039,5000000.0,19720203.0,14720203.0
The Sitter,"Dec 9, 2011",Horror,4.0,250,25000000.0,38749404.0,13749404.0
Hunt for the Wilderpeople,"Jun 24, 2016",Adventure,7.9,87532,2500000.0,23845533.0,21345533.0
Hunt for the Wilderpeople,"Jun 24, 2016",Comedy,7.9,87532,2500000.0,23845533.0,21345533.0
Hunt for the Wilderpeople,"Jun 24, 2016",Drama,7.9,87532,2500000.0,23845533.0,21345533.0
Believe,"Dec 2, 2016",Drama,5.0,338,3500000.0,890303.0,-2609697.0
Bumblebee,"Dec 21, 2018",Action,6.9,94155,102000000.0,465195589.0,363195589.0
Bumblebee,"Dec 21, 2018",Adventure,6.9,94155,102000000.0,465195589.0,363195589.0
Bumblebee,"Dec 21, 2018",Sci-Fi,6.9,94155,102000000.0,465195589.0,363195589.0
Early Man,"Feb 16, 2018",Adventure,6.1,15882,50000000.0,45285890.0,-4714110.0
Early Man,"Feb 16, 2018",Animation,6.1,15882,50000000.0,45285890.0,-4714110.0
Early Man,"Feb 16, 2018",Comedy,6.1,15882,50000000.0,45285890.0,-4714110.0
American Hero,"Dec 11, 2015",Action,4.9,3661,1000000.0,26.0,-999974.0
American Hero,"Dec 11, 2015",Comedy,4.9,3661,1000000.0,26.0,-999974.0
American Hero,"Dec 11, 2015",Drama,4.9,3661,1000000.0,26.0,-999974.0
Air Strike,"Oct 26, 2018",Action,3.3,2536,65000000.0,516279.0,-64483721.0
Air Strike,"Oct 26, 2018",Adventure,3.3,2536,65000000.0,516279.0,-64483721.0
Air Strike,"Oct 26, 2018",Drama,3.3,2536,65000000.0,516279.0,-64483721.0
Orphan,"Jul 24, 2009",Drama,6.1,584,20000000.0,78769428.0,58769428.0
Unfriended: Dark Web,"Jul 20, 2018",Crime,5.9,13822,1000000.0,16434588.0,15434588.0
Unfriended: Dark Web,"Jul 20, 2018",Horror,5.9,13822,1000000.0,16434588.0,15434588.0
Unfriended: Dark Web,"Jul 20, 2018",Mystery,5.9,13822,1000000.0,16434588.0,15434588.0
Pitch Perfect 3,"Dec 22, 2017",Comedy,5.8,45127,45000000.0,185736412.0,140736412.0
Pitch Perfect 3,"Dec 22, 2017",Music,5.8,45127,45000000.0,185736412.0,140736412.0
The Promise,"Apr 21, 2017",Drama,6.1,164555,90000000.0,10551417.0,-79448583.0
The Promise,"Apr 21, 2017",History,6.1,164555,90000000.0,10551417.0,-79448583.0
LBJ,"Nov 3, 2017",Biography,6.5,4396,20000000.0,2507181.0,-17492819.0
LBJ,"Nov 3, 2017",Drama,6.5,4396,20000000.0,2507181.0,-17492819.0
LBJ,"Nov 3, 2017",History,6.5,4396,20000000.0,2507181.0,-17492819.0
The Meg,"Aug 10, 2018",Action,5.7,114042,178000000.0,529530715.0,351530715.0
The Meg,"Aug 10, 2018",Horror,5.7,114042,178000000.0,529530715.0,351530715.0
The Meg,"Aug 10, 2018",Sci-Fi,5.7,114042,178000000.0,529530715.0,351530715.0
Lights Out,"Jul 22, 2016",Drama,6.3,100650,5000000.0,148806510.0,143806510.0
Lights Out,"Jul 22, 2016",Horror,6.3,100650,5000000.0,148806510.0,143806510.0
Lights Out,"Jul 22, 2016",Mystery,6.3,100650,5000000.0,148806510.0,143806510.0
How to Be a Latin Lover,"Apr 28, 2017",Comedy,5.9,11747,10000000.0,62556228.0,52556228.0
How to Be a Latin Lover,"Apr 28, 2017",Drama,5.9,11747,10000000.0,62556228.0,52556228.0
Rough Night,"Jun 16, 2017",Comedy,5.2,39447,20000000.0,46844357.0,26844357.0
Rough Night,"Jun 16, 2017",Crime,5.2,39447,20000000.0,46844357.0,26844357.0
Rough Night,"Jun 16, 2017",Thriller,5.2,39447,20000000.0,46844357.0,26844357.0
The Best of Enemies,"Apr 5, 2019",Biography,6.8,1162,10000000.0,10205616.0,205616.0
The Best of Enemies,"Apr 5, 2019",Drama,6.8,1162,10000000.0,10205616.0,205616.0
The Best of Enemies,"Apr 5, 2019",History,6.8,1162,10000000.0,10205616.0,205616.0
The Missing,"Nov 26, 2003",Action,5.2,134,65000000.0,38253433.0,-26746567.0
The Missing,"Nov 26, 2003",Crime,5.2,134,65000000.0,38253433.0,-26746567.0
The Missing,"Nov 26, 2003",Thriller,5.2,134,65000000.0,38253433.0,-26746567.0
The Journey,"Jul 11, 2003",Drama,6.6,1063,500000.0,19800.0,-480200.0
Red Eye,"Aug 19, 2005",Horror,3.3,275,26000000.0,96666486.0,70666486.0
Sultan,"Jul 6, 2016",Action,7.1,33371,11000000.0,72989781.0,61989781.0
Sultan,"Jul 6, 2016",Drama,7.1,33371,11000000.0,72989781.0,61989781.0
Sultan,"Jul 6, 2016",Sport,7.1,33371,11000000.0,72989781.0,61989781.0
Hidden Figures,"Dec 25, 2016",Biography,7.8,171131,25000000.0,231771716.0,206771716.0
Hidden Figures,"Dec 25, 2016",Drama,7.8,171131,25000000.0,231771716.0,206771716.0
Hidden Figures,"Dec 25, 2016",History,7.8,171131,25000000.0,231771716.0,206771716.0
Blood Feast,"Feb 6, 2018",Horror,4.9,653,1200000.0,8708.0,-1191292.0
Baahubali 2: The Conclusion,"Apr 28, 2017",Action,8.3,65656,30000000.0,263502914.0,233502914.0
Baahubali 2: The Conclusion,"Apr 28, 2017",Drama,8.3,65656,30000000.0,263502914.0,233502914.0
The Perfect Match,"Mar 11, 2016",Comedy,4.9,3052,5000000.0,10182050.0,5182050.0
The Perfect Match,"Mar 11, 2016",Romance,4.9,3052,5000000.0,10182050.0,5182050.0
The Emoji Movie,"Jul 28, 2017",Adventure,3.2,47294,50000000.0,216562312.0,166562312.0
The Emoji Movie,"Jul 28, 2017",Animation,3.2,47294,50000000.0,216562312.0,166562312.0
The Emoji Movie,"Jul 28, 2017",Comedy,3.2,47294,50000000.0,216562312.0,166562312.0
Jurassic World: Fallen Kingdom,"Jun 22, 2018",Action,6.2,219125,170000000.0,1305772799.0,1135772799.0
Jurassic World: Fallen Kingdom,"Jun 22, 2018",Adventure,6.2,219125,170000000.0,1305772799.0,1135772799.0
Jurassic World: Fallen Kingdom,"Jun 22, 2018",Sci-Fi,6.2,219125,170000000.0,1305772799.0,1135772799.0
Burn Your Maps,"Jun 21, 2019",Adventure,7.9,240,8000000.0,0.0,-8000000.0
Frenzy,"Jun 21, 1972",Drama,7.4,2528,3500000.0,12600000.0,9100000.0
Calendar Girls,"Dec 19, 2003",Drama,4.2,724,10000000.0,93074616.0,83074616.0
Anna,"Jun 6, 2014",Drama,6.3,285,4357373.0,1200000.0,-3157373.0
The Resurrection of Gavin Stone,"Jan 20, 2017",Comedy,6.2,1562,2000000.0,2303792.0,303792.0
The Resurrection of Gavin Stone,"Jan 20, 2017",Drama,6.2,1562,2000000.0,2303792.0,303792.0
The Resurrection of Gavin Stone,"Jan 20, 2017",Family,6.2,1562,2000000.0,2303792.0,303792.0
Lady Bird,"Nov 3, 2017",Comedy,7.4,177677,10000000.0,78610769.0,68610769.0
Lady Bird,"Nov 3, 2017",Drama,7.4,177677,10000000.0,78610769.0,68610769.0
The Darkness,"May 13, 2016",Thriller,5.7,196,4000000.0,10898293.0,6898293.0
Jack,"Aug 9, 1996",Crime,5.9,108,45000000.0,58617334.0,13617334.0
Jack,"Aug 9, 1996",Drama,5.9,108,45000000.0,58617334.0,13617334.0
The Sisters Brothers,"Sep 21, 2018",Adventure,7.0,32135,38000000.0,13143056.0,-24856944.0
The Sisters Brothers,"Sep 21, 2018",Comedy,7.0,32135,38000000.0,13143056.0,-24856944.0
The Sisters Brothers,"Sep 21, 2018",Crime,7.0,32135,38000000.0,13143056.0,-24856944.0
All You Need Is Love,"Oct 31, 2014",Comedy,5.6,119,300000.0,3565259.0,3265259.0
All You Need Is Love,"Oct 31, 2014",Romance,5.6,119,300000.0,3565259.0,3265259.0
Split,"Jan 20, 2017",Horror,7.3,358543,5000000.0,278964806.0,273964806.0
Split,"Jan 20, 2017",Thriller,7.3,358543,5000000.0,278964806.0,273964806.0
Moonlight,"Oct 21, 2016",Drama,7.4,227964,1500000.0,65245512.0,63745512.0
The Kid,"Jul 7, 2000",Biography,6.0,1573,65000000.0,69688384.0,4688384.0
The Kid,"Jul 7, 2000",Drama,6.0,1573,65000000.0,69688384.0,4688384.0
The Kid,"Jul 7, 2000",Western,6.0,1573,65000000.0,69688384.0,4688384.0
Middle School: The Worst Years of My Life,"Oct 7, 2016",Comedy,6.1,6413,8500000.0,23311293.0,14811293.0
Middle School: The Worst Years of My Life,"Oct 7, 2016",Family,6.1,6413,8500000.0,23311293.0,14811293.0
The Forest,"Jan 8, 2016",Drama,6.5,222,10000000.0,40749230.0,30749230.0
The Forest,"Jan 8, 2016",Fantasy,6.5,222,10000000.0,40749230.0,30749230.0
The Forest,"Jan 8, 2016",Horror,6.5,222,10000000.0,40749230.0,30749230.0
The Square,"Apr 9, 2010",Comedy,7.2,44239,1900000.0,740932.0,-1159068.0
The Square,"Oct 25, 2013",Comedy,7.2,44239,1500000.0,176262.0,-1323738.0
The Square,"Apr 9, 2010",Drama,7.2,44239,1900000.0,740932.0,-1159068.0
The Square,"Oct 25, 2013",Drama,7.2,44239,1500000.0,176262.0,-1323738.0
Lovesick,"Feb 18, 1983",Drama,4.7,192,10100000.0,10143618.0,43618.0
Lovesick,"Feb 18, 1983",Romance,4.7,192,10100000.0,10143618.0,43618.0
Time to Choose,"Jun 3, 2016",Documentary,7.5,186,3500000.0,29233.0,-3470767.0
"Everything, Everything","May 19, 2017",Drama,6.4,26811,10000000.0,61603136.0,51603136.0
"Everything, Everything","May 19, 2017",Romance,6.4,26811,10000000.0,61603136.0,51603136.0
Dunkirk,"Jul 21, 2017",Action,7.9,466580,150000000.0,499837368.0,349837368.0
Dunkirk,"Jul 21, 2017",Drama,7.9,466580,150000000.0,499837368.0,349837368.0
Dunkirk,"Jul 21, 2017",History,7.9,466580,150000000.0,499837368.0,349837368.0
Hush,"Apr 8, 2016",Horror,6.6,79100,1000000.0,0.0,-1000000.0
Hush,"Apr 8, 2016",Thriller,6.6,79100,1000000.0,0.0,-1000000.0
"Three Billboards Outside Ebbing, Missouri","Nov 10, 2017",Crime,8.2,344047,12000000.0,160191915.0,148191915.0
"Three Billboards Outside Ebbing, Missouri","Nov 10, 2017",Drama,8.2,344047,12000000.0,160191915.0,148191915.0
Mary Poppins Returns,"Dec 19, 2018",Comedy,6.9,52103,130000000.0,341528518.0,211528518.0
Mary Poppins Returns,"Dec 19, 2018",Family,6.9,52103,130000000.0,341528518.0,211528518.0
Mary Poppins Returns,"Dec 19, 2018",Fantasy,6.9,52103,130000000.0,341528518.0,211528518.0
Get Out,"Feb 24, 2017",Horror,7.7,400474,5000000.0,255367951.0,250367951.0
Get Out,"Feb 24, 2017",Mystery,7.7,400474,5000000.0,255367951.0,250367951.0
Get Out,"Feb 24, 2017",Thriller,7.7,400474,5000000.0,255367951.0,250367951.0
Sicario: Day of the Soldado,"Jun 29, 2018",Action,7.1,95650,35000000.0,75885196.0,40885196.0
Sicario: Day of the Soldado,"Jun 29, 2018",Crime,7.1,95650,35000000.0,75885196.0,40885196.0
Sicario: Day of the Soldado,"Jun 29, 2018",Drama,7.1,95650,35000000.0,75885196.0,40885196.0
Dangal,"Dec 21, 2016",Action,8.5,123638,9500000.0,294654618.0,285154618.0
Dangal,"Dec 21, 2016",Biography,8.5,123638,9500000.0,294654618.0,285154618.0
Dangal,"Dec 21, 2016",Drama,8.5,123638,9500000.0,294654618.0,285154618.0
Irreplaceable,"Feb 24, 2015",Comedy,6.5,2360,600000.0,0.0,-600000.0
Irreplaceable,"Feb 24, 2015",Drama,6.5,2360,600000.0,0.0,-600000.0
The Favourite,"Nov 23, 2018",Biography,7.6,116011,15000000.0,94113929.0,79113929.0
The Favourite,"Nov 23, 2018",Drama,7.6,116011,15000000.0,94113929.0,79113929.0
The Favourite,"Nov 23, 2018",History,7.6,116011,15000000.0,94113929.0,79113929.0
Ant-Man and the Wasp,"Jul 6, 2018",Action,7.1,244024,130000000.0,623144660.0,493144660.0
Ant-Man and the Wasp,"Jul 6, 2018",Adventure,7.1,244024,130000000.0,623144660.0,493144660.0
Ant-Man and the Wasp,"Jul 6, 2018",Comedy,7.1,244024,130000000.0,623144660.0,493144660.0
The Secret Life of Pets 2,"Jun 7, 2019",Adventure,6.6,3467,80000000.0,113351496.0,33351496.0
The Secret Life of Pets 2,"Jun 7, 2019",Animation,6.6,3467,80000000.0,113351496.0,33351496.0
The Secret Life of Pets 2,"Jun 7, 2019",Comedy,6.6,3467,80000000.0,113351496.0,33351496.0
Peter Rabbit,"Feb 9, 2018",Adventure,6.6,27908,50000000.0,347136477.0,297136477.0
Peter Rabbit,"Feb 9, 2018",Animation,6.6,27908,50000000.0,347136477.0,297136477.0
Peter Rabbit,"Feb 9, 2018",Comedy,6.6,27908,50000000.0,347136477.0,297136477.0
Forsaken,"Feb 19, 2016",Horror,2.1,502,18000000.0,0.0,-18000000.0
Annabelle: Creation,"Aug 11, 2017",Horror,6.5,90402,15000000.0,305384865.0,290384865.0
Annabelle: Creation,"Aug 11, 2017",Mystery,6.5,90402,15000000.0,305384865.0,290384865.0
Annabelle: Creation,"Aug 11, 2017",Thriller,6.5,90402,15000000.0,305384865.0,290384865.0
"Love, Simon","Mar 16, 2018",Comedy,7.6,81575,10000000.0,65520633.0,55520633.0
"Love, Simon","Mar 16, 2018",Drama,7.6,81575,10000000.0,65520633.0,55520633.0
"Love, Simon","Mar 16, 2018",Romance,7.6,81575,10000000.0,65520633.0,55520633.0
Hotel Transylvania 3: Summer Vacation,"Jul 13, 2018",Adventure,6.3,42299,65000000.0,527079962.0,462079962.0
Hotel Transylvania 3: Summer Vacation,"Jul 13, 2018",Animation,6.3,42299,65000000.0,527079962.0,462079962.0
Hotel Transylvania 3: Summer Vacation,"Jul 13, 2018",Comedy,6.3,42299,65000000.0,527079962.0,462079962.0
White Fang,"Jan 18, 1991",Adventure,7.0,2048,14000000.0,34729091.0,20729091.0
White Fang,"Jan 18, 1991",Animation,7.0,2048,14000000.0,34729091.0,20729091.0
Paterson,"Dec 28, 2016",Comedy,7.4,55285,5000000.0,10727536.0,5727536.0
Paterson,"Dec 28, 2016",Drama,7.4,55285,5000000.0,10727536.0,5727536.0
Paterson,"Dec 28, 2016",Romance,7.4,55285,5000000.0,10727536.0,5727536.0
Indivisible,"Oct 26, 2018",Drama,7.1,901,2700000.0,3588305.0,888305.0
Trapped,"Sep 20, 2002",Documentary,7.0,243,30000000.0,6916869.0,-23083131.0
My Best Friend's Wedding,"Jun 20, 1997",Comedy,5.0,162,46000000.0,298923419.0,252923419.0
My Best Friend's Wedding,"Jun 20, 1997",Romance,5.0,162,46000000.0,298923419.0,252923419.0
Marshall,"Oct 13, 2017",Biography,7.2,14419,12000000.0,10116816.0,-1883184.0
Marshall,"Oct 13, 2017",Crime,7.2,14419,12000000.0,10116816.0,-1883184.0
Marshall,"Oct 13, 2017",Drama,7.2,14419,12000000.0,10116816.0,-1883184.0
Valentine,"Feb 2, 2001",Action,4.5,205,10000000.0,20384136.0,10384136.0
Happy Death Day,"Oct 13, 2017",Horror,6.5,87132,5000000.0,125010260.0,120010260.0
Happy Death Day,"Oct 13, 2017",Mystery,6.5,87132,5000000.0,125010260.0,120010260.0
Happy Death Day,"Oct 13, 2017",Thriller,6.5,87132,5000000.0,125010260.0,120010260.0
Sgt. Stubby: An American Hero,"Apr 13, 2018",Adventure,6.9,1225,25000000.0,3645957.0,-21354043.0
Sgt. Stubby: An American Hero,"Apr 13, 2018",Animation,6.9,1225,25000000.0,3645957.0,-21354043.0
Sgt. Stubby: An American Hero,"Apr 13, 2018",Family,6.9,1225,25000000.0,3645957.0,-21354043.0
Wish Upon,"Jul 14, 2017",Drama,5.0,14962,12000000.0,23477345.0,11477345.0
Wish Upon,"Jul 14, 2017",Fantasy,5.0,14962,12000000.0,23477345.0,11477345.0
Wish Upon,"Jul 14, 2017",Horror,5.0,14962,12000000.0,23477345.0,11477345.0
Lean on Pete,"Apr 6, 2018",Adventure,7.2,8607,8000000.0,2455027.0,-5544973.0
Lean on Pete,"Apr 6, 2018",Drama,7.2,8607,8000000.0,2455027.0,-5544973.0
Conspiracy Theory,"Aug 8, 1997",Horror,5.8,688,80000000.0,142783718.0,62783718.0
Conspiracy Theory,"Aug 8, 1997",Thriller,5.8,688,80000000.0,142783718.0,62783718.0
The Hurricane Heist,"Mar 9, 2018",Action,5.1,15326,40000000.0,30963684.0,-9036316.0
The Hurricane Heist,"Mar 9, 2018",Adventure,5.1,15326,40000000.0,30963684.0,-9036316.0
The Hurricane Heist,"Mar 9, 2018",Crime,5.1,15326,40000000.0,30963684.0,-9036316.0
Wonderland,"Oct 3, 2003",Comedy,3.9,259,5500000.0,1060512.0,-4439488.0
Logan Lucky,"Aug 18, 2017",Comedy,7.0,105966,29000000.0,44264271.0,15264271.0
Logan Lucky,"Aug 18, 2017",Crime,7.0,105966,29000000.0,44264271.0,15264271.0
Logan Lucky,"Aug 18, 2017",Drama,7.0,105966,29000000.0,44264271.0,15264271.0
Life,"Apr 16, 1999",Horror,6.6,182840,75000000.0,73521587.0,-1478413.0
Life,"Mar 24, 2017",Horror,6.6,182840,58000000.0,100929666.0,42929666.0
Life,"Apr 16, 1999",Sci-Fi,6.6,182840,75000000.0,73521587.0,-1478413.0
Life,"Mar 24, 2017",Sci-Fi,6.6,182840,58000000.0,100929666.0,42929666.0
Life,"Apr 16, 1999",Thriller,6.6,182840,75000000.0,73521587.0,-1478413.0
Life,"Mar 24, 2017",Thriller,6.6,182840,58000000.0,100929666.0,42929666.0
Hide and Seek,"Jan 28, 2005",Comedy,5.9,178,25000000.0,123696741.0,98696741.0
Hide and Seek,"Jan 28, 2005",Crime,5.9,178,25000000.0,123696741.0,98696741.0
Rockaway,"Jul 7, 2007",Adventure,6.4,528,2000000.0,0.0,-2000000.0
Rockaway,"Jul 7, 2007",Drama,6.4,528,2000000.0,0.0,-2000000.0
The Big Sick,"Jun 23, 2017",Comedy,7.6,104008,5000000.0,53972860.0,48972860.0
The Big Sick,"Jun 23, 2017",Drama,7.6,104008,5000000.0,53972860.0,48972860.0
The Big Sick,"Jun 23, 2017",Romance,7.6,104008,5000000.0,53972860.0,48972860.0
Deadpool 2,"May 18, 2018",Action,7.8,391735,110000000.0,786680557.0,676680557.0
Deadpool 2,"May 18, 2018",Adventure,7.8,391735,110000000.0,786680557.0,676680557.0
Deadpool 2,"May 18, 2018",Comedy,7.8,391735,110000000.0,786680557.0,676680557.0
Loving,"Nov 4, 2016",Drama,5.3,2530,9000000.0,12898064.0,3898064.0
Loving,"Nov 4, 2016",Romance,5.3,2530,9000000.0,12898064.0,3898064.0
Cargo,"Oct 21, 2011",Drama,6.4,309,4200000.0,313230.0,-3886770.0
The Watcher,"Sep 8, 2000",Horror,5.4,2720,33000000.0,47267829.0,14267829.0
The Watcher,"Sep 8, 2000",Thriller,5.4,2720,33000000.0,47267829.0,14267829.0
Bright,"Dec 13, 2017",Action,6.4,147834,90000000.0,0.0,-90000000.0
Bright,"Dec 13, 2017",Crime,6.4,147834,90000000.0,0.0,-90000000.0
Bright,"Dec 13, 2017",Fantasy,6.4,147834,90000000.0,0.0,-90000000.0
The Nutcracker and the Four Realms,"Nov 2, 2018",Adventure,5.5,18734,132900000.0,170293899.0,37393899.0
The Nutcracker and the Four Realms,"Nov 2, 2018",Family,5.5,18734,132900000.0,170293899.0,37393899.0
The Nutcracker and the Four Realms,"Nov 2, 2018",Fantasy,5.5,18734,132900000.0,170293899.0,37393899.0
Hawaii,"Oct 10, 1966",Drama,7.7,542,15000000.0,34562222.0,19562222.0
Much Ado About Nothing,"May 7, 1993",Comedy,8.4,365,8000000.0,22549338.0,14549338.0
Much Ado About Nothing,"May 7, 1993",Romance,8.4,365,8000000.0,22549338.0,14549338.0
Tarnation,"Oct 6, 2004",Comedy,3.5,229,400000.0,1162014.0,762014.0
Tarnation,"Oct 6, 2004",Horror,3.5,229,400000.0,1162014.0,762014.0
"I, Tonya","Dec 8, 2017",Biography,7.5,141668,11000000.0,53797409.0,42797409.0
"I, Tonya","Dec 8, 2017",Comedy,7.5,141668,11000000.0,53797409.0,42797409.0
"I, Tonya","Dec 8, 2017",Drama,7.5,141668,11000000.0,53797409.0,42797409.0
The Hate U Give,"Oct 5, 2018",Crime,7.3,17583,23000000.0,35067665.0,12067665.0
The Hate U Give,"Oct 5, 2018",Drama,7.3,17583,23000000.0,35067665.0,12067665.0
The Shape of Water,"Dec 1, 2017",Adventure,7.3,308112,19500000.0,195790794.0,176290794.0
The Shape of Water,"Dec 1, 2017",Drama,7.3,308112,19500000.0,195790794.0,176290794.0
The Shape of Water,"Dec 1, 2017",Fantasy,7.3,308112,19500000.0,195790794.0,176290794.0
Turbulence,"Jan 10, 1997",Action,5.3,249,55000000.0,11532774.0,-43467226.0
Turbulence,"Jan 10, 1997",Drama,5.3,249,55000000.0,11532774.0,-43467226.0
Turbulence,"Jan 10, 1997",Thriller,5.3,249,55000000.0,11532774.0,-43467226.0
Driven,"Apr 27, 2001",Biography,6.6,118,72000000.0,54616869.0,-17383131.0
Driven,"Apr 27, 2001",Drama,6.6,118,72000000.0,54616869.0,-17383131.0
Driven,"Apr 27, 2001",Thriller,6.6,118,72000000.0,54616869.0,-17383131.0
Night School,"Sep 28, 2018",Documentary,7.2,112,29000000.0,103008792.0,74008792.0
The Covenant,"Sep 8, 2006",Horror,5.2,1359,20000000.0,38164784.0,18164784.0
Unforgettable,"Feb 23, 1996",Drama,7.3,773,18000000.0,2483790.0,-15516210.0
Unforgettable,"Apr 21, 2017",Drama,7.3,773,12000000.0,16221211.0,4221211.0
Unforgettable,"Feb 23, 1996",Romance,7.3,773,18000000.0,2483790.0,-15516210.0
Unforgettable,"Apr 21, 2017",Romance,7.3,773,12000000.0,16221211.0,4221211.0
3,"Sep 16, 2011",Horror,3.9,166,7200000.0,295492.0,-6904508.0
3,"Sep 16, 2011",Mystery,3.9,166,7200000.0,295492.0,-6904508.0
3,"Sep 16, 2011",Thriller,3.9,166,7200000.0,295492.0,-6904508.0
Life of the Party,"May 11, 2018",Comedy,5.5,25756,30000000.0,65759911.0,35759911.0
On the Road,"Mar 22, 2013",Drama,5.7,127,25000000.0,9313302.0,-15686698.0
Thoroughbreds,"Mar 9, 2018",Comedy,6.7,25098,5000000.0,3187302.0,-1812698.0
Thoroughbreds,"Mar 9, 2018",Crime,6.7,25098,5000000.0,3187302.0,-1812698.0
Thoroughbreds,"Mar 9, 2018",Drama,6.7,25098,5000000.0,3187302.0,-1812698.0
The Florida Project,"Oct 6, 2017",Drama,7.6,72193,2000000.0,11295324.0,9295324.0
Hide and Seek,"Jan 28, 2005",Mystery,5.9,409,25000000.0,123696741.0,98696741.0
Hide and Seek,"Jan 28, 2005",Thriller,5.9,409,25000000.0,123696741.0,98696741.0
Blindness,"Oct 3, 2008",Drama,5.4,114,25000000.0,20052958.0,-4947042.0
Goosebumps 2: Haunted Halloween,"Oct 12, 2018",Adventure,5.6,11459,35000000.0,93291478.0,58291478.0
Goosebumps 2: Haunted Halloween,"Oct 12, 2018",Comedy,5.6,11459,35000000.0,93291478.0,58291478.0
Goosebumps 2: Haunted Halloween,"Oct 12, 2018",Family,5.6,11459,35000000.0,93291478.0,58291478.0
Sorry to Bother You,"Jul 6, 2018",Comedy,7.0,40290,3200000.0,18285560.0,15085560.0
Sorry to Bother You,"Jul 6, 2018",Fantasy,7.0,40290,3200000.0,18285560.0,15085560.0
Sorry to Bother You,"Jul 6, 2018",Sci-Fi,7.0,40290,3200000.0,18285560.0,15085560.0
Slender Man,"Aug 10, 2018",Horror,3.2,19650,10000000.0,51723644.0,41723644.0
Slender Man,"Aug 10, 2018",Mystery,3.2,19650,10000000.0,51723644.0,41723644.0
Slender Man,"Aug 10, 2018",Thriller,3.2,19650,10000000.0,51723644.0,41723644.0
The Howling,"Apr 10, 1981",Horror,2.6,126,1000000.0,17985000.0,16985000.0
Home Again,"Sep 8, 2017",Comedy,5.8,22614,15000000.0,37336874.0,22336874.0
Home Again,"Sep 8, 2017",Drama,5.8,22614,15000000.0,37336874.0,22336874.0
Home Again,"Sep 8, 2017",Romance,5.8,22614,15000000.0,37336874.0,22336874.0
Cold Pursuit,"Feb 8, 2019",Action,6.2,27648,60000000.0,62599159.0,2599159.0
Cold Pursuit,"Feb 8, 2019",Crime,6.2,27648,60000000.0,62599159.0,2599159.0
Cold Pursuit,"Feb 8, 2019",Drama,6.2,27648,60000000.0,62599159.0,2599159.0
Just Getting Started,"Dec 8, 2017",Action,4.4,4829,22000000.0,6756412.0,-15243588.0
Just Getting Started,"Dec 8, 2017",Comedy,4.4,4829,22000000.0,6756412.0,-15243588.0
Insidious: The Last Key,"Jan 5, 2018",Horror,5.7,42154,10000000.0,167885588.0,157885588.0
Insidious: The Last Key,"Jan 5, 2018",Mystery,5.7,42154,10000000.0,167885588.0,157885588.0
Insidious: The Last Key,"Jan 5, 2018",Thriller,5.7,42154,10000000.0,167885588.0,157885588.0
The Possession of Hannah Grace,"Nov 30, 2018",Horror,5.2,11629,6000000.0,42785387.0,36785387.0
The Possession of Hannah Grace,"Nov 30, 2018",Mystery,5.2,11629,6000000.0,42785387.0,36785387.0
The Possession of Hannah Grace,"Nov 30, 2018",Thriller,5.2,11629,6000000.0,42785387.0,36785387.0
The Bachelor,"Nov 5, 1999",Comedy,5.1,895,21000000.0,36882378.0,15882378.0
The Bachelor,"Nov 5, 1999",Romance,5.1,895,21000000.0,36882378.0,15882378.0
Skyscraper,"Jul 13, 2018",Action,5.8,81193,125000000.0,304115534.0,179115534.0
Skyscraper,"Jul 13, 2018",Adventure,5.8,81193,125000000.0,304115534.0,179115534.0
Skyscraper,"Jul 13, 2018",Thriller,5.8,81193,125000000.0,304115534.0,179115534.0
The Lovers,"Mar 13, 2015",Comedy,6.1,2751,35000000.0,53899.0,-34946101.0
The Lovers,"Mar 13, 2015",Drama,6.1,2751,35000000.0,53899.0,-34946101.0
The Lovers,"Mar 13, 2015",Romance,6.1,2751,35000000.0,53899.0,-34946101.0
Shutter,"Mar 21, 2008",Horror,5.3,313,8000000.0,47782426.0,39782426.0
Shutter,"Mar 21, 2008",Thriller,5.3,313,8000000.0,47782426.0,39782426.0
I Am Not Your Negro,"Feb 3, 2017",Documentary,7.8,13948,1000000.0,9617402.0,8617402.0
Let There Be Light,"Oct 27, 2017",Drama,4.8,2179,3000000.0,7241309.0,4241309.0
Happiness,"Oct 16, 1998",Drama,7.2,197,3000000.0,5746453.0,2746453.0
Hotel Artemis,"Jun 8, 2018",Action,6.1,30586,15000000.0,12758799.0,-2241201.0
Hotel Artemis,"Jun 8, 2018",Drama,6.1,30586,15000000.0,12758799.0,-2241201.0
Hotel Artemis,"Jun 8, 2018",Sci-Fi,6.1,30586,15000000.0,12758799.0,-2241201.0
The Saint,"Apr 4, 1997",Drama,6.4,516,90000000.0,169400000.0,79400000.0
Ordinary People,"Sep 19, 1980",Drama,7.4,128,6000000.0,52302978.0,46302978.0
The Professor and the Madman,"May 10, 2019",Biography,7.4,10383,25000000.0,5227233.0,-19772767.0
The Professor and the Madman,"May 10, 2019",Drama,7.4,10383,25000000.0,5227233.0,-19772767.0
The Professor and the Madman,"May 10, 2019",Mystery,7.4,10383,25000000.0,5227233.0,-19772767.0
Glory,"Dec 13, 1989",Drama,7.6,1622,18000000.0,26593580.0,8593580.0
Unhinged,"Sep 30, 2019",Horror,4.2,512,29000000.0,0.0,-29000000.0
Miss Bala,"Feb 1, 2019",Action,5.5,3738,15000000.0,15362298.0,362298.0
Miss Bala,"Feb 1, 2019",Crime,5.5,3738,15000000.0,15362298.0,362298.0
Miss Bala,"Feb 1, 2019",Drama,5.5,3738,15000000.0,15362298.0,362298.0
Captive State,"Mar 15, 2019",Sci-Fi,6.9,28780,25000000.0,8993300.0,-16006700.0
Captive State,"Mar 15, 2019",Thriller,6.9,28780,25000000.0,8993300.0,-16006700.0
Columbus,"Aug 4, 2017",Drama,7.2,10735,700000.0,1110511.0,410511.0
The Net,"Jul 28, 1995",Drama,7.3,2098,22000000.0,110521733.0,88521733.0
"Roman J. Israel, Esq.","Nov 17, 2017",Crime,6.4,23632,22000000.0,12967012.0,-9032988.0
"Roman J. Israel, Esq.","Nov 17, 2017",Drama,6.4,23632,22000000.0,12967012.0,-9032988.0
"Roman J. Israel, Esq.","Nov 17, 2017",Thriller,6.4,23632,22000000.0,12967012.0,-9032988.0
Diary of a Wimpy Kid: The Long Haul,"May 19, 2017",Comedy,4.4,5635,22000000.0,35609577.0,13609577.0
Diary of a Wimpy Kid: The Long Haul,"May 19, 2017",Family,4.4,5635,22000000.0,35609577.0,13609577.0
The Night Before,"Nov 20, 2015",Horror,4.7,150,25000000.0,52427346.0,27427346.0
Swingers,"Oct 18, 1996",Comedy,6.7,434,200000.0,6618578.0,6418578.0
Kin,"Aug 31, 2018",Action,5.7,9048,30000000.0,10096821.0,-19903179.0
Kin,"Aug 31, 2018",Drama,5.7,9048,30000000.0,10096821.0,-19903179.0
Kin,"Aug 31, 2018",Sci-Fi,5.7,9048,30000000.0,10096821.0,-19903179.0
First Reformed,"May 18, 2018",Drama,7.1,33542,3500000.0,3874772.0,374772.0
First Reformed,"May 18, 2018",Mystery,7.1,33542,3500000.0,3874772.0,374772.0
First Reformed,"May 18, 2018",Thriller,7.1,33542,3500000.0,3874772.0,374772.0
The Return,"Feb 6, 2004",Documentary,7.1,104,15000000.0,5953886.0,-9046114.0
The Return,"Feb 6, 2004",Drama,7.1,104,15000000.0,5953886.0,-9046114.0
Acrimony,"Mar 30, 2018",Drama,5.7,6119,20000000.0,46627836.0,26627836.0
Acrimony,"Mar 30, 2018",Romance,5.7,6119,20000000.0,46627836.0,26627836.0
Acrimony,"Mar 30, 2018",Thriller,5.7,6119,20000000.0,46627836.0,26627836.0
Barbecue,"Dec 26, 2014",Documentary,6.5,356,10000000.0,247565.0,-9752435.0
The Family,"Sep 13, 2013",Drama,6.6,325,30000000.0,51078541.0,21078541.0
Late Night,"Jun 7, 2019",Comedy,5.9,953,4000000.0,246305.0,-3753695.0
Late Night,"Jun 7, 2019",Drama,5.9,953,4000000.0,246305.0,-3753695.0
The Butterfly Effect,"Jan 23, 2004",Comedy,6.9,104,13000000.0,95638592.0,82638592.0
The Butterfly Effect,"Jan 23, 2004",Crime,6.9,104,13000000.0,95638592.0,82638592.0
The Butterfly Effect,"Jan 23, 2004",Drama,6.9,104,13000000.0,95638592.0,82638592.0
The First Purge,"Jul 4, 2018",Action,5.1,41741,13000000.0,136617305.0,123617305.0
The First Purge,"Jul 4, 2018",Horror,5.1,41741,13000000.0,136617305.0,123617305.0
The First Purge,"Jul 4, 2018",Sci-Fi,5.1,41741,13000000.0,136617305.0,123617305.0
Aladdin,"May 24, 2019",Adventure,7.4,57549,182000000.0,619234314.0,437234314.0
Aladdin,"Nov 11, 1992",Adventure,7.4,57549,28000000.0,504050219.0,476050219.0
Aladdin,"May 24, 2019",Comedy,7.4,57549,182000000.0,619234314.0,437234314.0
Aladdin,"Nov 11, 1992",Comedy,7.4,57549,28000000.0,504050219.0,476050219.0
Aladdin,"May 24, 2019",Family,7.4,57549,182000000.0,619234314.0,437234314.0
Aladdin,"Nov 11, 1992",Family,7.4,57549,28000000.0,504050219.0,476050219.0
Split,"Jan 20, 2017",Action,5.4,189,5000000.0,278964806.0,273964806.0
Split,"Jan 20, 2017",Drama,5.4,189,5000000.0,278964806.0,273964806.0
Split,"Jan 20, 2017",Sport,5.4,189,5000000.0,278964806.0,273964806.0
November,"Jul 22, 2005",Drama,7.2,2455,250000.0,191862.0,-58138.0
November,"Jul 22, 2005",Fantasy,7.2,2455,250000.0,191862.0,-58138.0
November,"Jul 22, 2005",Horror,7.2,2455,250000.0,191862.0,-58138.0
One Day,"Aug 19, 2011",Drama,7.8,1454,15000000.0,59168692.0,44168692.0
One Day,"Aug 19, 2011",Romance,7.8,1454,15000000.0,59168692.0,44168692.0
The Party's Over,"Oct 24, 2003",Drama,6.3,123,1000000.0,0.0,-1000000.0
Derailed,"Nov 11, 2005",Action,6.3,212,22000000.0,57520063.0,35520063.0
Derailed,"Nov 11, 2005",Crime,6.3,212,22000000.0,57520063.0,35520063.0
Posledniy bogatyr,"Dec 31, 2017",Action,6.6,1853,8500000.0,30700192.0,22200192.0
Posledniy bogatyr,"Dec 31, 2017",Adventure,6.6,1853,8500000.0,30700192.0,22200192.0
Posledniy bogatyr,"Dec 31, 2017",Comedy,6.6,1853,8500000.0,30700192.0,22200192.0
Venus,"Dec 21, 2006",Documentary,7.0,278,6000000.0,7818479.0,1818479.0
Smallfoot,"Sep 28, 2018",Adventure,6.7,23295,80000000.0,213691277.0,133691277.0
Smallfoot,"Sep 28, 2018",Animation,6.7,23295,80000000.0,213691277.0,133691277.0
Smallfoot,"Sep 28, 2018",Comedy,6.7,23295,80000000.0,213691277.0,133691277.0
Let There Be Light,"Oct 27, 2017",Documentary,6.7,127,3000000.0,7241309.0,4241309.0
Trapped,"Sep 20, 2002",Action,7.6,7683,30000000.0,6916869.0,-23083131.0
Trapped,"Sep 20, 2002",Drama,7.6,7683,30000000.0,6916869.0,-23083131.0
Trapped,"Sep 20, 2002",Thriller,7.6,7683,30000000.0,6916869.0,-23083131.0
Motherhood,"Oct 23, 2009",Drama,4.6,110,10000000.0,723388.0,-9276612.0
Motherhood,"Oct 23, 2009",Romance,4.6,110,10000000.0,723388.0,-9276612.0
The Journey,"Jul 11, 2003",Drama,6.3,124,500000.0,19800.0,-480200.0
The Journey,"Jul 11, 2003",Thriller,6.3,124,500000.0,19800.0,-480200.0
One Day,"Aug 19, 2011",Drama,6.6,269,15000000.0,59168692.0,44168692.0
One Day,"Aug 19, 2011",Fantasy,6.6,269,15000000.0,59168692.0,44168692.0
Ravenous,"Mar 19, 1999",Drama,5.9,5970,12000000.0,2062406.0,-9937594.0
Ravenous,"Mar 19, 1999",Horror,5.9,5970,12000000.0,2062406.0,-9937594.0
Ravenous,"Mar 19, 1999",Sci-Fi,5.9,5970,12000000.0,2062406.0,-9937594.0
Role Models,"Nov 7, 2008",Comedy,4.9,401,28000000.0,94500826.0,66500826.0
Role Models,"Nov 7, 2008",Drama,4.9,401,28000000.0,94500826.0,66500826.0
A Ghost Story,"Jul 7, 2017",Drama,6.8,46280,100000.0,2769782.0,2669782.0
A Ghost Story,"Jul 7, 2017",Fantasy,6.8,46280,100000.0,2769782.0,2669782.0
A Ghost Story,"Jul 7, 2017",Romance,6.8,46280,100000.0,2769782.0,2669782.0
Vice,"Dec 25, 2018",Biography,7.2,72855,60000000.0,70883171.0,10883171.0
Vice,"Dec 25, 2018",Comedy,7.2,72855,60000000.0,70883171.0,10883171.0
Vice,"Dec 25, 2018",Drama,7.2,72855,60000000.0,70883171.0,10883171.0
Patti Cake$,"Aug 18, 2017",Drama,6.7,8581,1000000.0,1471090.0,471090.0
Patti Cake$,"Aug 18, 2017",Music,6.7,8581,1000000.0,1471090.0,471090.0
The Post,"Dec 22, 2017",Biography,7.2,108017,50000000.0,179748880.0,129748880.0
The Post,"Dec 22, 2017",Drama,7.2,108017,50000000.0,179748880.0,129748880.0
The Post,"Dec 22, 2017",History,7.2,108017,50000000.0,179748880.0,129748880.0
Adrift,"Jun 1, 2018",Action,6.6,34115,35000000.0,57897191.0,22897191.0
Adrift,"Jun 1, 2018",Adventure,6.6,34115,35000000.0,57897191.0,22897191.0
Adrift,"Jun 1, 2018",Biography,6.6,34115,35000000.0,57897191.0,22897191.0
City of Ghosts,"Apr 25, 2003",Documentary,7.4,2925,17500000.0,325491.0,-17174509.0
City of Ghosts,"Apr 25, 2003",War,7.4,2925,17500000.0,325491.0,-17174509.0
Icarus,"Feb 9, 2010",Documentary,7.9,28979,6000000.0,0.0,-6000000.0
Icarus,"Feb 9, 2010",Sport,7.9,28979,6000000.0,0.0,-6000000.0
Icarus,"Feb 9, 2010",Thriller,7.9,28979,6000000.0,0.0,-6000000.0
Creed II,"Nov 21, 2018",Drama,7.2,72503,50000000.0,213591522.0,163591522.0
Creed II,"Nov 21, 2018",Sport,7.2,72503,50000000.0,213591522.0,163591522.0
A Bad Moms Christmas,"Nov 1, 2017",Adventure,5.5,33056,28000000.0,127710550.0,99710550.0
A Bad Moms Christmas,"Nov 1, 2017",Comedy,5.5,33056,28000000.0,127710550.0,99710550.0
Ten,"Apr 21, 2015",Horror,4.7,191,25000.0,0.0,-25000.0
Ten,"Apr 21, 2015",Mystery,4.7,191,25000.0,0.0,-25000.0
Ten,"Apr 21, 2015",Thriller,4.7,191,25000.0,0.0,-25000.0
Proud Mary,"Jan 12, 2018",Action,4.9,6805,30000000.0,21709539.0,-8290461.0
Proud Mary,"Jan 12, 2018",Crime,4.9,6805,30000000.0,21709539.0,-8290461.0
Proud Mary,"Jan 12, 2018",Drama,4.9,6805,30000000.0,21709539.0,-8290461.0
Anna,"Jun 6, 2014",Horror,2.4,341,4357373.0,1200000.0,-3157373.0
Wonder Park,"Mar 15, 2019",Adventure,5.7,3091,100000000.0,115149422.0,15149422.0
Wonder Park,"Mar 15, 2019",Animation,5.7,3091,100000000.0,115149422.0,15149422.0
Wonder Park,"Mar 15, 2019",Comedy,5.7,3091,100000000.0,115149422.0,15149422.0
I Can Only Imagine,"Mar 16, 2018",Biography,7.4,11439,7000000.0,85604221.0,78604221.0
I Can Only Imagine,"Mar 16, 2018",Drama,7.4,11439,7000000.0,85604221.0,78604221.0
I Can Only Imagine,"Mar 16, 2018",Family,7.4,11439,7000000.0,85604221.0,78604221.0
Five Feet Apart,"Mar 15, 2019",Drama,7.2,10645,7000000.0,80504421.0,73504421.0
Five Feet Apart,"Mar 15, 2019",Romance,7.2,10645,7000000.0,80504421.0,73504421.0
Serenity,"Sep 30, 2005",Drama,5.3,17904,39000000.0,40319440.0,1319440.0
Serenity,"Jan 25, 2019",Drama,5.3,17904,25000000.0,11367029.0,-13632971.0
Serenity,"Sep 30, 2005",Mystery,5.3,17904,39000000.0,40319440.0,1319440.0
Serenity,"Jan 25, 2019",Mystery,5.3,17904,25000000.0,11367029.0,-13632971.0
Serenity,"Sep 30, 2005",Sci-Fi,5.3,17904,39000000.0,40319440.0,1319440.0
Serenity,"Jan 25, 2019",Sci-Fi,5.3,17904,25000000.0,11367029.0,-13632971.0
Little Women,"Dec 21, 1994",Drama,4.6,626,15000000.0,50003303.0,35003303.0
Little Women,"Dec 21, 1994",Family,4.6,626,15000000.0,50003303.0,35003303.0
Action Point,"Jun 1, 2018",Comedy,5.0,6657,19000000.0,5103675.0,-13896325.0
Upgrade,"Jun 1, 2018",Action,7.6,104978,3000000.0,16553285.0,13553285.0
Upgrade,"Jun 1, 2018",Sci-Fi,7.6,104978,3000000.0,16553285.0,13553285.0
Upgrade,"Jun 1, 2018",Thriller,7.6,104978,3000000.0,16553285.0,13553285.0
Indivisible,"Oct 26, 2018",Drama,5.6,812,2700000.0,3588305.0,888305.0
Indivisible,"Oct 26, 2018",War,5.6,812,2700000.0,3588305.0,888305.0
Molly,"Oct 22, 1999",Action,4.6,726,21000000.0,17396.0,-20982604.0
Molly,"Oct 22, 1999",Sci-Fi,4.6,726,21000000.0,17396.0,-20982604.0
The Apparition,"Aug 24, 2012",Drama,6.4,873,17000000.0,10637281.0,-6362719.0
Dark Phoenix,"Jun 7, 2019",Action,6.0,24451,350000000.0,149762350.0,-200237650.0
Dark Phoenix,"Jun 7, 2019",Adventure,6.0,24451,350000000.0,149762350.0,-200237650.0
Dark Phoenix,"Jun 7, 2019",Sci-Fi,6.0,24451,350000000.0,149762350.0,-200237650.0
Screwed,"May 12, 2000",Comedy,6.3,716,12000000.0,6982680.0,-5017320.0
Screwed,"May 12, 2000",Drama,6.3,716,12000000.0,6982680.0,-5017320.0
Screwed,"May 12, 2000",Romance,6.3,716,12000000.0,6982680.0,-5017320.0
Bad Times at the El Royale,"Oct 12, 2018",Crime,7.1,86318,32000000.0,29204379.0,-2795621.0
Bad Times at the El Royale,"Oct 12, 2018",Drama,7.1,86318,32000000.0,29204379.0,-2795621.0
Bad Times at the El Royale,"Oct 12, 2018",Mystery,7.1,86318,32000000.0,29204379.0,-2795621.0
A Quiet Place,"Apr 6, 2018",Drama,7.6,305031,17000000.0,334522294.0,317522294.0
A Quiet Place,"Apr 6, 2018",Horror,7.6,305031,17000000.0,334522294.0,317522294.0
A Quiet Place,"Apr 6, 2018",Sci-Fi,7.6,305031,17000000.0,334522294.0,317522294.0
Youth,"Dec 4, 2015",Drama,7.1,2221,13000000.0,24001573.0,11001573.0
Youth,"Dec 4, 2015",Romance,7.1,2221,13000000.0,24001573.0,11001573.0
Youth,"Dec 4, 2015",War,7.1,2221,13000000.0,24001573.0,11001573.0
Carnage,"Dec 16, 2011",Comedy,7.8,1108,25000000.0,38112154.0,13112154.0
The Return,"Feb 6, 2004",Action,6.9,134,15000000.0,5953886.0,-9046114.0
The Return,"Feb 6, 2004",Documentary,6.9,134,15000000.0,5953886.0,-9046114.0
Miracle,"Feb 6, 2004",Comedy,7.0,420,28000000.0,64474705.0,36474705.0
Miracle,"Feb 6, 2004",Drama,7.0,420,28000000.0,64474705.0,36474705.0
Diane,"Jan 12, 1956",Drama,6.5,389,2660000.0,0.0,-2660000.0
The Intruder,"May 3, 2019",Drama,5.5,1912,8000000.0,36005871.0,28005871.0
The Intruder,"May 3, 2019",Horror,5.5,1912,8000000.0,36005871.0,28005871.0
The Intruder,"May 3, 2019",Mystery,5.5,1912,8000000.0,36005871.0,28005871.0
Truth or Dare,"Apr 13, 2018",Horror,5.2,33621,3500000.0,95127344.0,91627344.0
Truth or Dare,"Apr 13, 2018",Thriller,5.2,33621,3500000.0,95127344.0,91627344.0
Night School,"Sep 28, 2018",Comedy,5.6,23501,29000000.0,103008792.0,74008792.0
I Feel Pretty,"Apr 20, 2018",Comedy,5.4,39936,32000000.0,91553797.0,59553797.0
I Feel Pretty,"Apr 20, 2018",Romance,5.4,39936,32000000.0,91553797.0,59553797.0
The 15:17 to Paris,"Feb 9, 2018",Biography,5.2,21880,30000000.0,56096200.0,26096200.0
The 15:17 to Paris,"Feb 9, 2018",Drama,5.2,21880,30000000.0,56096200.0,26096200.0
The 15:17 to Paris,"Feb 9, 2018",Thriller,5.2,21880,30000000.0,56096200.0,26096200.0
The Kid Who Would Be King,"Jan 25, 2019",Action,6.0,8044,59000000.0,28348446.0,-30651554.0
The Kid Who Would Be King,"Jan 25, 2019",Adventure,6.0,8044,59000000.0,28348446.0,-30651554.0
The Kid Who Would Be King,"Jan 25, 2019",Family,6.0,8044,59000000.0,28348446.0,-30651554.0
Glass,"Jan 18, 2019",Drama,6.8,133793,20000000.0,245303505.0,225303505.0
Glass,"Jan 18, 2019",Sci-Fi,6.8,133793,20000000.0,245303505.0,225303505.0
Glass,"Jan 18, 2019",Thriller,6.8,133793,20000000.0,245303505.0,225303505.0
Peppermint,"Sep 7, 2018",Action,6.5,35854,25000000.0,51800758.0,26800758.0
Peppermint,"Sep 7, 2018",Crime,6.5,35854,25000000.0,51800758.0,26800758.0
Peppermint,"Sep 7, 2018",Drama,6.5,35854,25000000.0,51800758.0,26800758.0
Venus,"Dec 21, 2006",Comedy,5.9,161,6000000.0,7818479.0,1818479.0
Venus,"Dec 21, 2006",Drama,5.9,161,6000000.0,7818479.0,1818479.0
Venus,"Dec 21, 2006",Family,5.9,161,6000000.0,7818479.0,1818479.0
Us,"Mar 22, 2019",Horror,7.1,102511,20000000.0,254210310.0,234210310.0
Us,"Mar 22, 2019",Mystery,7.1,102511,20000000.0,254210310.0,234210310.0
Us,"Mar 22, 2019",Thriller,7.1,102511,20000000.0,254210310.0,234210310.0
Book Club,"May 18, 2018",Comedy,6.1,18728,10000000.0,91113683.0,81113683.0
Book Club,"May 18, 2018",Drama,6.1,18728,10000000.0,91113683.0,81113683.0
Book Club,"May 18, 2018",Romance,6.1,18728,10000000.0,91113683.0,81113683.0
Green Book,"Nov 16, 2018",Biography,8.3,204972,23000000.0,322034439.0,299034439.0
Green Book,"Nov 16, 2018",Comedy,8.3,204972,23000000.0,322034439.0,299034439.0
Green Book,"Nov 16, 2018",Drama,8.3,204972,23000000.0,322034439.0,299034439.0
Mandy,"Sep 14, 2018",Action,6.6,44378,6000000.0,1427656.0,-4572344.0
Mandy,"Sep 14, 2018",Fantasy,6.6,44378,6000000.0,1427656.0,-4572344.0
Mandy,"Sep 14, 2018",Horror,6.6,44378,6000000.0,1427656.0,-4572344.0
Eighth Grade,"Jul 13, 2018",Comedy,7.5,43256,2000000.0,14341016.0,12341016.0
Eighth Grade,"Jul 13, 2018",Drama,7.5,43256,2000000.0,14341016.0,12341016.0
First Man,"Oct 12, 2018",Documentary,6.6,186,60000000.0,105203825.0,45203825.0
A Simple Favor,"Sep 14, 2018",Comedy,6.9,83338,20000000.0,97628717.0,77628717.0
A Simple Favor,"Sep 14, 2018",Crime,6.9,83338,20000000.0,97628717.0,77628717.0
A Simple Favor,"Sep 14, 2018",Drama,6.9,83338,20000000.0,97628717.0,77628717.0
Velvet Buzzsaw,"Feb 1, 2019",Horror,5.7,40213,21000000.0,0.0,-21000000.0
Velvet Buzzsaw,"Feb 1, 2019",Mystery,5.7,40213,21000000.0,0.0,-21000000.0
Velvet Buzzsaw,"Feb 1, 2019",Thriller,5.7,40213,21000000.0,0.0,-21000000.0
The One,"Nov 2, 2001",Comedy,5.4,143,49000000.0,72689126.0,23689126.0
If Beale Street Could Talk,"Dec 14, 2018",Drama,7.2,25512,12000000.0,19859167.0,7859167.0
If Beale Street Could Talk,"Dec 14, 2018",Romance,7.2,25512,12000000.0,19859167.0,7859167.0
Destroyer,"Dec 25, 2018",Action,6.2,13683,9000000.0,3681096.0,-5318904.0
Destroyer,"Dec 25, 2018",Crime,6.2,13683,9000000.0,3681096.0,-5318904.0
Destroyer,"Dec 25, 2018",Drama,6.2,13683,9000000.0,3681096.0,-5318904.0
Breaking In,"May 11, 2018",Action,5.4,10154,6000000.0,51411620.0,45411620.0
Breaking In,"May 11, 2018",Crime,5.4,10154,6000000.0,51411620.0,45411620.0
Breaking In,"May 11, 2018",Drama,5.4,10154,6000000.0,51411620.0,45411620.0
The Guardian,"Sep 29, 2006",Action,7.1,581,70000000.0,94973540.0,24973540.0
The Guardian,"Sep 29, 2006",Animation,7.1,581,70000000.0,94973540.0,24973540.0
The Guardian,"Sep 29, 2006",Fantasy,7.1,581,70000000.0,94973540.0,24973540.0
Unsane,"Mar 23, 2018",Drama,6.4,32049,1500000.0,14244931.0,12744931.0
Unsane,"Mar 23, 2018",Horror,6.4,32049,1500000.0,14244931.0,12744931.0
Unsane,"Mar 23, 2018",Mystery,6.4,32049,1500000.0,14244931.0,12744931.0
Hearts Beat Loud,"Jun 8, 2018",Comedy,6.9,6543,2000000.0,2420962.0,420962.0
Hearts Beat Loud,"Jun 8, 2018",Drama,6.9,6543,2000000.0,2420962.0,420962.0
Hearts Beat Loud,"Jun 8, 2018",Music,6.9,6543,2000000.0,2420962.0,420962.0
Bobby,"Nov 17, 2006",Comedy,6.8,185,14000000.0,20597806.0,6597806.0
Bobby,"Nov 17, 2006",Romance,6.8,185,14000000.0,20597806.0,6597806.0
Volcano,"Apr 25, 1997",Comedy,6.9,172,90000000.0,120100000.0,30100000.0
Volcano,"Apr 25, 1997",Drama,6.9,172,90000000.0,120100000.0,30100000.0
Edmond,"Jul 14, 2006",Comedy,7.5,705,10000000.0,241719.0,-9758281.0
Edmond,"Jul 14, 2006",Drama,7.5,705,10000000.0,241719.0,-9758281.0
Edmond,"Jul 14, 2006",History,7.5,705,10000000.0,241719.0,-9758281.0
The Promise,"Apr 21, 2017",Drama,6.1,629,90000000.0,10551417.0,-79448583.0
The Promise,"Apr 21, 2017",Horror,6.1,629,90000000.0,10551417.0,-79448583.0
The Promise,"Apr 21, 2017",Thriller,6.1,629,90000000.0,10551417.0,-79448583.0
Stitches,"Apr 1, 2013",Drama,7.8,157,2000000.0,63555.0,-1936445.0
Stitches,"Apr 1, 2013",Thriller,7.8,157,2000000.0,63555.0,-1936445.0
Uncle Drew,"Jun 29, 2018",Comedy,5.7,9739,18000000.0,46527161.0,28527161.0
Uncle Drew,"Jun 29, 2018",Sport,5.7,9739,18000000.0,46527161.0,28527161.0
BlacKkKlansman,"Aug 10, 2018",Biography,7.5,149005,15000000.0,93017335.0,78017335.0
BlacKkKlansman,"Aug 10, 2018",Crime,7.5,149005,15000000.0,93017335.0,78017335.0
BlacKkKlansman,"Aug 10, 2018",Drama,7.5,149005,15000000.0,93017335.0,78017335.0
The Interpreter,"Apr 22, 2005",Comedy,6.7,241,90000000.0,162753837.0,72753837.0
The Interpreter,"Apr 22, 2005",Drama,6.7,241,90000000.0,162753837.0,72753837.0
El Chicano,"May 3, 2019",Drama,5.7,290,8000000.0,700261.0,-7299739.0
"Paul, Apostle of Christ","Mar 23, 2018",Adventure,6.7,5662,5000000.0,25529498.0,20529498.0
"Paul, Apostle of Christ","Mar 23, 2018",Biography,6.7,5662,5000000.0,25529498.0,20529498.0
"Paul, Apostle of Christ","Mar 23, 2018",Drama,6.7,5662,5000000.0,25529498.0,20529498.0
Unforgiven,"Aug 7, 1992",Drama,6.3,562,14400000.0,159157447.0,144757447.0
Instant Family,"Nov 16, 2018",Comedy,7.4,46728,48000000.0,119736188.0,71736188.0
Instant Family,"Nov 16, 2018",Drama,7.4,46728,48000000.0,119736188.0,71736188.0
Rust,"Oct 5, 2010",Drama,6.6,377,250000.0,0.0,-250000.0
River's Edge,"May 8, 1987",Crime,6.3,409,1900000.0,4600000.0,2700000.0
What Men Want,"Feb 8, 2019",Comedy,4.9,10141,20000000.0,69911903.0,49911903.0
What Men Want,"Feb 8, 2019",Fantasy,4.9,10141,20000000.0,69911903.0,49911903.0
What Men Want,"Feb 8, 2019",Romance,4.9,10141,20000000.0,69911903.0,49911903.0
Genius,"Jun 10, 2016",Action,4.7,747,17000000.0,7265283.0,-9734717.0
Genius,"Jun 10, 2016",Thriller,4.7,747,17000000.0,7265283.0,-9734717.0
Hereditary,"Jun 8, 2018",Drama,7.3,151571,10000000.0,70133905.0,60133905.0
Hereditary,"Jun 8, 2018",Horror,7.3,151571,10000000.0,70133905.0,60133905.0
Hereditary,"Jun 8, 2018",Mystery,7.3,151571,10000000.0,70133905.0,60133905.0
Conviction,"Oct 15, 2010",Drama,7.0,234,12500000.0,11826980.0,-673020.0
Abduction,"Sep 23, 2011",Action,6.1,1592,35000000.0,86648359.0,51648359.0
Abduction,"Sep 23, 2011",Sci-Fi,6.1,1592,35000000.0,86648359.0,51648359.0
The Mule,"Dec 14, 2018",Crime,7.1,58955,50000000.0,170857676.0,120857676.0
The Mule,"Dec 14, 2018",Drama,7.1,58955,50000000.0,170857676.0,120857676.0
The Mule,"Dec 14, 2018",Thriller,7.1,58955,50000000.0,170857676.0,120857676.0
Dragon Ball Super: Broly,"Jan 16, 2019",Action,8.0,16465,8500000.0,122747755.0,114247755.0
Dragon Ball Super: Broly,"Jan 16, 2019",Adventure,8.0,16465,8500000.0,122747755.0,114247755.0
Dragon Ball Super: Broly,"Jan 16, 2019",Animation,8.0,16465,8500000.0,122747755.0,114247755.0
Sabrina,"Dec 15, 1995",Horror,4.3,971,58000000.0,87100000.0,29100000.0
Sabrina,"Dec 15, 1995",Thriller,4.3,971,58000000.0,87100000.0,29100000.0
Boomerang,"Jul 1, 1992",Action,5.8,218,42000000.0,131052444.0,89052444.0
Boomerang,"Jul 1, 1992",Thriller,5.8,218,42000000.0,131052444.0,89052444.0
Teefa in Trouble,"Jul 20, 2018",Action,7.4,2724,1500000.0,98806.0,-1401194.0
Teefa in Trouble,"Jul 20, 2018",Comedy,7.4,2724,1500000.0,98806.0,-1401194.0
Teefa in Trouble,"Jul 20, 2018",Crime,7.4,2724,1500000.0,98806.0,-1401194.0
The Watcher,"Sep 8, 2000",Horror,4.4,554,33000000.0,47267829.0,14267829.0
The Watcher,"Sep 8, 2000",Mystery,4.4,554,33000000.0,47267829.0,14267829.0
The Watcher,"Sep 8, 2000",Thriller,4.4,554,33000000.0,47267829.0,14267829.0
Happy Death Day 2U,"Feb 13, 2019",Drama,6.3,27462,9000000.0,64179495.0,55179495.0
Happy Death Day 2U,"Feb 13, 2019",Horror,6.3,27462,9000000.0,64179495.0,55179495.0
Happy Death Day 2U,"Feb 13, 2019",Mystery,6.3,27462,9000000.0,64179495.0,55179495.0
All You Need Is Love,"Oct 31, 2014",Comedy,5.8,244,300000.0,3565259.0,3265259.0
All You Need Is Love,"Oct 31, 2014",Romance,5.8,244,300000.0,3565259.0,3265259.0
Wolf,"Jun 17, 1994",Action,7.3,1555,70000000.0,131011757.0,61011757.0
Wolf,"Jun 17, 1994",Thriller,7.3,1555,70000000.0,131011757.0,61011757.0
Wolf,"Jun 17, 1994",War,7.3,1555,70000000.0,131011757.0,61011757.0
Blinded by the Light,"Aug 14, 2019",Biography,6.2,173,15000000.0,0.0,-15000000.0
Blinded by the Light,"Aug 14, 2019",Comedy,6.2,173,15000000.0,0.0,-15000000.0
Blinded by the Light,"Aug 14, 2019",Drama,6.2,173,15000000.0,0.0,-15000000.0
One Day,"Aug 19, 2011",Drama,7.2,501,15000000.0,59168692.0,44168692.0
Witness,"Feb 8, 1985",Thriller,7.1,133,12000000.0,65532576.0,53532576.0
Swingers,"Oct 18, 1996",Comedy,4.2,103,200000.0,6618578.0,6418578.0
Fahrenheit 11/9,"Sep 21, 2018",Documentary,6.7,11628,5000000.0,6653715.0,1653715.0
The Messenger,"Nov 13, 2009",Drama,5.8,112,6500000.0,1744952.0,-4755048.0
The Messenger,"Nov 13, 2009",Thriller,5.8,112,6500000.0,1744952.0,-4755048.0
The Messenger,"Nov 13, 2009",War,5.8,112,6500000.0,1744952.0,-4755048.0
The Island,"Jul 22, 2005",Comedy,6.2,1001,120000000.0,163018913.0,43018913.0
The Island,"Jun 13, 1980",Comedy,6.2,1001,22000000.0,15716828.0,-6283172.0
The Island,"Jul 22, 2005",Drama,6.2,1001,120000000.0,163018913.0,43018913.0
The Island,"Jun 13, 1980",Drama,6.2,1001,22000000.0,15716828.0,-6283172.0
Joy,"Dec 25, 2015",Drama,6.5,430,60000000.0,101134059.0,41134059.0
Virus,"Jan 15, 1999",Drama,8.6,372,75000000.0,30626690.0,-44373310.0
Virus,"Jan 15, 1999",Thriller,8.6,372,75000000.0,30626690.0,-44373310.0
Unplanned,"Mar 29, 2019",Biography,6.3,5945,6000000.0,18107621.0,12107621.0
Unplanned,"Mar 29, 2019",Drama,6.3,5945,6000000.0,18107621.0,12107621.0
Unstoppable,"Nov 12, 2010",Action,6.5,576,95000000.0,165720921.0,70720921.0
Unstoppable,"Nov 12, 2010",Crime,6.5,576,95000000.0,165720921.0,70720921.0
